verse_index,verse_id,chapter_number,verse_number,chapter_verses,verse_id_arabic
1,1:1,1,1,7,١:١
2,1:2,1,2,7,٢:١
3,1:3,1,3,7,٣:١
4,1:4,1,4,7,٤:١
5,1:5,1,5,7,٥:١
6,1:6,1,6,7,٦:١
7,1:7,1,7,7,٧:١
1370,10:0,10,0,109,٠:١٠
1371,10:1,10,1,109,١:١٠
1380,10:10,10,10,109,١٠:١٠
1470,10:100,10,100,109,١٠٠:١٠
1471,10:101,10,101,109,١٠١:١٠
1472,10:102,10,102,109,١٠٢:١٠
1473,10:103,10,103,109,١٠٣:١٠
1474,10:104,10,104,109,١٠٤:١٠
1475,10:105,10,105,109,١٠٥:١٠
1476,10:106,10,106,109,١٠٦:١٠
1477,10:107,10,107,109,١٠٧:١٠
1478,10:108,10,108,109,١٠٨:١٠
1479,10:109,10,109,109,١٠٩:١٠
1381,10:11,10,11,109,١١:١٠
1382,10:12,10,12,109,١٢:١٠
1383,10:13,10,13,109,١٣:١٠
1384,10:14,10,14,109,١٤:١٠
1385,10:15,10,15,109,١٥:١٠
1386,10:16,10,16,109,١٦:١٠
1387,10:17,10,17,109,١٧:١٠
1388,10:18,10,18,109,١٨:١٠
1389,10:19,10,19,109,١٩:١٠
1372,10:2,10,2,109,٢:١٠
1390,10:20,10,20,109,٢٠:١٠
1391,10:21,10,21,109,٢١:١٠
1392,10:22,10,22,109,٢٢:١٠
1393,10:23,10,23,109,٢٣:١٠
1394,10:24,10,24,109,٢٤:١٠
1395,10:25,10,25,109,٢٥:١٠
1396,10:26,10,26,109,٢٦:١٠
1397,10:27,10,27,109,٢٧:١٠
1398,10:28,10,28,109,٢٨:١٠
1399,10:29,10,29,109,٢٩:١٠
1373,10:3,10,3,109,٣:١٠
1400,10:30,10,30,109,٣٠:١٠
1401,10:31,10,31,109,٣١:١٠
1402,10:32,10,32,109,٣٢:١٠
1403,10:33,10,33,109,٣٣:١٠
1404,10:34,10,34,109,٣٤:١٠
1405,10:35,10,35,109,٣٥:١٠
1406,10:36,10,36,109,٣٦:١٠
1407,10:37,10,37,109,٣٧:١٠
1408,10:38,10,38,109,٣٨:١٠
1409,10:39,10,39,109,٣٩:١٠
1374,10:4,10,4,109,٤:١٠
1410,10:40,10,40,109,٤٠:١٠
1411,10:41,10,41,109,٤١:١٠
1412,10:42,10,42,109,٤٢:١٠
1413,10:43,10,43,109,٤٣:١٠
1414,10:44,10,44,109,٤٤:١٠
1415,10:45,10,45,109,٤٥:١٠
1416,10:46,10,46,109,٤٦:١٠
1417,10:47,10,47,109,٤٧:١٠
1418,10:48,10,48,109,٤٨:١٠
1419,10:49,10,49,109,٤٩:١٠
1375,10:5,10,5,109,٥:١٠
1420,10:50,10,50,109,٥٠:١٠
1421,10:51,10,51,109,٥١:١٠
1422,10:52,10,52,109,٥٢:١٠
1423,10:53,10,53,109,٥٣:١٠
1424,10:54,10,54,109,٥٤:١٠
1425,10:55,10,55,109,٥٥:١٠
1426,10:56,10,56,109,٥٦:١٠
1427,10:57,10,57,109,٥٧:١٠
1428,10:58,10,58,109,٥٨:١٠
1429,10:59,10,59,109,٥٩:١٠
1376,10:6,10,6,109,٦:١٠
1430,10:60,10,60,109,٦٠:١٠
1431,10:61,10,61,109,٦١:١٠
1432,10:62,10,62,109,٦٢:١٠
1433,10:63,10,63,109,٦٣:١٠
1434,10:64,10,64,109,٦٤:١٠
1435,10:65,10,65,109,٦٥:١٠
1436,10:66,10,66,109,٦٦:١٠
1437,10:67,10,67,109,٦٧:١٠
1438,10:68,10,68,109,٦٨:١٠
1439,10:69,10,69,109,٦٩:١٠
1377,10:7,10,7,109,٧:١٠
1440,10:70,10,70,109,٧٠:١٠
1441,10:71,10,71,109,٧١:١٠
1442,10:72,10,72,109,٧٢:١٠
1443,10:73,10,73,109,٧٣:١٠
1444,10:74,10,74,109,٧٤:١٠
1445,10:75,10,75,109,٧٥:١٠
1446,10:76,10,76,109,٧٦:١٠
1447,10:77,10,77,109,٧٧:١٠
1448,10:78,10,78,109,٧٨:١٠
1449,10:79,10,79,109,٧٩:١٠
1378,10:8,10,8,109,٨:١٠
1450,10:80,10,80,109,٨٠:١٠
1451,10:81,10,81,109,٨١:١٠
1452,10:82,10,82,109,٨٢:١٠
1453,10:83,10,83,109,٨٣:١٠
1454,10:84,10,84,109,٨٤:١٠
1455,10:85,10,85,109,٨٥:١٠
1456,10:86,10,86,109,٨٦:١٠
1457,10:87,10,87,109,٨٧:١٠
1458,10:88,10,88,109,٨٨:١٠
1459,10:89,10,89,109,٨٩:١٠
1379,10:9,10,9,109,٩:١٠
1460,10:90,10,90,109,٩٠:١٠
1461,10:91,10,91,109,٩١:١٠
1462,10:92,10,92,109,٩٢:١٠
1463,10:93,10,93,109,٩٣:١٠
1464,10:94,10,94,109,٩٤:١٠
1465,10:95,10,95,109,٩٥:١٠
1466,10:96,10,96,109,٩٦:١٠
1467,10:97,10,97,109,٩٧:١٠
1468,10:98,10,98,109,٩٨:١٠
1469,10:99,10,99,109,٩٩:١٠
6242,100:0,100,0,11,٠:١٠٠
6243,100:1,100,1,11,١:١٠٠
6252,100:10,100,10,11,١٠:١٠٠
6253,100:11,100,11,11,١١:١٠٠
6244,100:2,100,2,11,٢:١٠٠
6245,100:3,100,3,11,٣:١٠٠
6246,100:4,100,4,11,٤:١٠٠
6247,100:5,100,5,11,٥:١٠٠
6248,100:6,100,6,11,٦:١٠٠
6249,100:7,100,7,11,٧:١٠٠
6250,100:8,100,8,11,٨:١٠٠
6251,100:9,100,9,11,٩:١٠٠
6254,101:0,101,0,11,٠:١٠١
6255,101:1,101,1,11,١:١٠١
6264,101:10,101,10,11,١٠:١٠١
6265,101:11,101,11,11,١١:١٠١
6256,101:2,101,2,11,٢:١٠١
6257,101:3,101,3,11,٣:١٠١
6258,101:4,101,4,11,٤:١٠١
6259,101:5,101,5,11,٥:١٠١
6260,101:6,101,6,11,٦:١٠١
6261,101:7,101,7,11,٧:١٠١
6262,101:8,101,8,11,٨:١٠١
6263,101:9,101,9,11,٩:١٠١
6266,102:0,102,0,8,٠:١٠٢
6267,102:1,102,1,8,١:١٠٢
6268,102:2,102,2,8,٢:١٠٢
6269,102:3,102,3,8,٣:١٠٢
6270,102:4,102,4,8,٤:١٠٢
6271,102:5,102,5,8,٥:١٠٢
6272,102:6,102,6,8,٦:١٠٢
6273,102:7,102,7,8,٧:١٠٢
6274,102:8,102,8,8,٨:١٠٢
6275,103:0,103,0,3,٠:١٠٣
6276,103:1,103,1,3,١:١٠٣
6277,103:2,103,2,3,٢:١٠٣
6278,103:3,103,3,3,٣:١٠٣
6279,104:0,104,0,9,٠:١٠٤
6280,104:1,104,1,9,١:١٠٤
6281,104:2,104,2,9,٢:١٠٤
6282,104:3,104,3,9,٣:١٠٤
6283,104:4,104,4,9,٤:١٠٤
6284,104:5,104,5,9,٥:١٠٤
6285,104:6,104,6,9,٦:١٠٤
6286,104:7,104,7,9,٧:١٠٤
6287,104:8,104,8,9,٨:١٠٤
6288,104:9,104,9,9,٩:١٠٤
6289,105:0,105,0,5,٠:١٠٥
6290,105:1,105,1,5,١:١٠٥
6291,105:2,105,2,5,٢:١٠٥
6292,105:3,105,3,5,٣:١٠٥
6293,105:4,105,4,5,٤:١٠٥
6294,105:5,105,5,5,٥:١٠٥
6295,106:0,106,0,4,٠:١٠٦
6296,106:1,106,1,4,١:١٠٦
6297,106:2,106,2,4,٢:١٠٦
6298,106:3,106,3,4,٣:١٠٦
6299,106:4,106,4,4,٤:١٠٦
6300,107:0,107,0,7,٠:١٠٧
6301,107:1,107,1,7,١:١٠٧
6302,107:2,107,2,7,٢:١٠٧
6303,107:3,107,3,7,٣:١٠٧
6304,107:4,107,4,7,٤:١٠٧
6305,107:5,107,5,7,٥:١٠٧
6306,107:6,107,6,7,٦:١٠٧
6307,107:7,107,7,7,٧:١٠٧
6308,108:0,108,0,3,٠:١٠٨
6309,108:1,108,1,3,١:١٠٨
6310,108:2,108,2,3,٢:١٠٨
6311,108:3,108,3,3,٣:١٠٨
6312,109:0,109,0,6,٠:١٠٩
6313,109:1,109,1,6,١:١٠٩
6314,109:2,109,2,6,٢:١٠٩
6315,109:3,109,3,6,٣:١٠٩
6316,109:4,109,4,6,٤:١٠٩
6317,109:5,109,5,6,٥:١٠٩
6318,109:6,109,6,6,٦:١٠٩
1480,11:0,11,0,123,٠:١١
1481,11:1,11,1,123,١:١١
1490,11:10,11,10,123,١٠:١١
1580,11:100,11,100,123,١٠٠:١١
1581,11:101,11,101,123,١٠١:١١
1582,11:102,11,102,123,١٠٢:١١
1583,11:103,11,103,123,١٠٣:١١
1584,11:104,11,104,123,١٠٤:١١
1585,11:105,11,105,123,١٠٥:١١
1586,11:106,11,106,123,١٠٦:١١
1587,11:107,11,107,123,١٠٧:١١
1588,11:108,11,108,123,١٠٨:١١
1589,11:109,11,109,123,١٠٩:١١
1491,11:11,11,11,123,١١:١١
1590,11:110,11,110,123,١١٠:١١
1591,11:111,11,111,123,١١١:١١
1592,11:112,11,112,123,١١٢:١١
1593,11:113,11,113,123,١١٣:١١
1594,11:114,11,114,123,١١٤:١١
1595,11:115,11,115,123,١١٥:١١
1596,11:116,11,116,123,١١٦:١١
1597,11:117,11,117,123,١١٧:١١
1598,11:118,11,118,123,١١٨:١١
1599,11:119,11,119,123,١١٩:١١
1492,11:12,11,12,123,١٢:١١
1600,11:120,11,120,123,١٢٠:١١
1601,11:121,11,121,123,١٢١:١١
1602,11:122,11,122,123,١٢٢:١١
1603,11:123,11,123,123,١٢٣:١١
1493,11:13,11,13,123,١٣:١١
1494,11:14,11,14,123,١٤:١١
1495,11:15,11,15,123,١٥:١١
1496,11:16,11,16,123,١٦:١١
1497,11:17,11,17,123,١٧:١١
1498,11:18,11,18,123,١٨:١١
1499,11:19,11,19,123,١٩:١١
1482,11:2,11,2,123,٢:١١
1500,11:20,11,20,123,٢٠:١١
1501,11:21,11,21,123,٢١:١١
1502,11:22,11,22,123,٢٢:١١
1503,11:23,11,23,123,٢٣:١١
1504,11:24,11,24,123,٢٤:١١
1505,11:25,11,25,123,٢٥:١١
1506,11:26,11,26,123,٢٦:١١
1507,11:27,11,27,123,٢٧:١١
1508,11:28,11,28,123,٢٨:١١
1509,11:29,11,29,123,٢٩:١١
1483,11:3,11,3,123,٣:١١
1510,11:30,11,30,123,٣٠:١١
1511,11:31,11,31,123,٣١:١١
1512,11:32,11,32,123,٣٢:١١
1513,11:33,11,33,123,٣٣:١١
1514,11:34,11,34,123,٣٤:١١
1515,11:35,11,35,123,٣٥:١١
1516,11:36,11,36,123,٣٦:١١
1517,11:37,11,37,123,٣٧:١١
1518,11:38,11,38,123,٣٨:١١
1519,11:39,11,39,123,٣٩:١١
1484,11:4,11,4,123,٤:١١
1520,11:40,11,40,123,٤٠:١١
1521,11:41,11,41,123,٤١:١١
1522,11:42,11,42,123,٤٢:١١
1523,11:43,11,43,123,٤٣:١١
1524,11:44,11,44,123,٤٤:١١
1525,11:45,11,45,123,٤٥:١١
1526,11:46,11,46,123,٤٦:١١
1527,11:47,11,47,123,٤٧:١١
1528,11:48,11,48,123,٤٨:١١
1529,11:49,11,49,123,٤٩:١١
1485,11:5,11,5,123,٥:١١
1530,11:50,11,50,123,٥٠:١١
1531,11:51,11,51,123,٥١:١١
1532,11:52,11,52,123,٥٢:١١
1533,11:53,11,53,123,٥٣:١١
1534,11:54,11,54,123,٥٤:١١
1535,11:55,11,55,123,٥٥:١١
1536,11:56,11,56,123,٥٦:١١
1537,11:57,11,57,123,٥٧:١١
1538,11:58,11,58,123,٥٨:١١
1539,11:59,11,59,123,٥٩:١١
1486,11:6,11,6,123,٦:١١
1540,11:60,11,60,123,٦٠:١١
1541,11:61,11,61,123,٦١:١١
1542,11:62,11,62,123,٦٢:١١
1543,11:63,11,63,123,٦٣:١١
1544,11:64,11,64,123,٦٤:١١
1545,11:65,11,65,123,٦٥:١١
1546,11:66,11,66,123,٦٦:١١
1547,11:67,11,67,123,٦٧:١١
1548,11:68,11,68,123,٦٨:١١
1549,11:69,11,69,123,٦٩:١١
1487,11:7,11,7,123,٧:١١
1550,11:70,11,70,123,٧٠:١١
1551,11:71,11,71,123,٧١:١١
1552,11:72,11,72,123,٧٢:١١
1553,11:73,11,73,123,٧٣:١١
1554,11:74,11,74,123,٧٤:١١
1555,11:75,11,75,123,٧٥:١١
1556,11:76,11,76,123,٧٦:١١
1557,11:77,11,77,123,٧٧:١١
1558,11:78,11,78,123,٧٨:١١
1559,11:79,11,79,123,٧٩:١١
1488,11:8,11,8,123,٨:١١
1560,11:80,11,80,123,٨٠:١١
1561,11:81,11,81,123,٨١:١١
1562,11:82,11,82,123,٨٢:١١
1563,11:83,11,83,123,٨٣:١١
1564,11:84,11,84,123,٨٤:١١
1565,11:85,11,85,123,٨٥:١١
1566,11:86,11,86,123,٨٦:١١
1567,11:87,11,87,123,٨٧:١١
1568,11:88,11,88,123,٨٨:١١
1569,11:89,11,89,123,٨٩:١١
1489,11:9,11,9,123,٩:١١
1570,11:90,11,90,123,٩٠:١١
1571,11:91,11,91,123,٩١:١١
1572,11:92,11,92,123,٩٢:١١
1573,11:93,11,93,123,٩٣:١١
1574,11:94,11,94,123,٩٤:١١
1575,11:95,11,95,123,٩٥:١١
1576,11:96,11,96,123,٩٦:١١
1577,11:97,11,97,123,٩٧:١١
1578,11:98,11,98,123,٩٨:١١
1579,11:99,11,99,123,٩٩:١١
6319,110:0,110,0,3,٠:١١٠
6320,110:1,110,1,3,١:١١٠
6321,110:2,110,2,3,٢:١١٠
6322,110:3,110,3,3,٣:١١٠
6323,111:0,111,0,5,٠:١١١
6324,111:1,111,1,5,١:١١١
6325,111:2,111,2,5,٢:١١١
6326,111:3,111,3,5,٣:١١١
6327,111:4,111,4,5,٤:١١١
6328,111:5,111,5,5,٥:١١١
6329,112:0,112,0,4,٠:١١٢
6330,112:1,112,1,4,١:١١٢
6331,112:2,112,2,4,٢:١١٢
6332,112:3,112,3,4,٣:١١٢
6333,112:4,112,4,4,٤:١١٢
6334,113:0,113,0,5,٠:١١٣
6335,113:1,113,1,5,١:١١٣
6336,113:2,113,2,5,٢:١١٣
6337,113:3,113,3,5,٣:١١٣
6338,113:4,113,4,5,٤:١١٣
6339,113:5,113,5,5,٥:١١٣
6340,114:0,114,0,6,٠:١١٤
6341,114:1,114,1,6,١:١١٤
6342,114:2,114,2,6,٢:١١٤
6343,114:3,114,3,6,٣:١١٤
6344,114:4,114,4,6,٤:١١٤
6345,114:5,114,5,6,٥:١١٤
6346,114:6,114,6,6,٦:١١٤
1604,12:0,12,0,111,٠:١٢
1605,12:1,12,1,111,١:١٢
1614,12:10,12,10,111,١٠:١٢
1704,12:100,12,100,111,١٠٠:١٢
1705,12:101,12,101,111,١٠١:١٢
1706,12:102,12,102,111,١٠٢:١٢
1707,12:103,12,103,111,١٠٣:١٢
1708,12:104,12,104,111,١٠٤:١٢
1709,12:105,12,105,111,١٠٥:١٢
1710,12:106,12,106,111,١٠٦:١٢
1711,12:107,12,107,111,١٠٧:١٢
1712,12:108,12,108,111,١٠٨:١٢
1713,12:109,12,109,111,١٠٩:١٢
1615,12:11,12,11,111,١١:١٢
1714,12:110,12,110,111,١١٠:١٢
1715,12:111,12,111,111,١١١:١٢
1616,12:12,12,12,111,١٢:١٢
1617,12:13,12,13,111,١٣:١٢
1618,12:14,12,14,111,١٤:١٢
1619,12:15,12,15,111,١٥:١٢
1620,12:16,12,16,111,١٦:١٢
1621,12:17,12,17,111,١٧:١٢
1622,12:18,12,18,111,١٨:١٢
1623,12:19,12,19,111,١٩:١٢
1606,12:2,12,2,111,٢:١٢
1624,12:20,12,20,111,٢٠:١٢
1625,12:21,12,21,111,٢١:١٢
1626,12:22,12,22,111,٢٢:١٢
1627,12:23,12,23,111,٢٣:١٢
1628,12:24,12,24,111,٢٤:١٢
1629,12:25,12,25,111,٢٥:١٢
1630,12:26,12,26,111,٢٦:١٢
1631,12:27,12,27,111,٢٧:١٢
1632,12:28,12,28,111,٢٨:١٢
1633,12:29,12,29,111,٢٩:١٢
1607,12:3,12,3,111,٣:١٢
1634,12:30,12,30,111,٣٠:١٢
1635,12:31,12,31,111,٣١:١٢
1636,12:32,12,32,111,٣٢:١٢
1637,12:33,12,33,111,٣٣:١٢
1638,12:34,12,34,111,٣٤:١٢
1639,12:35,12,35,111,٣٥:١٢
1640,12:36,12,36,111,٣٦:١٢
1641,12:37,12,37,111,٣٧:١٢
1642,12:38,12,38,111,٣٨:١٢
1643,12:39,12,39,111,٣٩:١٢
1608,12:4,12,4,111,٤:١٢
1644,12:40,12,40,111,٤٠:١٢
1645,12:41,12,41,111,٤١:١٢
1646,12:42,12,42,111,٤٢:١٢
1647,12:43,12,43,111,٤٣:١٢
1648,12:44,12,44,111,٤٤:١٢
1649,12:45,12,45,111,٤٥:١٢
1650,12:46,12,46,111,٤٦:١٢
1651,12:47,12,47,111,٤٧:١٢
1652,12:48,12,48,111,٤٨:١٢
1653,12:49,12,49,111,٤٩:١٢
1609,12:5,12,5,111,٥:١٢
1654,12:50,12,50,111,٥٠:١٢
1655,12:51,12,51,111,٥١:١٢
1656,12:52,12,52,111,٥٢:١٢
1657,12:53,12,53,111,٥٣:١٢
1658,12:54,12,54,111,٥٤:١٢
1659,12:55,12,55,111,٥٥:١٢
1660,12:56,12,56,111,٥٦:١٢
1661,12:57,12,57,111,٥٧:١٢
1662,12:58,12,58,111,٥٨:١٢
1663,12:59,12,59,111,٥٩:١٢
1610,12:6,12,6,111,٦:١٢
1664,12:60,12,60,111,٦٠:١٢
1665,12:61,12,61,111,٦١:١٢
1666,12:62,12,62,111,٦٢:١٢
1667,12:63,12,63,111,٦٣:١٢
1668,12:64,12,64,111,٦٤:١٢
1669,12:65,12,65,111,٦٥:١٢
1670,12:66,12,66,111,٦٦:١٢
1671,12:67,12,67,111,٦٧:١٢
1672,12:68,12,68,111,٦٨:١٢
1673,12:69,12,69,111,٦٩:١٢
1611,12:7,12,7,111,٧:١٢
1674,12:70,12,70,111,٧٠:١٢
1675,12:71,12,71,111,٧١:١٢
1676,12:72,12,72,111,٧٢:١٢
1677,12:73,12,73,111,٧٣:١٢
1678,12:74,12,74,111,٧٤:١٢
1679,12:75,12,75,111,٧٥:١٢
1680,12:76,12,76,111,٧٦:١٢
1681,12:77,12,77,111,٧٧:١٢
1682,12:78,12,78,111,٧٨:١٢
1683,12:79,12,79,111,٧٩:١٢
1612,12:8,12,8,111,٨:١٢
1684,12:80,12,80,111,٨٠:١٢
1685,12:81,12,81,111,٨١:١٢
1686,12:82,12,82,111,٨٢:١٢
1687,12:83,12,83,111,٨٣:١٢
1688,12:84,12,84,111,٨٤:١٢
1689,12:85,12,85,111,٨٥:١٢
1690,12:86,12,86,111,٨٦:١٢
1691,12:87,12,87,111,٨٧:١٢
1692,12:88,12,88,111,٨٨:١٢
1693,12:89,12,89,111,٨٩:١٢
1613,12:9,12,9,111,٩:١٢
1694,12:90,12,90,111,٩٠:١٢
1695,12:91,12,91,111,٩١:١٢
1696,12:92,12,92,111,٩٢:١٢
1697,12:93,12,93,111,٩٣:١٢
1698,12:94,12,94,111,٩٤:١٢
1699,12:95,12,95,111,٩٥:١٢
1700,12:96,12,96,111,٩٦:١٢
1701,12:97,12,97,111,٩٧:١٢
1702,12:98,12,98,111,٩٨:١٢
1703,12:99,12,99,111,٩٩:١٢
1716,13:0,13,0,43,٠:١٣
1717,13:1,13,1,43,١:١٣
1726,13:10,13,10,43,١٠:١٣
1727,13:11,13,11,43,١١:١٣
1728,13:12,13,12,43,١٢:١٣
1729,13:13,13,13,43,١٣:١٣
1730,13:14,13,14,43,١٤:١٣
1731,13:15,13,15,43,١٥:١٣
1732,13:16,13,16,43,١٦:١٣
1733,13:17,13,17,43,١٧:١٣
1734,13:18,13,18,43,١٨:١٣
1735,13:19,13,19,43,١٩:١٣
1718,13:2,13,2,43,٢:١٣
1736,13:20,13,20,43,٢٠:١٣
1737,13:21,13,21,43,٢١:١٣
1738,13:22,13,22,43,٢٢:١٣
1739,13:23,13,23,43,٢٣:١٣
1740,13:24,13,24,43,٢٤:١٣
1741,13:25,13,25,43,٢٥:١٣
1742,13:26,13,26,43,٢٦:١٣
1743,13:27,13,27,43,٢٧:١٣
1744,13:28,13,28,43,٢٨:١٣
1745,13:29,13,29,43,٢٩:١٣
1719,13:3,13,3,43,٣:١٣
1746,13:30,13,30,43,٣٠:١٣
1747,13:31,13,31,43,٣١:١٣
1748,13:32,13,32,43,٣٢:١٣
1749,13:33,13,33,43,٣٣:١٣
1750,13:34,13,34,43,٣٤:١٣
1751,13:35,13,35,43,٣٥:١٣
1752,13:36,13,36,43,٣٦:١٣
1753,13:37,13,37,43,٣٧:١٣
1754,13:38,13,38,43,٣٨:١٣
1755,13:39,13,39,43,٣٩:١٣
1720,13:4,13,4,43,٤:١٣
1756,13:40,13,40,43,٤٠:١٣
1757,13:41,13,41,43,٤١:١٣
1758,13:42,13,42,43,٤٢:١٣
1759,13:43,13,43,43,٤٣:١٣
1721,13:5,13,5,43,٥:١٣
1722,13:6,13,6,43,٦:١٣
1723,13:7,13,7,43,٧:١٣
1724,13:8,13,8,43,٨:١٣
1725,13:9,13,9,43,٩:١٣
1760,14:0,14,0,52,٠:١٤
1761,14:1,14,1,52,١:١٤
1770,14:10,14,10,52,١٠:١٤
1771,14:11,14,11,52,١١:١٤
1772,14:12,14,12,52,١٢:١٤
1773,14:13,14,13,52,١٣:١٤
1774,14:14,14,14,52,١٤:١٤
1775,14:15,14,15,52,١٥:١٤
1776,14:16,14,16,52,١٦:١٤
1777,14:17,14,17,52,١٧:١٤
1778,14:18,14,18,52,١٨:١٤
1779,14:19,14,19,52,١٩:١٤
1762,14:2,14,2,52,٢:١٤
1780,14:20,14,20,52,٢٠:١٤
1781,14:21,14,21,52,٢١:١٤
1782,14:22,14,22,52,٢٢:١٤
1783,14:23,14,23,52,٢٣:١٤
1784,14:24,14,24,52,٢٤:١٤
1785,14:25,14,25,52,٢٥:١٤
1786,14:26,14,26,52,٢٦:١٤
1787,14:27,14,27,52,٢٧:١٤
1788,14:28,14,28,52,٢٨:١٤
1789,14:29,14,29,52,٢٩:١٤
1763,14:3,14,3,52,٣:١٤
1790,14:30,14,30,52,٣٠:١٤
1791,14:31,14,31,52,٣١:١٤
1792,14:32,14,32,52,٣٢:١٤
1793,14:33,14,33,52,٣٣:١٤
1794,14:34,14,34,52,٣٤:١٤
1795,14:35,14,35,52,٣٥:١٤
1796,14:36,14,36,52,٣٦:١٤
1797,14:37,14,37,52,٣٧:١٤
1798,14:38,14,38,52,٣٨:١٤
1799,14:39,14,39,52,٣٩:١٤
1764,14:4,14,4,52,٤:١٤
1800,14:40,14,40,52,٤٠:١٤
1801,14:41,14,41,52,٤١:١٤
1802,14:42,14,42,52,٤٢:١٤
1803,14:43,14,43,52,٤٣:١٤
1804,14:44,14,44,52,٤٤:١٤
1805,14:45,14,45,52,٤٥:١٤
1806,14:46,14,46,52,٤٦:١٤
1807,14:47,14,47,52,٤٧:١٤
1808,14:48,14,48,52,٤٨:١٤
1809,14:49,14,49,52,٤٩:١٤
1765,14:5,14,5,52,٥:١٤
1810,14:50,14,50,52,٥٠:١٤
1811,14:51,14,51,52,٥١:١٤
1812,14:52,14,52,52,٥٢:١٤
1766,14:6,14,6,52,٦:١٤
1767,14:7,14,7,52,٧:١٤
1768,14:8,14,8,52,٨:١٤
1769,14:9,14,9,52,٩:١٤
1813,15:0,15,0,99,٠:١٥
1814,15:1,15,1,99,١:١٥
1823,15:10,15,10,99,١٠:١٥
1824,15:11,15,11,99,١١:١٥
1825,15:12,15,12,99,١٢:١٥
1826,15:13,15,13,99,١٣:١٥
1827,15:14,15,14,99,١٤:١٥
1828,15:15,15,15,99,١٥:١٥
1829,15:16,15,16,99,١٦:١٥
1830,15:17,15,17,99,١٧:١٥
1831,15:18,15,18,99,١٨:١٥
1832,15:19,15,19,99,١٩:١٥
1815,15:2,15,2,99,٢:١٥
1833,15:20,15,20,99,٢٠:١٥
1834,15:21,15,21,99,٢١:١٥
1835,15:22,15,22,99,٢٢:١٥
1836,15:23,15,23,99,٢٣:١٥
1837,15:24,15,24,99,٢٤:١٥
1838,15:25,15,25,99,٢٥:١٥
1839,15:26,15,26,99,٢٦:١٥
1840,15:27,15,27,99,٢٧:١٥
1841,15:28,15,28,99,٢٨:١٥
1842,15:29,15,29,99,٢٩:١٥
1816,15:3,15,3,99,٣:١٥
1843,15:30,15,30,99,٣٠:١٥
1844,15:31,15,31,99,٣١:١٥
1845,15:32,15,32,99,٣٢:١٥
1846,15:33,15,33,99,٣٣:١٥
1847,15:34,15,34,99,٣٤:١٥
1848,15:35,15,35,99,٣٥:١٥
1849,15:36,15,36,99,٣٦:١٥
1850,15:37,15,37,99,٣٧:١٥
1851,15:38,15,38,99,٣٨:١٥
1852,15:39,15,39,99,٣٩:١٥
1817,15:4,15,4,99,٤:١٥
1853,15:40,15,40,99,٤٠:١٥
1854,15:41,15,41,99,٤١:١٥
1855,15:42,15,42,99,٤٢:١٥
1856,15:43,15,43,99,٤٣:١٥
1857,15:44,15,44,99,٤٤:١٥
1858,15:45,15,45,99,٤٥:١٥
1859,15:46,15,46,99,٤٦:١٥
1860,15:47,15,47,99,٤٧:١٥
1861,15:48,15,48,99,٤٨:١٥
1862,15:49,15,49,99,٤٩:١٥
1818,15:5,15,5,99,٥:١٥
1863,15:50,15,50,99,٥٠:١٥
1864,15:51,15,51,99,٥١:١٥
1865,15:52,15,52,99,٥٢:١٥
1866,15:53,15,53,99,٥٣:١٥
1867,15:54,15,54,99,٥٤:١٥
1868,15:55,15,55,99,٥٥:١٥
1869,15:56,15,56,99,٥٦:١٥
1870,15:57,15,57,99,٥٧:١٥
1871,15:58,15,58,99,٥٨:١٥
1872,15:59,15,59,99,٥٩:١٥
1819,15:6,15,6,99,٦:١٥
1873,15:60,15,60,99,٦٠:١٥
1874,15:61,15,61,99,٦١:١٥
1875,15:62,15,62,99,٦٢:١٥
1876,15:63,15,63,99,٦٣:١٥
1877,15:64,15,64,99,٦٤:١٥
1878,15:65,15,65,99,٦٥:١٥
1879,15:66,15,66,99,٦٦:١٥
1880,15:67,15,67,99,٦٧:١٥
1881,15:68,15,68,99,٦٨:١٥
1882,15:69,15,69,99,٦٩:١٥
1820,15:7,15,7,99,٧:١٥
1883,15:70,15,70,99,٧٠:١٥
1884,15:71,15,71,99,٧١:١٥
1885,15:72,15,72,99,٧٢:١٥
1886,15:73,15,73,99,٧٣:١٥
1887,15:74,15,74,99,٧٤:١٥
1888,15:75,15,75,99,٧٥:١٥
1889,15:76,15,76,99,٧٦:١٥
1890,15:77,15,77,99,٧٧:١٥
1891,15:78,15,78,99,٧٨:١٥
1892,15:79,15,79,99,٧٩:١٥
1821,15:8,15,8,99,٨:١٥
1893,15:80,15,80,99,٨٠:١٥
1894,15:81,15,81,99,٨١:١٥
1895,15:82,15,82,99,٨٢:١٥
1896,15:83,15,83,99,٨٣:١٥
1897,15:84,15,84,99,٨٤:١٥
1898,15:85,15,85,99,٨٥:١٥
1899,15:86,15,86,99,٨٦:١٥
1900,15:87,15,87,99,٨٧:١٥
1901,15:88,15,88,99,٨٨:١٥
1902,15:89,15,89,99,٨٩:١٥
1822,15:9,15,9,99,٩:١٥
1903,15:90,15,90,99,٩٠:١٥
1904,15:91,15,91,99,٩١:١٥
1905,15:92,15,92,99,٩٢:١٥
1906,15:93,15,93,99,٩٣:١٥
1907,15:94,15,94,99,٩٤:١٥
1908,15:95,15,95,99,٩٥:١٥
1909,15:96,15,96,99,٩٦:١٥
1910,15:97,15,97,99,٩٧:١٥
1911,15:98,15,98,99,٩٨:١٥
1912,15:99,15,99,99,٩٩:١٥
1913,16:0,16,0,128,٠:١٦
1914,16:1,16,1,128,١:١٦
1923,16:10,16,10,128,١٠:١٦
2013,16:100,16,100,128,١٠٠:١٦
2014,16:101,16,101,128,١٠١:١٦
2015,16:102,16,102,128,١٠٢:١٦
2016,16:103,16,103,128,١٠٣:١٦
2017,16:104,16,104,128,١٠٤:١٦
2018,16:105,16,105,128,١٠٥:١٦
2019,16:106,16,106,128,١٠٦:١٦
2020,16:107,16,107,128,١٠٧:١٦
2021,16:108,16,108,128,١٠٨:١٦
2022,16:109,16,109,128,١٠٩:١٦
1924,16:11,16,11,128,١١:١٦
2023,16:110,16,110,128,١١٠:١٦
2024,16:111,16,111,128,١١١:١٦
2025,16:112,16,112,128,١١٢:١٦
2026,16:113,16,113,128,١١٣:١٦
2027,16:114,16,114,128,١١٤:١٦
2028,16:115,16,115,128,١١٥:١٦
2029,16:116,16,116,128,١١٦:١٦
2030,16:117,16,117,128,١١٧:١٦
2031,16:118,16,118,128,١١٨:١٦
2032,16:119,16,119,128,١١٩:١٦
1925,16:12,16,12,128,١٢:١٦
2033,16:120,16,120,128,١٢٠:١٦
2034,16:121,16,121,128,١٢١:١٦
2035,16:122,16,122,128,١٢٢:١٦
2036,16:123,16,123,128,١٢٣:١٦
2037,16:124,16,124,128,١٢٤:١٦
2038,16:125,16,125,128,١٢٥:١٦
2039,16:126,16,126,128,١٢٦:١٦
2040,16:127,16,127,128,١٢٧:١٦
2041,16:128,16,128,128,١٢٨:١٦
1926,16:13,16,13,128,١٣:١٦
1927,16:14,16,14,128,١٤:١٦
1928,16:15,16,15,128,١٥:١٦
1929,16:16,16,16,128,١٦:١٦
1930,16:17,16,17,128,١٧:١٦
1931,16:18,16,18,128,١٨:١٦
1932,16:19,16,19,128,١٩:١٦
1915,16:2,16,2,128,٢:١٦
1933,16:20,16,20,128,٢٠:١٦
1934,16:21,16,21,128,٢١:١٦
1935,16:22,16,22,128,٢٢:١٦
1936,16:23,16,23,128,٢٣:١٦
1937,16:24,16,24,128,٢٤:١٦
1938,16:25,16,25,128,٢٥:١٦
1939,16:26,16,26,128,٢٦:١٦
1940,16:27,16,27,128,٢٧:١٦
1941,16:28,16,28,128,٢٨:١٦
1942,16:29,16,29,128,٢٩:١٦
1916,16:3,16,3,128,٣:١٦
1943,16:30,16,30,128,٣٠:١٦
1944,16:31,16,31,128,٣١:١٦
1945,16:32,16,32,128,٣٢:١٦
1946,16:33,16,33,128,٣٣:١٦
1947,16:34,16,34,128,٣٤:١٦
1948,16:35,16,35,128,٣٥:١٦
1949,16:36,16,36,128,٣٦:١٦
1950,16:37,16,37,128,٣٧:١٦
1951,16:38,16,38,128,٣٨:١٦
1952,16:39,16,39,128,٣٩:١٦
1917,16:4,16,4,128,٤:١٦
1953,16:40,16,40,128,٤٠:١٦
1954,16:41,16,41,128,٤١:١٦
1955,16:42,16,42,128,٤٢:١٦
1956,16:43,16,43,128,٤٣:١٦
1957,16:44,16,44,128,٤٤:١٦
1958,16:45,16,45,128,٤٥:١٦
1959,16:46,16,46,128,٤٦:١٦
1960,16:47,16,47,128,٤٧:١٦
1961,16:48,16,48,128,٤٨:١٦
1962,16:49,16,49,128,٤٩:١٦
1918,16:5,16,5,128,٥:١٦
1963,16:50,16,50,128,٥٠:١٦
1964,16:51,16,51,128,٥١:١٦
1965,16:52,16,52,128,٥٢:١٦
1966,16:53,16,53,128,٥٣:١٦
1967,16:54,16,54,128,٥٤:١٦
1968,16:55,16,55,128,٥٥:١٦
1969,16:56,16,56,128,٥٦:١٦
1970,16:57,16,57,128,٥٧:١٦
1971,16:58,16,58,128,٥٨:١٦
1972,16:59,16,59,128,٥٩:١٦
1919,16:6,16,6,128,٦:١٦
1973,16:60,16,60,128,٦٠:١٦
1974,16:61,16,61,128,٦١:١٦
1975,16:62,16,62,128,٦٢:١٦
1976,16:63,16,63,128,٦٣:١٦
1977,16:64,16,64,128,٦٤:١٦
1978,16:65,16,65,128,٦٥:١٦
1979,16:66,16,66,128,٦٦:١٦
1980,16:67,16,67,128,٦٧:١٦
1981,16:68,16,68,128,٦٨:١٦
1982,16:69,16,69,128,٦٩:١٦
1920,16:7,16,7,128,٧:١٦
1983,16:70,16,70,128,٧٠:١٦
1984,16:71,16,71,128,٧١:١٦
1985,16:72,16,72,128,٧٢:١٦
1986,16:73,16,73,128,٧٣:١٦
1987,16:74,16,74,128,٧٤:١٦
1988,16:75,16,75,128,٧٥:١٦
1989,16:76,16,76,128,٧٦:١٦
1990,16:77,16,77,128,٧٧:١٦
1991,16:78,16,78,128,٧٨:١٦
1992,16:79,16,79,128,٧٩:١٦
1921,16:8,16,8,128,٨:١٦
1993,16:80,16,80,128,٨٠:١٦
1994,16:81,16,81,128,٨١:١٦
1995,16:82,16,82,128,٨٢:١٦
1996,16:83,16,83,128,٨٣:١٦
1997,16:84,16,84,128,٨٤:١٦
1998,16:85,16,85,128,٨٥:١٦
1999,16:86,16,86,128,٨٦:١٦
2000,16:87,16,87,128,٨٧:١٦
2001,16:88,16,88,128,٨٨:١٦
2002,16:89,16,89,128,٨٩:١٦
1922,16:9,16,9,128,٩:١٦
2003,16:90,16,90,128,٩٠:١٦
2004,16:91,16,91,128,٩١:١٦
2005,16:92,16,92,128,٩٢:١٦
2006,16:93,16,93,128,٩٣:١٦
2007,16:94,16,94,128,٩٤:١٦
2008,16:95,16,95,128,٩٥:١٦
2009,16:96,16,96,128,٩٦:١٦
2010,16:97,16,97,128,٩٧:١٦
2011,16:98,16,98,128,٩٨:١٦
2012,16:99,16,99,128,٩٩:١٦
2042,17:0,17,0,111,٠:١٧
2043,17:1,17,1,111,١:١٧
2052,17:10,17,10,111,١٠:١٧
2142,17:100,17,100,111,١٠٠:١٧
2143,17:101,17,101,111,١٠١:١٧
2144,17:102,17,102,111,١٠٢:١٧
2145,17:103,17,103,111,١٠٣:١٧
2146,17:104,17,104,111,١٠٤:١٧
2147,17:105,17,105,111,١٠٥:١٧
2148,17:106,17,106,111,١٠٦:١٧
2149,17:107,17,107,111,١٠٧:١٧
2150,17:108,17,108,111,١٠٨:١٧
2151,17:109,17,109,111,١٠٩:١٧
2053,17:11,17,11,111,١١:١٧
2152,17:110,17,110,111,١١٠:١٧
2153,17:111,17,111,111,١١١:١٧
2054,17:12,17,12,111,١٢:١٧
2055,17:13,17,13,111,١٣:١٧
2056,17:14,17,14,111,١٤:١٧
2057,17:15,17,15,111,١٥:١٧
2058,17:16,17,16,111,١٦:١٧
2059,17:17,17,17,111,١٧:١٧
2060,17:18,17,18,111,١٨:١٧
2061,17:19,17,19,111,١٩:١٧
2044,17:2,17,2,111,٢:١٧
2062,17:20,17,20,111,٢٠:١٧
2063,17:21,17,21,111,٢١:١٧
2064,17:22,17,22,111,٢٢:١٧
2065,17:23,17,23,111,٢٣:١٧
2066,17:24,17,24,111,٢٤:١٧
2067,17:25,17,25,111,٢٥:١٧
2068,17:26,17,26,111,٢٦:١٧
2069,17:27,17,27,111,٢٧:١٧
2070,17:28,17,28,111,٢٨:١٧
2071,17:29,17,29,111,٢٩:١٧
2045,17:3,17,3,111,٣:١٧
2072,17:30,17,30,111,٣٠:١٧
2073,17:31,17,31,111,٣١:١٧
2074,17:32,17,32,111,٣٢:١٧
2075,17:33,17,33,111,٣٣:١٧
2076,17:34,17,34,111,٣٤:١٧
2077,17:35,17,35,111,٣٥:١٧
2078,17:36,17,36,111,٣٦:١٧
2079,17:37,17,37,111,٣٧:١٧
2080,17:38,17,38,111,٣٨:١٧
2081,17:39,17,39,111,٣٩:١٧
2046,17:4,17,4,111,٤:١٧
2082,17:40,17,40,111,٤٠:١٧
2083,17:41,17,41,111,٤١:١٧
2084,17:42,17,42,111,٤٢:١٧
2085,17:43,17,43,111,٤٣:١٧
2086,17:44,17,44,111,٤٤:١٧
2087,17:45,17,45,111,٤٥:١٧
2088,17:46,17,46,111,٤٦:١٧
2089,17:47,17,47,111,٤٧:١٧
2090,17:48,17,48,111,٤٨:١٧
2091,17:49,17,49,111,٤٩:١٧
2047,17:5,17,5,111,٥:١٧
2092,17:50,17,50,111,٥٠:١٧
2093,17:51,17,51,111,٥١:١٧
2094,17:52,17,52,111,٥٢:١٧
2095,17:53,17,53,111,٥٣:١٧
2096,17:54,17,54,111,٥٤:١٧
2097,17:55,17,55,111,٥٥:١٧
2098,17:56,17,56,111,٥٦:١٧
2099,17:57,17,57,111,٥٧:١٧
2100,17:58,17,58,111,٥٨:١٧
2101,17:59,17,59,111,٥٩:١٧
2048,17:6,17,6,111,٦:١٧
2102,17:60,17,60,111,٦٠:١٧
2103,17:61,17,61,111,٦١:١٧
2104,17:62,17,62,111,٦٢:١٧
2105,17:63,17,63,111,٦٣:١٧
2106,17:64,17,64,111,٦٤:١٧
2107,17:65,17,65,111,٦٥:١٧
2108,17:66,17,66,111,٦٦:١٧
2109,17:67,17,67,111,٦٧:١٧
2110,17:68,17,68,111,٦٨:١٧
2111,17:69,17,69,111,٦٩:١٧
2049,17:7,17,7,111,٧:١٧
2112,17:70,17,70,111,٧٠:١٧
2113,17:71,17,71,111,٧١:١٧
2114,17:72,17,72,111,٧٢:١٧
2115,17:73,17,73,111,٧٣:١٧
2116,17:74,17,74,111,٧٤:١٧
2117,17:75,17,75,111,٧٥:١٧
2118,17:76,17,76,111,٧٦:١٧
2119,17:77,17,77,111,٧٧:١٧
2120,17:78,17,78,111,٧٨:١٧
2121,17:79,17,79,111,٧٩:١٧
2050,17:8,17,8,111,٨:١٧
2122,17:80,17,80,111,٨٠:١٧
2123,17:81,17,81,111,٨١:١٧
2124,17:82,17,82,111,٨٢:١٧
2125,17:83,17,83,111,٨٣:١٧
2126,17:84,17,84,111,٨٤:١٧
2127,17:85,17,85,111,٨٥:١٧
2128,17:86,17,86,111,٨٦:١٧
2129,17:87,17,87,111,٨٧:١٧
2130,17:88,17,88,111,٨٨:١٧
2131,17:89,17,89,111,٨٩:١٧
2051,17:9,17,9,111,٩:١٧
2132,17:90,17,90,111,٩٠:١٧
2133,17:91,17,91,111,٩١:١٧
2134,17:92,17,92,111,٩٢:١٧
2135,17:93,17,93,111,٩٣:١٧
2136,17:94,17,94,111,٩٤:١٧
2137,17:95,17,95,111,٩٥:١٧
2138,17:96,17,96,111,٩٦:١٧
2139,17:97,17,97,111,٩٧:١٧
2140,17:98,17,98,111,٩٨:١٧
2141,17:99,17,99,111,٩٩:١٧
2154,18:0,18,0,110,٠:١٨
2155,18:1,18,1,110,١:١٨
2164,18:10,18,10,110,١٠:١٨
2254,18:100,18,100,110,١٠٠:١٨
2255,18:101,18,101,110,١٠١:١٨
2256,18:102,18,102,110,١٠٢:١٨
2257,18:103,18,103,110,١٠٣:١٨
2258,18:104,18,104,110,١٠٤:١٨
2259,18:105,18,105,110,١٠٥:١٨
2260,18:106,18,106,110,١٠٦:١٨
2261,18:107,18,107,110,١٠٧:١٨
2262,18:108,18,108,110,١٠٨:١٨
2263,18:109,18,109,110,١٠٩:١٨
2165,18:11,18,11,110,١١:١٨
2264,18:110,18,110,110,١١٠:١٨
2166,18:12,18,12,110,١٢:١٨
2167,18:13,18,13,110,١٣:١٨
2168,18:14,18,14,110,١٤:١٨
2169,18:15,18,15,110,١٥:١٨
2170,18:16,18,16,110,١٦:١٨
2171,18:17,18,17,110,١٧:١٨
2172,18:18,18,18,110,١٨:١٨
2173,18:19,18,19,110,١٩:١٨
2156,18:2,18,2,110,٢:١٨
2174,18:20,18,20,110,٢٠:١٨
2175,18:21,18,21,110,٢١:١٨
2176,18:22,18,22,110,٢٢:١٨
2177,18:23,18,23,110,٢٣:١٨
2178,18:24,18,24,110,٢٤:١٨
2179,18:25,18,25,110,٢٥:١٨
2180,18:26,18,26,110,٢٦:١٨
2181,18:27,18,27,110,٢٧:١٨
2182,18:28,18,28,110,٢٨:١٨
2183,18:29,18,29,110,٢٩:١٨
2157,18:3,18,3,110,٣:١٨
2184,18:30,18,30,110,٣٠:١٨
2185,18:31,18,31,110,٣١:١٨
2186,18:32,18,32,110,٣٢:١٨
2187,18:33,18,33,110,٣٣:١٨
2188,18:34,18,34,110,٣٤:١٨
2189,18:35,18,35,110,٣٥:١٨
2190,18:36,18,36,110,٣٦:١٨
2191,18:37,18,37,110,٣٧:١٨
2192,18:38,18,38,110,٣٨:١٨
2193,18:39,18,39,110,٣٩:١٨
2158,18:4,18,4,110,٤:١٨
2194,18:40,18,40,110,٤٠:١٨
2195,18:41,18,41,110,٤١:١٨
2196,18:42,18,42,110,٤٢:١٨
2197,18:43,18,43,110,٤٣:١٨
2198,18:44,18,44,110,٤٤:١٨
2199,18:45,18,45,110,٤٥:١٨
2200,18:46,18,46,110,٤٦:١٨
2201,18:47,18,47,110,٤٧:١٨
2202,18:48,18,48,110,٤٨:١٨
2203,18:49,18,49,110,٤٩:١٨
2159,18:5,18,5,110,٥:١٨
2204,18:50,18,50,110,٥٠:١٨
2205,18:51,18,51,110,٥١:١٨
2206,18:52,18,52,110,٥٢:١٨
2207,18:53,18,53,110,٥٣:١٨
2208,18:54,18,54,110,٥٤:١٨
2209,18:55,18,55,110,٥٥:١٨
2210,18:56,18,56,110,٥٦:١٨
2211,18:57,18,57,110,٥٧:١٨
2212,18:58,18,58,110,٥٨:١٨
2213,18:59,18,59,110,٥٩:١٨
2160,18:6,18,6,110,٦:١٨
2214,18:60,18,60,110,٦٠:١٨
2215,18:61,18,61,110,٦١:١٨
2216,18:62,18,62,110,٦٢:١٨
2217,18:63,18,63,110,٦٣:١٨
2218,18:64,18,64,110,٦٤:١٨
2219,18:65,18,65,110,٦٥:١٨
2220,18:66,18,66,110,٦٦:١٨
2221,18:67,18,67,110,٦٧:١٨
2222,18:68,18,68,110,٦٨:١٨
2223,18:69,18,69,110,٦٩:١٨
2161,18:7,18,7,110,٧:١٨
2224,18:70,18,70,110,٧٠:١٨
2225,18:71,18,71,110,٧١:١٨
2226,18:72,18,72,110,٧٢:١٨
2227,18:73,18,73,110,٧٣:١٨
2228,18:74,18,74,110,٧٤:١٨
2229,18:75,18,75,110,٧٥:١٨
2230,18:76,18,76,110,٧٦:١٨
2231,18:77,18,77,110,٧٧:١٨
2232,18:78,18,78,110,٧٨:١٨
2233,18:79,18,79,110,٧٩:١٨
2162,18:8,18,8,110,٨:١٨
2234,18:80,18,80,110,٨٠:١٨
2235,18:81,18,81,110,٨١:١٨
2236,18:82,18,82,110,٨٢:١٨
2237,18:83,18,83,110,٨٣:١٨
2238,18:84,18,84,110,٨٤:١٨
2239,18:85,18,85,110,٨٥:١٨
2240,18:86,18,86,110,٨٦:١٨
2241,18:87,18,87,110,٨٧:١٨
2242,18:88,18,88,110,٨٨:١٨
2243,18:89,18,89,110,٨٩:١٨
2163,18:9,18,9,110,٩:١٨
2244,18:90,18,90,110,٩٠:١٨
2245,18:91,18,91,110,٩١:١٨
2246,18:92,18,92,110,٩٢:١٨
2247,18:93,18,93,110,٩٣:١٨
2248,18:94,18,94,110,٩٤:١٨
2249,18:95,18,95,110,٩٥:١٨
2250,18:96,18,96,110,٩٦:١٨
2251,18:97,18,97,110,٩٧:١٨
2252,18:98,18,98,110,٩٨:١٨
2253,18:99,18,99,110,٩٩:١٨
2265,19:0,19,0,98,٠:١٩
2266,19:1,19,1,98,١:١٩
2275,19:10,19,10,98,١٠:١٩
2276,19:11,19,11,98,١١:١٩
2277,19:12,19,12,98,١٢:١٩
2278,19:13,19,13,98,١٣:١٩
2279,19:14,19,14,98,١٤:١٩
2280,19:15,19,15,98,١٥:١٩
2281,19:16,19,16,98,١٦:١٩
2282,19:17,19,17,98,١٧:١٩
2283,19:18,19,18,98,١٨:١٩
2284,19:19,19,19,98,١٩:١٩
2267,19:2,19,2,98,٢:١٩
2285,19:20,19,20,98,٢٠:١٩
2286,19:21,19,21,98,٢١:١٩
2287,19:22,19,22,98,٢٢:١٩
2288,19:23,19,23,98,٢٣:١٩
2289,19:24,19,24,98,٢٤:١٩
2290,19:25,19,25,98,٢٥:١٩
2291,19:26,19,26,98,٢٦:١٩
2292,19:27,19,27,98,٢٧:١٩
2293,19:28,19,28,98,٢٨:١٩
2294,19:29,19,29,98,٢٩:١٩
2268,19:3,19,3,98,٣:١٩
2295,19:30,19,30,98,٣٠:١٩
2296,19:31,19,31,98,٣١:١٩
2297,19:32,19,32,98,٣٢:١٩
2298,19:33,19,33,98,٣٣:١٩
2299,19:34,19,34,98,٣٤:١٩
2300,19:35,19,35,98,٣٥:١٩
2301,19:36,19,36,98,٣٦:١٩
2302,19:37,19,37,98,٣٧:١٩
2303,19:38,19,38,98,٣٨:١٩
2304,19:39,19,39,98,٣٩:١٩
2269,19:4,19,4,98,٤:١٩
2305,19:40,19,40,98,٤٠:١٩
2306,19:41,19,41,98,٤١:١٩
2307,19:42,19,42,98,٤٢:١٩
2308,19:43,19,43,98,٤٣:١٩
2309,19:44,19,44,98,٤٤:١٩
2310,19:45,19,45,98,٤٥:١٩
2311,19:46,19,46,98,٤٦:١٩
2312,19:47,19,47,98,٤٧:١٩
2313,19:48,19,48,98,٤٨:١٩
2314,19:49,19,49,98,٤٩:١٩
2270,19:5,19,5,98,٥:١٩
2315,19:50,19,50,98,٥٠:١٩
2316,19:51,19,51,98,٥١:١٩
2317,19:52,19,52,98,٥٢:١٩
2318,19:53,19,53,98,٥٣:١٩
2319,19:54,19,54,98,٥٤:١٩
2320,19:55,19,55,98,٥٥:١٩
2321,19:56,19,56,98,٥٦:١٩
2322,19:57,19,57,98,٥٧:١٩
2323,19:58,19,58,98,٥٨:١٩
2324,19:59,19,59,98,٥٩:١٩
2271,19:6,19,6,98,٦:١٩
2325,19:60,19,60,98,٦٠:١٩
2326,19:61,19,61,98,٦١:١٩
2327,19:62,19,62,98,٦٢:١٩
2328,19:63,19,63,98,٦٣:١٩
2329,19:64,19,64,98,٦٤:١٩
2330,19:65,19,65,98,٦٥:١٩
2331,19:66,19,66,98,٦٦:١٩
2332,19:67,19,67,98,٦٧:١٩
2333,19:68,19,68,98,٦٨:١٩
2334,19:69,19,69,98,٦٩:١٩
2272,19:7,19,7,98,٧:١٩
2335,19:70,19,70,98,٧٠:١٩
2336,19:71,19,71,98,٧١:١٩
2337,19:72,19,72,98,٧٢:١٩
2338,19:73,19,73,98,٧٣:١٩
2339,19:74,19,74,98,٧٤:١٩
2340,19:75,19,75,98,٧٥:١٩
2341,19:76,19,76,98,٧٦:١٩
2342,19:77,19,77,98,٧٧:١٩
2343,19:78,19,78,98,٧٨:١٩
2344,19:79,19,79,98,٧٩:١٩
2273,19:8,19,8,98,٨:١٩
2345,19:80,19,80,98,٨٠:١٩
2346,19:81,19,81,98,٨١:١٩
2347,19:82,19,82,98,٨٢:١٩
2348,19:83,19,83,98,٨٣:١٩
2349,19:84,19,84,98,٨٤:١٩
2350,19:85,19,85,98,٨٥:١٩
2351,19:86,19,86,98,٨٦:١٩
2352,19:87,19,87,98,٨٧:١٩
2353,19:88,19,88,98,٨٨:١٩
2354,19:89,19,89,98,٨٩:١٩
2274,19:9,19,9,98,٩:١٩
2355,19:90,19,90,98,٩٠:١٩
2356,19:91,19,91,98,٩١:١٩
2357,19:92,19,92,98,٩٢:١٩
2358,19:93,19,93,98,٩٣:١٩
2359,19:94,19,94,98,٩٤:١٩
2360,19:95,19,95,98,٩٥:١٩
2361,19:96,19,96,98,٩٦:١٩
2362,19:97,19,97,98,٩٧:١٩
2363,19:98,19,98,98,٩٨:١٩
8,2:0,2,0,286,٠:٢
9,2:1,2,1,286,١:٢
18,2:10,2,10,286,١٠:٢
108,2:100,2,100,286,١٠٠:٢
109,2:101,2,101,286,١٠١:٢
110,2:102,2,102,286,١٠٢:٢
111,2:103,2,103,286,١٠٣:٢
112,2:104,2,104,286,١٠٤:٢
113,2:105,2,105,286,١٠٥:٢
114,2:106,2,106,286,١٠٦:٢
115,2:107,2,107,286,١٠٧:٢
116,2:108,2,108,286,١٠٨:٢
117,2:109,2,109,286,١٠٩:٢
19,2:11,2,11,286,١١:٢
118,2:110,2,110,286,١١٠:٢
119,2:111,2,111,286,١١١:٢
120,2:112,2,112,286,١١٢:٢
121,2:113,2,113,286,١١٣:٢
122,2:114,2,114,286,١١٤:٢
123,2:115,2,115,286,١١٥:٢
124,2:116,2,116,286,١١٦:٢
125,2:117,2,117,286,١١٧:٢
126,2:118,2,118,286,١١٨:٢
127,2:119,2,119,286,١١٩:٢
20,2:12,2,12,286,١٢:٢
128,2:120,2,120,286,١٢٠:٢
129,2:121,2,121,286,١٢١:٢
130,2:122,2,122,286,١٢٢:٢
131,2:123,2,123,286,١٢٣:٢
132,2:124,2,124,286,١٢٤:٢
133,2:125,2,125,286,١٢٥:٢
134,2:126,2,126,286,١٢٦:٢
135,2:127,2,127,286,١٢٧:٢
136,2:128,2,128,286,١٢٨:٢
137,2:129,2,129,286,١٢٩:٢
21,2:13,2,13,286,١٣:٢
138,2:130,2,130,286,١٣٠:٢
139,2:131,2,131,286,١٣١:٢
140,2:132,2,132,286,١٣٢:٢
141,2:133,2,133,286,١٣٣:٢
142,2:134,2,134,286,١٣٤:٢
143,2:135,2,135,286,١٣٥:٢
144,2:136,2,136,286,١٣٦:٢
145,2:137,2,137,286,١٣٧:٢
146,2:138,2,138,286,١٣٨:٢
147,2:139,2,139,286,١٣٩:٢
22,2:14,2,14,286,١٤:٢
148,2:140,2,140,286,١٤٠:٢
149,2:141,2,141,286,١٤١:٢
150,2:142,2,142,286,١٤٢:٢
151,2:143,2,143,286,١٤٣:٢
152,2:144,2,144,286,١٤٤:٢
153,2:145,2,145,286,١٤٥:٢
154,2:146,2,146,286,١٤٦:٢
155,2:147,2,147,286,١٤٧:٢
156,2:148,2,148,286,١٤٨:٢
157,2:149,2,149,286,١٤٩:٢
23,2:15,2,15,286,١٥:٢
158,2:150,2,150,286,١٥٠:٢
159,2:151,2,151,286,١٥١:٢
160,2:152,2,152,286,١٥٢:٢
161,2:153,2,153,286,١٥٣:٢
162,2:154,2,154,286,١٥٤:٢
163,2:155,2,155,286,١٥٥:٢
164,2:156,2,156,286,١٥٦:٢
165,2:157,2,157,286,١٥٧:٢
166,2:158,2,158,286,١٥٨:٢
167,2:159,2,159,286,١٥٩:٢
24,2:16,2,16,286,١٦:٢
168,2:160,2,160,286,١٦٠:٢
169,2:161,2,161,286,١٦١:٢
170,2:162,2,162,286,١٦٢:٢
171,2:163,2,163,286,١٦٣:٢
172,2:164,2,164,286,١٦٤:٢
173,2:165,2,165,286,١٦٥:٢
174,2:166,2,166,286,١٦٦:٢
175,2:167,2,167,286,١٦٧:٢
176,2:168,2,168,286,١٦٨:٢
177,2:169,2,169,286,١٦٩:٢
25,2:17,2,17,286,١٧:٢
178,2:170,2,170,286,١٧٠:٢
179,2:171,2,171,286,١٧١:٢
180,2:172,2,172,286,١٧٢:٢
181,2:173,2,173,286,١٧٣:٢
182,2:174,2,174,286,١٧٤:٢
183,2:175,2,175,286,١٧٥:٢
184,2:176,2,176,286,١٧٦:٢
185,2:177,2,177,286,١٧٧:٢
186,2:178,2,178,286,١٧٨:٢
187,2:179,2,179,286,١٧٩:٢
26,2:18,2,18,286,١٨:٢
188,2:180,2,180,286,١٨٠:٢
189,2:181,2,181,286,١٨١:٢
190,2:182,2,182,286,١٨٢:٢
191,2:183,2,183,286,١٨٣:٢
192,2:184,2,184,286,١٨٤:٢
193,2:185,2,185,286,١٨٥:٢
194,2:186,2,186,286,١٨٦:٢
195,2:187,2,187,286,١٨٧:٢
196,2:188,2,188,286,١٨٨:٢
197,2:189,2,189,286,١٨٩:٢
27,2:19,2,19,286,١٩:٢
198,2:190,2,190,286,١٩٠:٢
199,2:191,2,191,286,١٩١:٢
200,2:192,2,192,286,١٩٢:٢
201,2:193,2,193,286,١٩٣:٢
202,2:194,2,194,286,١٩٤:٢
203,2:195,2,195,286,١٩٥:٢
204,2:196,2,196,286,١٩٦:٢
205,2:197,2,197,286,١٩٧:٢
206,2:198,2,198,286,١٩٨:٢
207,2:199,2,199,286,١٩٩:٢
10,2:2,2,2,286,٢:٢
28,2:20,2,20,286,٢٠:٢
208,2:200,2,200,286,٢٠٠:٢
209,2:201,2,201,286,٢٠١:٢
210,2:202,2,202,286,٢٠٢:٢
211,2:203,2,203,286,٢٠٣:٢
212,2:204,2,204,286,٢٠٤:٢
213,2:205,2,205,286,٢٠٥:٢
214,2:206,2,206,286,٢٠٦:٢
215,2:207,2,207,286,٢٠٧:٢
216,2:208,2,208,286,٢٠٨:٢
217,2:209,2,209,286,٢٠٩:٢
29,2:21,2,21,286,٢١:٢
218,2:210,2,210,286,٢١٠:٢
219,2:211,2,211,286,٢١١:٢
220,2:212,2,212,286,٢١٢:٢
221,2:213,2,213,286,٢١٣:٢
222,2:214,2,214,286,٢١٤:٢
223,2:215,2,215,286,٢١٥:٢
224,2:216,2,216,286,٢١٦:٢
225,2:217,2,217,286,٢١٧:٢
226,2:218,2,218,286,٢١٨:٢
227,2:219,2,219,286,٢١٩:٢
30,2:22,2,22,286,٢٢:٢
228,2:220,2,220,286,٢٢٠:٢
229,2:221,2,221,286,٢٢١:٢
230,2:222,2,222,286,٢٢٢:٢
231,2:223,2,223,286,٢٢٣:٢
232,2:224,2,224,286,٢٢٤:٢
233,2:225,2,225,286,٢٢٥:٢
234,2:226,2,226,286,٢٢٦:٢
235,2:227,2,227,286,٢٢٧:٢
236,2:228,2,228,286,٢٢٨:٢
237,2:229,2,229,286,٢٢٩:٢
31,2:23,2,23,286,٢٣:٢
238,2:230,2,230,286,٢٣٠:٢
239,2:231,2,231,286,٢٣١:٢
240,2:232,2,232,286,٢٣٢:٢
241,2:233,2,233,286,٢٣٣:٢
242,2:234,2,234,286,٢٣٤:٢
243,2:235,2,235,286,٢٣٥:٢
244,2:236,2,236,286,٢٣٦:٢
245,2:237,2,237,286,٢٣٧:٢
246,2:238,2,238,286,٢٣٨:٢
247,2:239,2,239,286,٢٣٩:٢
32,2:24,2,24,286,٢٤:٢
248,2:240,2,240,286,٢٤٠:٢
249,2:241,2,241,286,٢٤١:٢
250,2:242,2,242,286,٢٤٢:٢
251,2:243,2,243,286,٢٤٣:٢
252,2:244,2,244,286,٢٤٤:٢
253,2:245,2,245,286,٢٤٥:٢
254,2:246,2,246,286,٢٤٦:٢
255,2:247,2,247,286,٢٤٧:٢
256,2:248,2,248,286,٢٤٨:٢
257,2:249,2,249,286,٢٤٩:٢
33,2:25,2,25,286,٢٥:٢
258,2:250,2,250,286,٢٥٠:٢
259,2:251,2,251,286,٢٥١:٢
260,2:252,2,252,286,٢٥٢:٢
261,2:253,2,253,286,٢٥٣:٢
262,2:254,2,254,286,٢٥٤:٢
263,2:255,2,255,286,٢٥٥:٢
264,2:256,2,256,286,٢٥٦:٢
265,2:257,2,257,286,٢٥٧:٢
266,2:258,2,258,286,٢٥٨:٢
267,2:259,2,259,286,٢٥٩:٢
34,2:26,2,26,286,٢٦:٢
268,2:260,2,260,286,٢٦٠:٢
269,2:261,2,261,286,٢٦١:٢
270,2:262,2,262,286,٢٦٢:٢
271,2:263,2,263,286,٢٦٣:٢
272,2:264,2,264,286,٢٦٤:٢
273,2:265,2,265,286,٢٦٥:٢
274,2:266,2,266,286,٢٦٦:٢
275,2:267,2,267,286,٢٦٧:٢
276,2:268,2,268,286,٢٦٨:٢
277,2:269,2,269,286,٢٦٩:٢
35,2:27,2,27,286,٢٧:٢
278,2:270,2,270,286,٢٧٠:٢
279,2:271,2,271,286,٢٧١:٢
280,2:272,2,272,286,٢٧٢:٢
281,2:273,2,273,286,٢٧٣:٢
282,2:274,2,274,286,٢٧٤:٢
283,2:275,2,275,286,٢٧٥:٢
284,2:276,2,276,286,٢٧٦:٢
285,2:277,2,277,286,٢٧٧:٢
286,2:278,2,278,286,٢٧٨:٢
287,2:279,2,279,286,٢٧٩:٢
36,2:28,2,28,286,٢٨:٢
288,2:280,2,280,286,٢٨٠:٢
289,2:281,2,281,286,٢٨١:٢
290,2:282,2,282,286,٢٨٢:٢
291,2:283,2,283,286,٢٨٣:٢
292,2:284,2,284,286,٢٨٤:٢
293,2:285,2,285,286,٢٨٥:٢
294,2:286,2,286,286,٢٨٦:٢
37,2:29,2,29,286,٢٩:٢
11,2:3,2,3,286,٣:٢
38,2:30,2,30,286,٣٠:٢
39,2:31,2,31,286,٣١:٢
40,2:32,2,32,286,٣٢:٢
41,2:33,2,33,286,٣٣:٢
42,2:34,2,34,286,٣٤:٢
43,2:35,2,35,286,٣٥:٢
44,2:36,2,36,286,٣٦:٢
45,2:37,2,37,286,٣٧:٢
46,2:38,2,38,286,٣٨:٢
47,2:39,2,39,286,٣٩:٢
12,2:4,2,4,286,٤:٢
48,2:40,2,40,286,٤٠:٢
49,2:41,2,41,286,٤١:٢
50,2:42,2,42,286,٤٢:٢
51,2:43,2,43,286,٤٣:٢
52,2:44,2,44,286,٤٤:٢
53,2:45,2,45,286,٤٥:٢
54,2:46,2,46,286,٤٦:٢
55,2:47,2,47,286,٤٧:٢
56,2:48,2,48,286,٤٨:٢
57,2:49,2,49,286,٤٩:٢
13,2:5,2,5,286,٥:٢
58,2:50,2,50,286,٥٠:٢
59,2:51,2,51,286,٥١:٢
60,2:52,2,52,286,٥٢:٢
61,2:53,2,53,286,٥٣:٢
62,2:54,2,54,286,٥٤:٢
63,2:55,2,55,286,٥٥:٢
64,2:56,2,56,286,٥٦:٢
65,2:57,2,57,286,٥٧:٢
66,2:58,2,58,286,٥٨:٢
67,2:59,2,59,286,٥٩:٢
14,2:6,2,6,286,٦:٢
68,2:60,2,60,286,٦٠:٢
69,2:61,2,61,286,٦١:٢
70,2:62,2,62,286,٦٢:٢
71,2:63,2,63,286,٦٣:٢
72,2:64,2,64,286,٦٤:٢
73,2:65,2,65,286,٦٥:٢
74,2:66,2,66,286,٦٦:٢
75,2:67,2,67,286,٦٧:٢
76,2:68,2,68,286,٦٨:٢
77,2:69,2,69,286,٦٩:٢
15,2:7,2,7,286,٧:٢
78,2:70,2,70,286,٧٠:٢
79,2:71,2,71,286,٧١:٢
80,2:72,2,72,286,٧٢:٢
81,2:73,2,73,286,٧٣:٢
82,2:74,2,74,286,٧٤:٢
83,2:75,2,75,286,٧٥:٢
84,2:76,2,76,286,٧٦:٢
85,2:77,2,77,286,٧٧:٢
86,2:78,2,78,286,٧٨:٢
87,2:79,2,79,286,٧٩:٢
16,2:8,2,8,286,٨:٢
88,2:80,2,80,286,٨٠:٢
89,2:81,2,81,286,٨١:٢
90,2:82,2,82,286,٨٢:٢
91,2:83,2,83,286,٨٣:٢
92,2:84,2,84,286,٨٤:٢
93,2:85,2,85,286,٨٥:٢
94,2:86,2,86,286,٨٦:٢
95,2:87,2,87,286,٨٧:٢
96,2:88,2,88,286,٨٨:٢
97,2:89,2,89,286,٨٩:٢
17,2:9,2,9,286,٩:٢
98,2:90,2,90,286,٩٠:٢
99,2:91,2,91,286,٩١:٢
100,2:92,2,92,286,٩٢:٢
101,2:93,2,93,286,٩٣:٢
102,2:94,2,94,286,٩٤:٢
103,2:95,2,95,286,٩٥:٢
104,2:96,2,96,286,٩٦:٢
105,2:97,2,97,286,٩٧:٢
106,2:98,2,98,286,٩٨:٢
107,2:99,2,99,286,٩٩:٢
2364,20:0,20,0,135,٠:٢٠
2365,20:1,20,1,135,١:٢٠
2374,20:10,20,10,135,١٠:٢٠
2464,20:100,20,100,135,١٠٠:٢٠
2465,20:101,20,101,135,١٠١:٢٠
2466,20:102,20,102,135,١٠٢:٢٠
2467,20:103,20,103,135,١٠٣:٢٠
2468,20:104,20,104,135,١٠٤:٢٠
2469,20:105,20,105,135,١٠٥:٢٠
2470,20:106,20,106,135,١٠٦:٢٠
2471,20:107,20,107,135,١٠٧:٢٠
2472,20:108,20,108,135,١٠٨:٢٠
2473,20:109,20,109,135,١٠٩:٢٠
2375,20:11,20,11,135,١١:٢٠
2474,20:110,20,110,135,١١٠:٢٠
2475,20:111,20,111,135,١١١:٢٠
2476,20:112,20,112,135,١١٢:٢٠
2477,20:113,20,113,135,١١٣:٢٠
2478,20:114,20,114,135,١١٤:٢٠
2479,20:115,20,115,135,١١٥:٢٠
2480,20:116,20,116,135,١١٦:٢٠
2481,20:117,20,117,135,١١٧:٢٠
2482,20:118,20,118,135,١١٨:٢٠
2483,20:119,20,119,135,١١٩:٢٠
2376,20:12,20,12,135,١٢:٢٠
2484,20:120,20,120,135,١٢٠:٢٠
2485,20:121,20,121,135,١٢١:٢٠
2486,20:122,20,122,135,١٢٢:٢٠
2487,20:123,20,123,135,١٢٣:٢٠
2488,20:124,20,124,135,١٢٤:٢٠
2489,20:125,20,125,135,١٢٥:٢٠
2490,20:126,20,126,135,١٢٦:٢٠
2491,20:127,20,127,135,١٢٧:٢٠
2492,20:128,20,128,135,١٢٨:٢٠
2493,20:129,20,129,135,١٢٩:٢٠
2377,20:13,20,13,135,١٣:٢٠
2494,20:130,20,130,135,١٣٠:٢٠
2495,20:131,20,131,135,١٣١:٢٠
2496,20:132,20,132,135,١٣٢:٢٠
2497,20:133,20,133,135,١٣٣:٢٠
2498,20:134,20,134,135,١٣٤:٢٠
2499,20:135,20,135,135,١٣٥:٢٠
2378,20:14,20,14,135,١٤:٢٠
2379,20:15,20,15,135,١٥:٢٠
2380,20:16,20,16,135,١٦:٢٠
2381,20:17,20,17,135,١٧:٢٠
2382,20:18,20,18,135,١٨:٢٠
2383,20:19,20,19,135,١٩:٢٠
2366,20:2,20,2,135,٢:٢٠
2384,20:20,20,20,135,٢٠:٢٠
2385,20:21,20,21,135,٢١:٢٠
2386,20:22,20,22,135,٢٢:٢٠
2387,20:23,20,23,135,٢٣:٢٠
2388,20:24,20,24,135,٢٤:٢٠
2389,20:25,20,25,135,٢٥:٢٠
2390,20:26,20,26,135,٢٦:٢٠
2391,20:27,20,27,135,٢٧:٢٠
2392,20:28,20,28,135,٢٨:٢٠
2393,20:29,20,29,135,٢٩:٢٠
2367,20:3,20,3,135,٣:٢٠
2394,20:30,20,30,135,٣٠:٢٠
2395,20:31,20,31,135,٣١:٢٠
2396,20:32,20,32,135,٣٢:٢٠
2397,20:33,20,33,135,٣٣:٢٠
2398,20:34,20,34,135,٣٤:٢٠
2399,20:35,20,35,135,٣٥:٢٠
2400,20:36,20,36,135,٣٦:٢٠
2401,20:37,20,37,135,٣٧:٢٠
2402,20:38,20,38,135,٣٨:٢٠
2403,20:39,20,39,135,٣٩:٢٠
2368,20:4,20,4,135,٤:٢٠
2404,20:40,20,40,135,٤٠:٢٠
2405,20:41,20,41,135,٤١:٢٠
2406,20:42,20,42,135,٤٢:٢٠
2407,20:43,20,43,135,٤٣:٢٠
2408,20:44,20,44,135,٤٤:٢٠
2409,20:45,20,45,135,٤٥:٢٠
2410,20:46,20,46,135,٤٦:٢٠
2411,20:47,20,47,135,٤٧:٢٠
2412,20:48,20,48,135,٤٨:٢٠
2413,20:49,20,49,135,٤٩:٢٠
2369,20:5,20,5,135,٥:٢٠
2414,20:50,20,50,135,٥٠:٢٠
2415,20:51,20,51,135,٥١:٢٠
2416,20:52,20,52,135,٥٢:٢٠
2417,20:53,20,53,135,٥٣:٢٠
2418,20:54,20,54,135,٥٤:٢٠
2419,20:55,20,55,135,٥٥:٢٠
2420,20:56,20,56,135,٥٦:٢٠
2421,20:57,20,57,135,٥٧:٢٠
2422,20:58,20,58,135,٥٨:٢٠
2423,20:59,20,59,135,٥٩:٢٠
2370,20:6,20,6,135,٦:٢٠
2424,20:60,20,60,135,٦٠:٢٠
2425,20:61,20,61,135,٦١:٢٠
2426,20:62,20,62,135,٦٢:٢٠
2427,20:63,20,63,135,٦٣:٢٠
2428,20:64,20,64,135,٦٤:٢٠
2429,20:65,20,65,135,٦٥:٢٠
2430,20:66,20,66,135,٦٦:٢٠
2431,20:67,20,67,135,٦٧:٢٠
2432,20:68,20,68,135,٦٨:٢٠
2433,20:69,20,69,135,٦٩:٢٠
2371,20:7,20,7,135,٧:٢٠
2434,20:70,20,70,135,٧٠:٢٠
2435,20:71,20,71,135,٧١:٢٠
2436,20:72,20,72,135,٧٢:٢٠
2437,20:73,20,73,135,٧٣:٢٠
2438,20:74,20,74,135,٧٤:٢٠
2439,20:75,20,75,135,٧٥:٢٠
2440,20:76,20,76,135,٧٦:٢٠
2441,20:77,20,77,135,٧٧:٢٠
2442,20:78,20,78,135,٧٨:٢٠
2443,20:79,20,79,135,٧٩:٢٠
2372,20:8,20,8,135,٨:٢٠
2444,20:80,20,80,135,٨٠:٢٠
2445,20:81,20,81,135,٨١:٢٠
2446,20:82,20,82,135,٨٢:٢٠
2447,20:83,20,83,135,٨٣:٢٠
2448,20:84,20,84,135,٨٤:٢٠
2449,20:85,20,85,135,٨٥:٢٠
2450,20:86,20,86,135,٨٦:٢٠
2451,20:87,20,87,135,٨٧:٢٠
2452,20:88,20,88,135,٨٨:٢٠
2453,20:89,20,89,135,٨٩:٢٠
2373,20:9,20,9,135,٩:٢٠
2454,20:90,20,90,135,٩٠:٢٠
2455,20:91,20,91,135,٩١:٢٠
2456,20:92,20,92,135,٩٢:٢٠
2457,20:93,20,93,135,٩٣:٢٠
2458,20:94,20,94,135,٩٤:٢٠
2459,20:95,20,95,135,٩٥:٢٠
2460,20:96,20,96,135,٩٦:٢٠
2461,20:97,20,97,135,٩٧:٢٠
2462,20:98,20,98,135,٩٨:٢٠
2463,20:99,20,99,135,٩٩:٢٠
2500,21:0,21,0,112,٠:٢١
2501,21:1,21,1,112,١:٢١
2510,21:10,21,10,112,١٠:٢١
2600,21:100,21,100,112,١٠٠:٢١
2601,21:101,21,101,112,١٠١:٢١
2602,21:102,21,102,112,١٠٢:٢١
2603,21:103,21,103,112,١٠٣:٢١
2604,21:104,21,104,112,١٠٤:٢١
2605,21:105,21,105,112,١٠٥:٢١
2606,21:106,21,106,112,١٠٦:٢١
2607,21:107,21,107,112,١٠٧:٢١
2608,21:108,21,108,112,١٠٨:٢١
2609,21:109,21,109,112,١٠٩:٢١
2511,21:11,21,11,112,١١:٢١
2610,21:110,21,110,112,١١٠:٢١
2611,21:111,21,111,112,١١١:٢١
2612,21:112,21,112,112,١١٢:٢١
2512,21:12,21,12,112,١٢:٢١
2513,21:13,21,13,112,١٣:٢١
2514,21:14,21,14,112,١٤:٢١
2515,21:15,21,15,112,١٥:٢١
2516,21:16,21,16,112,١٦:٢١
2517,21:17,21,17,112,١٧:٢١
2518,21:18,21,18,112,١٨:٢١
2519,21:19,21,19,112,١٩:٢١
2502,21:2,21,2,112,٢:٢١
2520,21:20,21,20,112,٢٠:٢١
2521,21:21,21,21,112,٢١:٢١
2522,21:22,21,22,112,٢٢:٢١
2523,21:23,21,23,112,٢٣:٢١
2524,21:24,21,24,112,٢٤:٢١
2525,21:25,21,25,112,٢٥:٢١
2526,21:26,21,26,112,٢٦:٢١
2527,21:27,21,27,112,٢٧:٢١
2528,21:28,21,28,112,٢٨:٢١
2529,21:29,21,29,112,٢٩:٢١
2503,21:3,21,3,112,٣:٢١
2530,21:30,21,30,112,٣٠:٢١
2531,21:31,21,31,112,٣١:٢١
2532,21:32,21,32,112,٣٢:٢١
2533,21:33,21,33,112,٣٣:٢١
2534,21:34,21,34,112,٣٤:٢١
2535,21:35,21,35,112,٣٥:٢١
2536,21:36,21,36,112,٣٦:٢١
2537,21:37,21,37,112,٣٧:٢١
2538,21:38,21,38,112,٣٨:٢١
2539,21:39,21,39,112,٣٩:٢١
2504,21:4,21,4,112,٤:٢١
2540,21:40,21,40,112,٤٠:٢١
2541,21:41,21,41,112,٤١:٢١
2542,21:42,21,42,112,٤٢:٢١
2543,21:43,21,43,112,٤٣:٢١
2544,21:44,21,44,112,٤٤:٢١
2545,21:45,21,45,112,٤٥:٢١
2546,21:46,21,46,112,٤٦:٢١
2547,21:47,21,47,112,٤٧:٢١
2548,21:48,21,48,112,٤٨:٢١
2549,21:49,21,49,112,٤٩:٢١
2505,21:5,21,5,112,٥:٢١
2550,21:50,21,50,112,٥٠:٢١
2551,21:51,21,51,112,٥١:٢١
2552,21:52,21,52,112,٥٢:٢١
2553,21:53,21,53,112,٥٣:٢١
2554,21:54,21,54,112,٥٤:٢١
2555,21:55,21,55,112,٥٥:٢١
2556,21:56,21,56,112,٥٦:٢١
2557,21:57,21,57,112,٥٧:٢١
2558,21:58,21,58,112,٥٨:٢١
2559,21:59,21,59,112,٥٩:٢١
2506,21:6,21,6,112,٦:٢١
2560,21:60,21,60,112,٦٠:٢١
2561,21:61,21,61,112,٦١:٢١
2562,21:62,21,62,112,٦٢:٢١
2563,21:63,21,63,112,٦٣:٢١
2564,21:64,21,64,112,٦٤:٢١
2565,21:65,21,65,112,٦٥:٢١
2566,21:66,21,66,112,٦٦:٢١
2567,21:67,21,67,112,٦٧:٢١
2568,21:68,21,68,112,٦٨:٢١
2569,21:69,21,69,112,٦٩:٢١
2507,21:7,21,7,112,٧:٢١
2570,21:70,21,70,112,٧٠:٢١
2571,21:71,21,71,112,٧١:٢١
2572,21:72,21,72,112,٧٢:٢١
2573,21:73,21,73,112,٧٣:٢١
2574,21:74,21,74,112,٧٤:٢١
2575,21:75,21,75,112,٧٥:٢١
2576,21:76,21,76,112,٧٦:٢١
2577,21:77,21,77,112,٧٧:٢١
2578,21:78,21,78,112,٧٨:٢١
2579,21:79,21,79,112,٧٩:٢١
2508,21:8,21,8,112,٨:٢١
2580,21:80,21,80,112,٨٠:٢١
2581,21:81,21,81,112,٨١:٢١
2582,21:82,21,82,112,٨٢:٢١
2583,21:83,21,83,112,٨٣:٢١
2584,21:84,21,84,112,٨٤:٢١
2585,21:85,21,85,112,٨٥:٢١
2586,21:86,21,86,112,٨٦:٢١
2587,21:87,21,87,112,٨٧:٢١
2588,21:88,21,88,112,٨٨:٢١
2589,21:89,21,89,112,٨٩:٢١
2509,21:9,21,9,112,٩:٢١
2590,21:90,21,90,112,٩٠:٢١
2591,21:91,21,91,112,٩١:٢١
2592,21:92,21,92,112,٩٢:٢١
2593,21:93,21,93,112,٩٣:٢١
2594,21:94,21,94,112,٩٤:٢١
2595,21:95,21,95,112,٩٥:٢١
2596,21:96,21,96,112,٩٦:٢١
2597,21:97,21,97,112,٩٧:٢١
2598,21:98,21,98,112,٩٨:٢١
2599,21:99,21,99,112,٩٩:٢١
2613,22:0,22,0,78,٠:٢٢
2614,22:1,22,1,78,١:٢٢
2623,22:10,22,10,78,١٠:٢٢
2624,22:11,22,11,78,١١:٢٢
2625,22:12,22,12,78,١٢:٢٢
2626,22:13,22,13,78,١٣:٢٢
2627,22:14,22,14,78,١٤:٢٢
2628,22:15,22,15,78,١٥:٢٢
2629,22:16,22,16,78,١٦:٢٢
2630,22:17,22,17,78,١٧:٢٢
2631,22:18,22,18,78,١٨:٢٢
2632,22:19,22,19,78,١٩:٢٢
2615,22:2,22,2,78,٢:٢٢
2633,22:20,22,20,78,٢٠:٢٢
2634,22:21,22,21,78,٢١:٢٢
2635,22:22,22,22,78,٢٢:٢٢
2636,22:23,22,23,78,٢٣:٢٢
2637,22:24,22,24,78,٢٤:٢٢
2638,22:25,22,25,78,٢٥:٢٢
2639,22:26,22,26,78,٢٦:٢٢
2640,22:27,22,27,78,٢٧:٢٢
2641,22:28,22,28,78,٢٨:٢٢
2642,22:29,22,29,78,٢٩:٢٢
2616,22:3,22,3,78,٣:٢٢
2643,22:30,22,30,78,٣٠:٢٢
2644,22:31,22,31,78,٣١:٢٢
2645,22:32,22,32,78,٣٢:٢٢
2646,22:33,22,33,78,٣٣:٢٢
2647,22:34,22,34,78,٣٤:٢٢
2648,22:35,22,35,78,٣٥:٢٢
2649,22:36,22,36,78,٣٦:٢٢
2650,22:37,22,37,78,٣٧:٢٢
2651,22:38,22,38,78,٣٨:٢٢
2652,22:39,22,39,78,٣٩:٢٢
2617,22:4,22,4,78,٤:٢٢
2653,22:40,22,40,78,٤٠:٢٢
2654,22:41,22,41,78,٤١:٢٢
2655,22:42,22,42,78,٤٢:٢٢
2656,22:43,22,43,78,٤٣:٢٢
2657,22:44,22,44,78,٤٤:٢٢
2658,22:45,22,45,78,٤٥:٢٢
2659,22:46,22,46,78,٤٦:٢٢
2660,22:47,22,47,78,٤٧:٢٢
2661,22:48,22,48,78,٤٨:٢٢
2662,22:49,22,49,78,٤٩:٢٢
2618,22:5,22,5,78,٥:٢٢
2663,22:50,22,50,78,٥٠:٢٢
2664,22:51,22,51,78,٥١:٢٢
2665,22:52,22,52,78,٥٢:٢٢
2666,22:53,22,53,78,٥٣:٢٢
2667,22:54,22,54,78,٥٤:٢٢
2668,22:55,22,55,78,٥٥:٢٢
2669,22:56,22,56,78,٥٦:٢٢
2670,22:57,22,57,78,٥٧:٢٢
2671,22:58,22,58,78,٥٨:٢٢
2672,22:59,22,59,78,٥٩:٢٢
2619,22:6,22,6,78,٦:٢٢
2673,22:60,22,60,78,٦٠:٢٢
2674,22:61,22,61,78,٦١:٢٢
2675,22:62,22,62,78,٦٢:٢٢
2676,22:63,22,63,78,٦٣:٢٢
2677,22:64,22,64,78,٦٤:٢٢
2678,22:65,22,65,78,٦٥:٢٢
2679,22:66,22,66,78,٦٦:٢٢
2680,22:67,22,67,78,٦٧:٢٢
2681,22:68,22,68,78,٦٨:٢٢
2682,22:69,22,69,78,٦٩:٢٢
2620,22:7,22,7,78,٧:٢٢
2683,22:70,22,70,78,٧٠:٢٢
2684,22:71,22,71,78,٧١:٢٢
2685,22:72,22,72,78,٧٢:٢٢
2686,22:73,22,73,78,٧٣:٢٢
2687,22:74,22,74,78,٧٤:٢٢
2688,22:75,22,75,78,٧٥:٢٢
2689,22:76,22,76,78,٧٦:٢٢
2690,22:77,22,77,78,٧٧:٢٢
2691,22:78,22,78,78,٧٨:٢٢
2621,22:8,22,8,78,٨:٢٢
2622,22:9,22,9,78,٩:٢٢
2692,23:0,23,0,118,٠:٢٣
2693,23:1,23,1,118,١:٢٣
2702,23:10,23,10,118,١٠:٢٣
2792,23:100,23,100,118,١٠٠:٢٣
2793,23:101,23,101,118,١٠١:٢٣
2794,23:102,23,102,118,١٠٢:٢٣
2795,23:103,23,103,118,١٠٣:٢٣
2796,23:104,23,104,118,١٠٤:٢٣
2797,23:105,23,105,118,١٠٥:٢٣
2798,23:106,23,106,118,١٠٦:٢٣
2799,23:107,23,107,118,١٠٧:٢٣
2800,23:108,23,108,118,١٠٨:٢٣
2801,23:109,23,109,118,١٠٩:٢٣
2703,23:11,23,11,118,١١:٢٣
2802,23:110,23,110,118,١١٠:٢٣
2803,23:111,23,111,118,١١١:٢٣
2804,23:112,23,112,118,١١٢:٢٣
2805,23:113,23,113,118,١١٣:٢٣
2806,23:114,23,114,118,١١٤:٢٣
2807,23:115,23,115,118,١١٥:٢٣
2808,23:116,23,116,118,١١٦:٢٣
2809,23:117,23,117,118,١١٧:٢٣
2810,23:118,23,118,118,١١٨:٢٣
2704,23:12,23,12,118,١٢:٢٣
2705,23:13,23,13,118,١٣:٢٣
2706,23:14,23,14,118,١٤:٢٣
2707,23:15,23,15,118,١٥:٢٣
2708,23:16,23,16,118,١٦:٢٣
2709,23:17,23,17,118,١٧:٢٣
2710,23:18,23,18,118,١٨:٢٣
2711,23:19,23,19,118,١٩:٢٣
2694,23:2,23,2,118,٢:٢٣
2712,23:20,23,20,118,٢٠:٢٣
2713,23:21,23,21,118,٢١:٢٣
2714,23:22,23,22,118,٢٢:٢٣
2715,23:23,23,23,118,٢٣:٢٣
2716,23:24,23,24,118,٢٤:٢٣
2717,23:25,23,25,118,٢٥:٢٣
2718,23:26,23,26,118,٢٦:٢٣
2719,23:27,23,27,118,٢٧:٢٣
2720,23:28,23,28,118,٢٨:٢٣
2721,23:29,23,29,118,٢٩:٢٣
2695,23:3,23,3,118,٣:٢٣
2722,23:30,23,30,118,٣٠:٢٣
2723,23:31,23,31,118,٣١:٢٣
2724,23:32,23,32,118,٣٢:٢٣
2725,23:33,23,33,118,٣٣:٢٣
2726,23:34,23,34,118,٣٤:٢٣
2727,23:35,23,35,118,٣٥:٢٣
2728,23:36,23,36,118,٣٦:٢٣
2729,23:37,23,37,118,٣٧:٢٣
2730,23:38,23,38,118,٣٨:٢٣
2731,23:39,23,39,118,٣٩:٢٣
2696,23:4,23,4,118,٤:٢٣
2732,23:40,23,40,118,٤٠:٢٣
2733,23:41,23,41,118,٤١:٢٣
2734,23:42,23,42,118,٤٢:٢٣
2735,23:43,23,43,118,٤٣:٢٣
2736,23:44,23,44,118,٤٤:٢٣
2737,23:45,23,45,118,٤٥:٢٣
2738,23:46,23,46,118,٤٦:٢٣
2739,23:47,23,47,118,٤٧:٢٣
2740,23:48,23,48,118,٤٨:٢٣
2741,23:49,23,49,118,٤٩:٢٣
2697,23:5,23,5,118,٥:٢٣
2742,23:50,23,50,118,٥٠:٢٣
2743,23:51,23,51,118,٥١:٢٣
2744,23:52,23,52,118,٥٢:٢٣
2745,23:53,23,53,118,٥٣:٢٣
2746,23:54,23,54,118,٥٤:٢٣
2747,23:55,23,55,118,٥٥:٢٣
2748,23:56,23,56,118,٥٦:٢٣
2749,23:57,23,57,118,٥٧:٢٣
2750,23:58,23,58,118,٥٨:٢٣
2751,23:59,23,59,118,٥٩:٢٣
2698,23:6,23,6,118,٦:٢٣
2752,23:60,23,60,118,٦٠:٢٣
2753,23:61,23,61,118,٦١:٢٣
2754,23:62,23,62,118,٦٢:٢٣
2755,23:63,23,63,118,٦٣:٢٣
2756,23:64,23,64,118,٦٤:٢٣
2757,23:65,23,65,118,٦٥:٢٣
2758,23:66,23,66,118,٦٦:٢٣
2759,23:67,23,67,118,٦٧:٢٣
2760,23:68,23,68,118,٦٨:٢٣
2761,23:69,23,69,118,٦٩:٢٣
2699,23:7,23,7,118,٧:٢٣
2762,23:70,23,70,118,٧٠:٢٣
2763,23:71,23,71,118,٧١:٢٣
2764,23:72,23,72,118,٧٢:٢٣
2765,23:73,23,73,118,٧٣:٢٣
2766,23:74,23,74,118,٧٤:٢٣
2767,23:75,23,75,118,٧٥:٢٣
2768,23:76,23,76,118,٧٦:٢٣
2769,23:77,23,77,118,٧٧:٢٣
2770,23:78,23,78,118,٧٨:٢٣
2771,23:79,23,79,118,٧٩:٢٣
2700,23:8,23,8,118,٨:٢٣
2772,23:80,23,80,118,٨٠:٢٣
2773,23:81,23,81,118,٨١:٢٣
2774,23:82,23,82,118,٨٢:٢٣
2775,23:83,23,83,118,٨٣:٢٣
2776,23:84,23,84,118,٨٤:٢٣
2777,23:85,23,85,118,٨٥:٢٣
2778,23:86,23,86,118,٨٦:٢٣
2779,23:87,23,87,118,٨٧:٢٣
2780,23:88,23,88,118,٨٨:٢٣
2781,23:89,23,89,118,٨٩:٢٣
2701,23:9,23,9,118,٩:٢٣
2782,23:90,23,90,118,٩٠:٢٣
2783,23:91,23,91,118,٩١:٢٣
2784,23:92,23,92,118,٩٢:٢٣
2785,23:93,23,93,118,٩٣:٢٣
2786,23:94,23,94,118,٩٤:٢٣
2787,23:95,23,95,118,٩٥:٢٣
2788,23:96,23,96,118,٩٦:٢٣
2789,23:97,23,97,118,٩٧:٢٣
2790,23:98,23,98,118,٩٨:٢٣
2791,23:99,23,99,118,٩٩:٢٣
2811,24:0,24,0,64,٠:٢٤
2812,24:1,24,1,64,١:٢٤
2821,24:10,24,10,64,١٠:٢٤
2822,24:11,24,11,64,١١:٢٤
2823,24:12,24,12,64,١٢:٢٤
2824,24:13,24,13,64,١٣:٢٤
2825,24:14,24,14,64,١٤:٢٤
2826,24:15,24,15,64,١٥:٢٤
2827,24:16,24,16,64,١٦:٢٤
2828,24:17,24,17,64,١٧:٢٤
2829,24:18,24,18,64,١٨:٢٤
2830,24:19,24,19,64,١٩:٢٤
2813,24:2,24,2,64,٢:٢٤
2831,24:20,24,20,64,٢٠:٢٤
2832,24:21,24,21,64,٢١:٢٤
2833,24:22,24,22,64,٢٢:٢٤
2834,24:23,24,23,64,٢٣:٢٤
2835,24:24,24,24,64,٢٤:٢٤
2836,24:25,24,25,64,٢٥:٢٤
2837,24:26,24,26,64,٢٦:٢٤
2838,24:27,24,27,64,٢٧:٢٤
2839,24:28,24,28,64,٢٨:٢٤
2840,24:29,24,29,64,٢٩:٢٤
2814,24:3,24,3,64,٣:٢٤
2841,24:30,24,30,64,٣٠:٢٤
2842,24:31,24,31,64,٣١:٢٤
2843,24:32,24,32,64,٣٢:٢٤
2844,24:33,24,33,64,٣٣:٢٤
2845,24:34,24,34,64,٣٤:٢٤
2846,24:35,24,35,64,٣٥:٢٤
2847,24:36,24,36,64,٣٦:٢٤
2848,24:37,24,37,64,٣٧:٢٤
2849,24:38,24,38,64,٣٨:٢٤
2850,24:39,24,39,64,٣٩:٢٤
2815,24:4,24,4,64,٤:٢٤
2851,24:40,24,40,64,٤٠:٢٤
2852,24:41,24,41,64,٤١:٢٤
2853,24:42,24,42,64,٤٢:٢٤
2854,24:43,24,43,64,٤٣:٢٤
2855,24:44,24,44,64,٤٤:٢٤
2856,24:45,24,45,64,٤٥:٢٤
2857,24:46,24,46,64,٤٦:٢٤
2858,24:47,24,47,64,٤٧:٢٤
2859,24:48,24,48,64,٤٨:٢٤
2860,24:49,24,49,64,٤٩:٢٤
2816,24:5,24,5,64,٥:٢٤
2861,24:50,24,50,64,٥٠:٢٤
2862,24:51,24,51,64,٥١:٢٤
2863,24:52,24,52,64,٥٢:٢٤
2864,24:53,24,53,64,٥٣:٢٤
2865,24:54,24,54,64,٥٤:٢٤
2866,24:55,24,55,64,٥٥:٢٤
2867,24:56,24,56,64,٥٦:٢٤
2868,24:57,24,57,64,٥٧:٢٤
2869,24:58,24,58,64,٥٨:٢٤
2870,24:59,24,59,64,٥٩:٢٤
2817,24:6,24,6,64,٦:٢٤
2871,24:60,24,60,64,٦٠:٢٤
2872,24:61,24,61,64,٦١:٢٤
2873,24:62,24,62,64,٦٢:٢٤
2874,24:63,24,63,64,٦٣:٢٤
2875,24:64,24,64,64,٦٤:٢٤
2818,24:7,24,7,64,٧:٢٤
2819,24:8,24,8,64,٨:٢٤
2820,24:9,24,9,64,٩:٢٤
2876,25:0,25,0,77,٠:٢٥
2877,25:1,25,1,77,١:٢٥
2886,25:10,25,10,77,١٠:٢٥
2887,25:11,25,11,77,١١:٢٥
2888,25:12,25,12,77,١٢:٢٥
2889,25:13,25,13,77,١٣:٢٥
2890,25:14,25,14,77,١٤:٢٥
2891,25:15,25,15,77,١٥:٢٥
2892,25:16,25,16,77,١٦:٢٥
2893,25:17,25,17,77,١٧:٢٥
2894,25:18,25,18,77,١٨:٢٥
2895,25:19,25,19,77,١٩:٢٥
2878,25:2,25,2,77,٢:٢٥
2896,25:20,25,20,77,٢٠:٢٥
2897,25:21,25,21,77,٢١:٢٥
2898,25:22,25,22,77,٢٢:٢٥
2899,25:23,25,23,77,٢٣:٢٥
2900,25:24,25,24,77,٢٤:٢٥
2901,25:25,25,25,77,٢٥:٢٥
2902,25:26,25,26,77,٢٦:٢٥
2903,25:27,25,27,77,٢٧:٢٥
2904,25:28,25,28,77,٢٨:٢٥
2905,25:29,25,29,77,٢٩:٢٥
2879,25:3,25,3,77,٣:٢٥
2906,25:30,25,30,77,٣٠:٢٥
2907,25:31,25,31,77,٣١:٢٥
2908,25:32,25,32,77,٣٢:٢٥
2909,25:33,25,33,77,٣٣:٢٥
2910,25:34,25,34,77,٣٤:٢٥
2911,25:35,25,35,77,٣٥:٢٥
2912,25:36,25,36,77,٣٦:٢٥
2913,25:37,25,37,77,٣٧:٢٥
2914,25:38,25,38,77,٣٨:٢٥
2915,25:39,25,39,77,٣٩:٢٥
2880,25:4,25,4,77,٤:٢٥
2916,25:40,25,40,77,٤٠:٢٥
2917,25:41,25,41,77,٤١:٢٥
2918,25:42,25,42,77,٤٢:٢٥
2919,25:43,25,43,77,٤٣:٢٥
2920,25:44,25,44,77,٤٤:٢٥
2921,25:45,25,45,77,٤٥:٢٥
2922,25:46,25,46,77,٤٦:٢٥
2923,25:47,25,47,77,٤٧:٢٥
2924,25:48,25,48,77,٤٨:٢٥
2925,25:49,25,49,77,٤٩:٢٥
2881,25:5,25,5,77,٥:٢٥
2926,25:50,25,50,77,٥٠:٢٥
2927,25:51,25,51,77,٥١:٢٥
2928,25:52,25,52,77,٥٢:٢٥
2929,25:53,25,53,77,٥٣:٢٥
2930,25:54,25,54,77,٥٤:٢٥
2931,25:55,25,55,77,٥٥:٢٥
2932,25:56,25,56,77,٥٦:٢٥
2933,25:57,25,57,77,٥٧:٢٥
2934,25:58,25,58,77,٥٨:٢٥
2935,25:59,25,59,77,٥٩:٢٥
2882,25:6,25,6,77,٦:٢٥
2936,25:60,25,60,77,٦٠:٢٥
2937,25:61,25,61,77,٦١:٢٥
2938,25:62,25,62,77,٦٢:٢٥
2939,25:63,25,63,77,٦٣:٢٥
2940,25:64,25,64,77,٦٤:٢٥
2941,25:65,25,65,77,٦٥:٢٥
2942,25:66,25,66,77,٦٦:٢٥
2943,25:67,25,67,77,٦٧:٢٥
2944,25:68,25,68,77,٦٨:٢٥
2945,25:69,25,69,77,٦٩:٢٥
2883,25:7,25,7,77,٧:٢٥
2946,25:70,25,70,77,٧٠:٢٥
2947,25:71,25,71,77,٧١:٢٥
2948,25:72,25,72,77,٧٢:٢٥
2949,25:73,25,73,77,٧٣:٢٥
2950,25:74,25,74,77,٧٤:٢٥
2951,25:75,25,75,77,٧٥:٢٥
2952,25:76,25,76,77,٧٦:٢٥
2953,25:77,25,77,77,٧٧:٢٥
2884,25:8,25,8,77,٨:٢٥
2885,25:9,25,9,77,٩:٢٥
2954,26:0,26,0,227,٠:٢٦
2955,26:1,26,1,227,١:٢٦
2964,26:10,26,10,227,١٠:٢٦
3054,26:100,26,100,227,١٠٠:٢٦
3055,26:101,26,101,227,١٠١:٢٦
3056,26:102,26,102,227,١٠٢:٢٦
3057,26:103,26,103,227,١٠٣:٢٦
3058,26:104,26,104,227,١٠٤:٢٦
3059,26:105,26,105,227,١٠٥:٢٦
3060,26:106,26,106,227,١٠٦:٢٦
3061,26:107,26,107,227,١٠٧:٢٦
3062,26:108,26,108,227,١٠٨:٢٦
3063,26:109,26,109,227,١٠٩:٢٦
2965,26:11,26,11,227,١١:٢٦
3064,26:110,26,110,227,١١٠:٢٦
3065,26:111,26,111,227,١١١:٢٦
3066,26:112,26,112,227,١١٢:٢٦
3067,26:113,26,113,227,١١٣:٢٦
3068,26:114,26,114,227,١١٤:٢٦
3069,26:115,26,115,227,١١٥:٢٦
3070,26:116,26,116,227,١١٦:٢٦
3071,26:117,26,117,227,١١٧:٢٦
3072,26:118,26,118,227,١١٨:٢٦
3073,26:119,26,119,227,١١٩:٢٦
2966,26:12,26,12,227,١٢:٢٦
3074,26:120,26,120,227,١٢٠:٢٦
3075,26:121,26,121,227,١٢١:٢٦
3076,26:122,26,122,227,١٢٢:٢٦
3077,26:123,26,123,227,١٢٣:٢٦
3078,26:124,26,124,227,١٢٤:٢٦
3079,26:125,26,125,227,١٢٥:٢٦
3080,26:126,26,126,227,١٢٦:٢٦
3081,26:127,26,127,227,١٢٧:٢٦
3082,26:128,26,128,227,١٢٨:٢٦
3083,26:129,26,129,227,١٢٩:٢٦
2967,26:13,26,13,227,١٣:٢٦
3084,26:130,26,130,227,١٣٠:٢٦
3085,26:131,26,131,227,١٣١:٢٦
3086,26:132,26,132,227,١٣٢:٢٦
3087,26:133,26,133,227,١٣٣:٢٦
3088,26:134,26,134,227,١٣٤:٢٦
3089,26:135,26,135,227,١٣٥:٢٦
3090,26:136,26,136,227,١٣٦:٢٦
3091,26:137,26,137,227,١٣٧:٢٦
3092,26:138,26,138,227,١٣٨:٢٦
3093,26:139,26,139,227,١٣٩:٢٦
2968,26:14,26,14,227,١٤:٢٦
3094,26:140,26,140,227,١٤٠:٢٦
3095,26:141,26,141,227,١٤١:٢٦
3096,26:142,26,142,227,١٤٢:٢٦
3097,26:143,26,143,227,١٤٣:٢٦
3098,26:144,26,144,227,١٤٤:٢٦
3099,26:145,26,145,227,١٤٥:٢٦
3100,26:146,26,146,227,١٤٦:٢٦
3101,26:147,26,147,227,١٤٧:٢٦
3102,26:148,26,148,227,١٤٨:٢٦
3103,26:149,26,149,227,١٤٩:٢٦
2969,26:15,26,15,227,١٥:٢٦
3104,26:150,26,150,227,١٥٠:٢٦
3105,26:151,26,151,227,١٥١:٢٦
3106,26:152,26,152,227,١٥٢:٢٦
3107,26:153,26,153,227,١٥٣:٢٦
3108,26:154,26,154,227,١٥٤:٢٦
3109,26:155,26,155,227,١٥٥:٢٦
3110,26:156,26,156,227,١٥٦:٢٦
3111,26:157,26,157,227,١٥٧:٢٦
3112,26:158,26,158,227,١٥٨:٢٦
3113,26:159,26,159,227,١٥٩:٢٦
2970,26:16,26,16,227,١٦:٢٦
3114,26:160,26,160,227,١٦٠:٢٦
3115,26:161,26,161,227,١٦١:٢٦
3116,26:162,26,162,227,١٦٢:٢٦
3117,26:163,26,163,227,١٦٣:٢٦
3118,26:164,26,164,227,١٦٤:٢٦
3119,26:165,26,165,227,١٦٥:٢٦
3120,26:166,26,166,227,١٦٦:٢٦
3121,26:167,26,167,227,١٦٧:٢٦
3122,26:168,26,168,227,١٦٨:٢٦
3123,26:169,26,169,227,١٦٩:٢٦
2971,26:17,26,17,227,١٧:٢٦
3124,26:170,26,170,227,١٧٠:٢٦
3125,26:171,26,171,227,١٧١:٢٦
3126,26:172,26,172,227,١٧٢:٢٦
3127,26:173,26,173,227,١٧٣:٢٦
3128,26:174,26,174,227,١٧٤:٢٦
3129,26:175,26,175,227,١٧٥:٢٦
3130,26:176,26,176,227,١٧٦:٢٦
3131,26:177,26,177,227,١٧٧:٢٦
3132,26:178,26,178,227,١٧٨:٢٦
3133,26:179,26,179,227,١٧٩:٢٦
2972,26:18,26,18,227,١٨:٢٦
3134,26:180,26,180,227,١٨٠:٢٦
3135,26:181,26,181,227,١٨١:٢٦
3136,26:182,26,182,227,١٨٢:٢٦
3137,26:183,26,183,227,١٨٣:٢٦
3138,26:184,26,184,227,١٨٤:٢٦
3139,26:185,26,185,227,١٨٥:٢٦
3140,26:186,26,186,227,١٨٦:٢٦
3141,26:187,26,187,227,١٨٧:٢٦
3142,26:188,26,188,227,١٨٨:٢٦
3143,26:189,26,189,227,١٨٩:٢٦
2973,26:19,26,19,227,١٩:٢٦
3144,26:190,26,190,227,١٩٠:٢٦
3145,26:191,26,191,227,١٩١:٢٦
3146,26:192,26,192,227,١٩٢:٢٦
3147,26:193,26,193,227,١٩٣:٢٦
3148,26:194,26,194,227,١٩٤:٢٦
3149,26:195,26,195,227,١٩٥:٢٦
3150,26:196,26,196,227,١٩٦:٢٦
3151,26:197,26,197,227,١٩٧:٢٦
3152,26:198,26,198,227,١٩٨:٢٦
3153,26:199,26,199,227,١٩٩:٢٦
2956,26:2,26,2,227,٢:٢٦
2974,26:20,26,20,227,٢٠:٢٦
3154,26:200,26,200,227,٢٠٠:٢٦
3155,26:201,26,201,227,٢٠١:٢٦
3156,26:202,26,202,227,٢٠٢:٢٦
3157,26:203,26,203,227,٢٠٣:٢٦
3158,26:204,26,204,227,٢٠٤:٢٦
3159,26:205,26,205,227,٢٠٥:٢٦
3160,26:206,26,206,227,٢٠٦:٢٦
3161,26:207,26,207,227,٢٠٧:٢٦
3162,26:208,26,208,227,٢٠٨:٢٦
3163,26:209,26,209,227,٢٠٩:٢٦
2975,26:21,26,21,227,٢١:٢٦
3164,26:210,26,210,227,٢١٠:٢٦
3165,26:211,26,211,227,٢١١:٢٦
3166,26:212,26,212,227,٢١٢:٢٦
3167,26:213,26,213,227,٢١٣:٢٦
3168,26:214,26,214,227,٢١٤:٢٦
3169,26:215,26,215,227,٢١٥:٢٦
3170,26:216,26,216,227,٢١٦:٢٦
3171,26:217,26,217,227,٢١٧:٢٦
3172,26:218,26,218,227,٢١٨:٢٦
3173,26:219,26,219,227,٢١٩:٢٦
2976,26:22,26,22,227,٢٢:٢٦
3174,26:220,26,220,227,٢٢٠:٢٦
3175,26:221,26,221,227,٢٢١:٢٦
3176,26:222,26,222,227,٢٢٢:٢٦
3177,26:223,26,223,227,٢٢٣:٢٦
3178,26:224,26,224,227,٢٢٤:٢٦
3179,26:225,26,225,227,٢٢٥:٢٦
3180,26:226,26,226,227,٢٢٦:٢٦
3181,26:227,26,227,227,٢٢٧:٢٦
2977,26:23,26,23,227,٢٣:٢٦
2978,26:24,26,24,227,٢٤:٢٦
2979,26:25,26,25,227,٢٥:٢٦
2980,26:26,26,26,227,٢٦:٢٦
2981,26:27,26,27,227,٢٧:٢٦
2982,26:28,26,28,227,٢٨:٢٦
2983,26:29,26,29,227,٢٩:٢٦
2957,26:3,26,3,227,٣:٢٦
2984,26:30,26,30,227,٣٠:٢٦
2985,26:31,26,31,227,٣١:٢٦
2986,26:32,26,32,227,٣٢:٢٦
2987,26:33,26,33,227,٣٣:٢٦
2988,26:34,26,34,227,٣٤:٢٦
2989,26:35,26,35,227,٣٥:٢٦
2990,26:36,26,36,227,٣٦:٢٦
2991,26:37,26,37,227,٣٧:٢٦
2992,26:38,26,38,227,٣٨:٢٦
2993,26:39,26,39,227,٣٩:٢٦
2958,26:4,26,4,227,٤:٢٦
2994,26:40,26,40,227,٤٠:٢٦
2995,26:41,26,41,227,٤١:٢٦
2996,26:42,26,42,227,٤٢:٢٦
2997,26:43,26,43,227,٤٣:٢٦
2998,26:44,26,44,227,٤٤:٢٦
2999,26:45,26,45,227,٤٥:٢٦
3000,26:46,26,46,227,٤٦:٢٦
3001,26:47,26,47,227,٤٧:٢٦
3002,26:48,26,48,227,٤٨:٢٦
3003,26:49,26,49,227,٤٩:٢٦
2959,26:5,26,5,227,٥:٢٦
3004,26:50,26,50,227,٥٠:٢٦
3005,26:51,26,51,227,٥١:٢٦
3006,26:52,26,52,227,٥٢:٢٦
3007,26:53,26,53,227,٥٣:٢٦
3008,26:54,26,54,227,٥٤:٢٦
3009,26:55,26,55,227,٥٥:٢٦
3010,26:56,26,56,227,٥٦:٢٦
3011,26:57,26,57,227,٥٧:٢٦
3012,26:58,26,58,227,٥٨:٢٦
3013,26:59,26,59,227,٥٩:٢٦
2960,26:6,26,6,227,٦:٢٦
3014,26:60,26,60,227,٦٠:٢٦
3015,26:61,26,61,227,٦١:٢٦
3016,26:62,26,62,227,٦٢:٢٦
3017,26:63,26,63,227,٦٣:٢٦
3018,26:64,26,64,227,٦٤:٢٦
3019,26:65,26,65,227,٦٥:٢٦
3020,26:66,26,66,227,٦٦:٢٦
3021,26:67,26,67,227,٦٧:٢٦
3022,26:68,26,68,227,٦٨:٢٦
3023,26:69,26,69,227,٦٩:٢٦
2961,26:7,26,7,227,٧:٢٦
3024,26:70,26,70,227,٧٠:٢٦
3025,26:71,26,71,227,٧١:٢٦
3026,26:72,26,72,227,٧٢:٢٦
3027,26:73,26,73,227,٧٣:٢٦
3028,26:74,26,74,227,٧٤:٢٦
3029,26:75,26,75,227,٧٥:٢٦
3030,26:76,26,76,227,٧٦:٢٦
3031,26:77,26,77,227,٧٧:٢٦
3032,26:78,26,78,227,٧٨:٢٦
3033,26:79,26,79,227,٧٩:٢٦
2962,26:8,26,8,227,٨:٢٦
3034,26:80,26,80,227,٨٠:٢٦
3035,26:81,26,81,227,٨١:٢٦
3036,26:82,26,82,227,٨٢:٢٦
3037,26:83,26,83,227,٨٣:٢٦
3038,26:84,26,84,227,٨٤:٢٦
3039,26:85,26,85,227,٨٥:٢٦
3040,26:86,26,86,227,٨٦:٢٦
3041,26:87,26,87,227,٨٧:٢٦
3042,26:88,26,88,227,٨٨:٢٦
3043,26:89,26,89,227,٨٩:٢٦
2963,26:9,26,9,227,٩:٢٦
3044,26:90,26,90,227,٩٠:٢٦
3045,26:91,26,91,227,٩١:٢٦
3046,26:92,26,92,227,٩٢:٢٦
3047,26:93,26,93,227,٩٣:٢٦
3048,26:94,26,94,227,٩٤:٢٦
3049,26:95,26,95,227,٩٥:٢٦
3050,26:96,26,96,227,٩٦:٢٦
3051,26:97,26,97,227,٩٧:٢٦
3052,26:98,26,98,227,٩٨:٢٦
3053,26:99,26,99,227,٩٩:٢٦
3182,27:0,27,0,93,٠:٢٧
3183,27:1,27,1,93,١:٢٧
3192,27:10,27,10,93,١٠:٢٧
3193,27:11,27,11,93,١١:٢٧
3194,27:12,27,12,93,١٢:٢٧
3195,27:13,27,13,93,١٣:٢٧
3196,27:14,27,14,93,١٤:٢٧
3197,27:15,27,15,93,١٥:٢٧
3198,27:16,27,16,93,١٦:٢٧
3199,27:17,27,17,93,١٧:٢٧
3200,27:18,27,18,93,١٨:٢٧
3201,27:19,27,19,93,١٩:٢٧
3184,27:2,27,2,93,٢:٢٧
3202,27:20,27,20,93,٢٠:٢٧
3203,27:21,27,21,93,٢١:٢٧
3204,27:22,27,22,93,٢٢:٢٧
3205,27:23,27,23,93,٢٣:٢٧
3206,27:24,27,24,93,٢٤:٢٧
3207,27:25,27,25,93,٢٥:٢٧
3208,27:26,27,26,93,٢٦:٢٧
3209,27:27,27,27,93,٢٧:٢٧
3210,27:28,27,28,93,٢٨:٢٧
3211,27:29,27,29,93,٢٩:٢٧
3185,27:3,27,3,93,٣:٢٧
3212,27:30,27,30,93,٣٠:٢٧
3213,27:31,27,31,93,٣١:٢٧
3214,27:32,27,32,93,٣٢:٢٧
3215,27:33,27,33,93,٣٣:٢٧
3216,27:34,27,34,93,٣٤:٢٧
3217,27:35,27,35,93,٣٥:٢٧
3218,27:36,27,36,93,٣٦:٢٧
3219,27:37,27,37,93,٣٧:٢٧
3220,27:38,27,38,93,٣٨:٢٧
3221,27:39,27,39,93,٣٩:٢٧
3186,27:4,27,4,93,٤:٢٧
3222,27:40,27,40,93,٤٠:٢٧
3223,27:41,27,41,93,٤١:٢٧
3224,27:42,27,42,93,٤٢:٢٧
3225,27:43,27,43,93,٤٣:٢٧
3226,27:44,27,44,93,٤٤:٢٧
3227,27:45,27,45,93,٤٥:٢٧
3228,27:46,27,46,93,٤٦:٢٧
3229,27:47,27,47,93,٤٧:٢٧
3230,27:48,27,48,93,٤٨:٢٧
3231,27:49,27,49,93,٤٩:٢٧
3187,27:5,27,5,93,٥:٢٧
3232,27:50,27,50,93,٥٠:٢٧
3233,27:51,27,51,93,٥١:٢٧
3234,27:52,27,52,93,٥٢:٢٧
3235,27:53,27,53,93,٥٣:٢٧
3236,27:54,27,54,93,٥٤:٢٧
3237,27:55,27,55,93,٥٥:٢٧
3238,27:56,27,56,93,٥٦:٢٧
3239,27:57,27,57,93,٥٧:٢٧
3240,27:58,27,58,93,٥٨:٢٧
3241,27:59,27,59,93,٥٩:٢٧
3188,27:6,27,6,93,٦:٢٧
3242,27:60,27,60,93,٦٠:٢٧
3243,27:61,27,61,93,٦١:٢٧
3244,27:62,27,62,93,٦٢:٢٧
3245,27:63,27,63,93,٦٣:٢٧
3246,27:64,27,64,93,٦٤:٢٧
3247,27:65,27,65,93,٦٥:٢٧
3248,27:66,27,66,93,٦٦:٢٧
3249,27:67,27,67,93,٦٧:٢٧
3250,27:68,27,68,93,٦٨:٢٧
3251,27:69,27,69,93,٦٩:٢٧
3189,27:7,27,7,93,٧:٢٧
3252,27:70,27,70,93,٧٠:٢٧
3253,27:71,27,71,93,٧١:٢٧
3254,27:72,27,72,93,٧٢:٢٧
3255,27:73,27,73,93,٧٣:٢٧
3256,27:74,27,74,93,٧٤:٢٧
3257,27:75,27,75,93,٧٥:٢٧
3258,27:76,27,76,93,٧٦:٢٧
3259,27:77,27,77,93,٧٧:٢٧
3260,27:78,27,78,93,٧٨:٢٧
3261,27:79,27,79,93,٧٩:٢٧
3190,27:8,27,8,93,٨:٢٧
3262,27:80,27,80,93,٨٠:٢٧
3263,27:81,27,81,93,٨١:٢٧
3264,27:82,27,82,93,٨٢:٢٧
3265,27:83,27,83,93,٨٣:٢٧
3266,27:84,27,84,93,٨٤:٢٧
3267,27:85,27,85,93,٨٥:٢٧
3268,27:86,27,86,93,٨٦:٢٧
3269,27:87,27,87,93,٨٧:٢٧
3270,27:88,27,88,93,٨٨:٢٧
3271,27:89,27,89,93,٨٩:٢٧
3191,27:9,27,9,93,٩:٢٧
3272,27:90,27,90,93,٩٠:٢٧
3273,27:91,27,91,93,٩١:٢٧
3274,27:92,27,92,93,٩٢:٢٧
3275,27:93,27,93,93,٩٣:٢٧
3276,28:0,28,0,88,٠:٢٨
3277,28:1,28,1,88,١:٢٨
3286,28:10,28,10,88,١٠:٢٨
3287,28:11,28,11,88,١١:٢٨
3288,28:12,28,12,88,١٢:٢٨
3289,28:13,28,13,88,١٣:٢٨
3290,28:14,28,14,88,١٤:٢٨
3291,28:15,28,15,88,١٥:٢٨
3292,28:16,28,16,88,١٦:٢٨
3293,28:17,28,17,88,١٧:٢٨
3294,28:18,28,18,88,١٨:٢٨
3295,28:19,28,19,88,١٩:٢٨
3278,28:2,28,2,88,٢:٢٨
3296,28:20,28,20,88,٢٠:٢٨
3297,28:21,28,21,88,٢١:٢٨
3298,28:22,28,22,88,٢٢:٢٨
3299,28:23,28,23,88,٢٣:٢٨
3300,28:24,28,24,88,٢٤:٢٨
3301,28:25,28,25,88,٢٥:٢٨
3302,28:26,28,26,88,٢٦:٢٨
3303,28:27,28,27,88,٢٧:٢٨
3304,28:28,28,28,88,٢٨:٢٨
3305,28:29,28,29,88,٢٩:٢٨
3279,28:3,28,3,88,٣:٢٨
3306,28:30,28,30,88,٣٠:٢٨
3307,28:31,28,31,88,٣١:٢٨
3308,28:32,28,32,88,٣٢:٢٨
3309,28:33,28,33,88,٣٣:٢٨
3310,28:34,28,34,88,٣٤:٢٨
3311,28:35,28,35,88,٣٥:٢٨
3312,28:36,28,36,88,٣٦:٢٨
3313,28:37,28,37,88,٣٧:٢٨
3314,28:38,28,38,88,٣٨:٢٨
3315,28:39,28,39,88,٣٩:٢٨
3280,28:4,28,4,88,٤:٢٨
3316,28:40,28,40,88,٤٠:٢٨
3317,28:41,28,41,88,٤١:٢٨
3318,28:42,28,42,88,٤٢:٢٨
3319,28:43,28,43,88,٤٣:٢٨
3320,28:44,28,44,88,٤٤:٢٨
3321,28:45,28,45,88,٤٥:٢٨
3322,28:46,28,46,88,٤٦:٢٨
3323,28:47,28,47,88,٤٧:٢٨
3324,28:48,28,48,88,٤٨:٢٨
3325,28:49,28,49,88,٤٩:٢٨
3281,28:5,28,5,88,٥:٢٨
3326,28:50,28,50,88,٥٠:٢٨
3327,28:51,28,51,88,٥١:٢٨
3328,28:52,28,52,88,٥٢:٢٨
3329,28:53,28,53,88,٥٣:٢٨
3330,28:54,28,54,88,٥٤:٢٨
3331,28:55,28,55,88,٥٥:٢٨
3332,28:56,28,56,88,٥٦:٢٨
3333,28:57,28,57,88,٥٧:٢٨
3334,28:58,28,58,88,٥٨:٢٨
3335,28:59,28,59,88,٥٩:٢٨
3282,28:6,28,6,88,٦:٢٨
3336,28:60,28,60,88,٦٠:٢٨
3337,28:61,28,61,88,٦١:٢٨
3338,28:62,28,62,88,٦٢:٢٨
3339,28:63,28,63,88,٦٣:٢٨
3340,28:64,28,64,88,٦٤:٢٨
3341,28:65,28,65,88,٦٥:٢٨
3342,28:66,28,66,88,٦٦:٢٨
3343,28:67,28,67,88,٦٧:٢٨
3344,28:68,28,68,88,٦٨:٢٨
3345,28:69,28,69,88,٦٩:٢٨
3283,28:7,28,7,88,٧:٢٨
3346,28:70,28,70,88,٧٠:٢٨
3347,28:71,28,71,88,٧١:٢٨
3348,28:72,28,72,88,٧٢:٢٨
3349,28:73,28,73,88,٧٣:٢٨
3350,28:74,28,74,88,٧٤:٢٨
3351,28:75,28,75,88,٧٥:٢٨
3352,28:76,28,76,88,٧٦:٢٨
3353,28:77,28,77,88,٧٧:٢٨
3354,28:78,28,78,88,٧٨:٢٨
3355,28:79,28,79,88,٧٩:٢٨
3284,28:8,28,8,88,٨:٢٨
3356,28:80,28,80,88,٨٠:٢٨
3357,28:81,28,81,88,٨١:٢٨
3358,28:82,28,82,88,٨٢:٢٨
3359,28:83,28,83,88,٨٣:٢٨
3360,28:84,28,84,88,٨٤:٢٨
3361,28:85,28,85,88,٨٥:٢٨
3362,28:86,28,86,88,٨٦:٢٨
3363,28:87,28,87,88,٨٧:٢٨
3364,28:88,28,88,88,٨٨:٢٨
3285,28:9,28,9,88,٩:٢٨
3365,29:0,29,0,69,٠:٢٩
3366,29:1,29,1,69,١:٢٩
3375,29:10,29,10,69,١٠:٢٩
3376,29:11,29,11,69,١١:٢٩
3377,29:12,29,12,69,١٢:٢٩
3378,29:13,29,13,69,١٣:٢٩
3379,29:14,29,14,69,١٤:٢٩
3380,29:15,29,15,69,١٥:٢٩
3381,29:16,29,16,69,١٦:٢٩
3382,29:17,29,17,69,١٧:٢٩
3383,29:18,29,18,69,١٨:٢٩
3384,29:19,29,19,69,١٩:٢٩
3367,29:2,29,2,69,٢:٢٩
3385,29:20,29,20,69,٢٠:٢٩
3386,29:21,29,21,69,٢١:٢٩
3387,29:22,29,22,69,٢٢:٢٩
3388,29:23,29,23,69,٢٣:٢٩
3389,29:24,29,24,69,٢٤:٢٩
3390,29:25,29,25,69,٢٥:٢٩
3391,29:26,29,26,69,٢٦:٢٩
3392,29:27,29,27,69,٢٧:٢٩
3393,29:28,29,28,69,٢٨:٢٩
3394,29:29,29,29,69,٢٩:٢٩
3368,29:3,29,3,69,٣:٢٩
3395,29:30,29,30,69,٣٠:٢٩
3396,29:31,29,31,69,٣١:٢٩
3397,29:32,29,32,69,٣٢:٢٩
3398,29:33,29,33,69,٣٣:٢٩
3399,29:34,29,34,69,٣٤:٢٩
3400,29:35,29,35,69,٣٥:٢٩
3401,29:36,29,36,69,٣٦:٢٩
3402,29:37,29,37,69,٣٧:٢٩
3403,29:38,29,38,69,٣٨:٢٩
3404,29:39,29,39,69,٣٩:٢٩
3369,29:4,29,4,69,٤:٢٩
3405,29:40,29,40,69,٤٠:٢٩
3406,29:41,29,41,69,٤١:٢٩
3407,29:42,29,42,69,٤٢:٢٩
3408,29:43,29,43,69,٤٣:٢٩
3409,29:44,29,44,69,٤٤:٢٩
3410,29:45,29,45,69,٤٥:٢٩
3411,29:46,29,46,69,٤٦:٢٩
3412,29:47,29,47,69,٤٧:٢٩
3413,29:48,29,48,69,٤٨:٢٩
3414,29:49,29,49,69,٤٩:٢٩
3370,29:5,29,5,69,٥:٢٩
3415,29:50,29,50,69,٥٠:٢٩
3416,29:51,29,51,69,٥١:٢٩
3417,29:52,29,52,69,٥٢:٢٩
3418,29:53,29,53,69,٥٣:٢٩
3419,29:54,29,54,69,٥٤:٢٩
3420,29:55,29,55,69,٥٥:٢٩
3421,29:56,29,56,69,٥٦:٢٩
3422,29:57,29,57,69,٥٧:٢٩
3423,29:58,29,58,69,٥٨:٢٩
3424,29:59,29,59,69,٥٩:٢٩
3371,29:6,29,6,69,٦:٢٩
3425,29:60,29,60,69,٦٠:٢٩
3426,29:61,29,61,69,٦١:٢٩
3427,29:62,29,62,69,٦٢:٢٩
3428,29:63,29,63,69,٦٣:٢٩
3429,29:64,29,64,69,٦٤:٢٩
3430,29:65,29,65,69,٦٥:٢٩
3431,29:66,29,66,69,٦٦:٢٩
3432,29:67,29,67,69,٦٧:٢٩
3433,29:68,29,68,69,٦٨:٢٩
3434,29:69,29,69,69,٦٩:٢٩
3372,29:7,29,7,69,٧:٢٩
3373,29:8,29,8,69,٨:٢٩
3374,29:9,29,9,69,٩:٢٩
295,3:0,3,0,200,٠:٣
296,3:1,3,1,200,١:٣
305,3:10,3,10,200,١٠:٣
395,3:100,3,100,200,١٠٠:٣
396,3:101,3,101,200,١٠١:٣
397,3:102,3,102,200,١٠٢:٣
398,3:103,3,103,200,١٠٣:٣
399,3:104,3,104,200,١٠٤:٣
400,3:105,3,105,200,١٠٥:٣
401,3:106,3,106,200,١٠٦:٣
402,3:107,3,107,200,١٠٧:٣
403,3:108,3,108,200,١٠٨:٣
404,3:109,3,109,200,١٠٩:٣
306,3:11,3,11,200,١١:٣
405,3:110,3,110,200,١١٠:٣
406,3:111,3,111,200,١١١:٣
407,3:112,3,112,200,١١٢:٣
408,3:113,3,113,200,١١٣:٣
409,3:114,3,114,200,١١٤:٣
410,3:115,3,115,200,١١٥:٣
411,3:116,3,116,200,١١٦:٣
412,3:117,3,117,200,١١٧:٣
413,3:118,3,118,200,١١٨:٣
414,3:119,3,119,200,١١٩:٣
307,3:12,3,12,200,١٢:٣
415,3:120,3,120,200,١٢٠:٣
416,3:121,3,121,200,١٢١:٣
417,3:122,3,122,200,١٢٢:٣
418,3:123,3,123,200,١٢٣:٣
419,3:124,3,124,200,١٢٤:٣
420,3:125,3,125,200,١٢٥:٣
421,3:126,3,126,200,١٢٦:٣
422,3:127,3,127,200,١٢٧:٣
423,3:128,3,128,200,١٢٨:٣
424,3:129,3,129,200,١٢٩:٣
308,3:13,3,13,200,١٣:٣
425,3:130,3,130,200,١٣٠:٣
426,3:131,3,131,200,١٣١:٣
427,3:132,3,132,200,١٣٢:٣
428,3:133,3,133,200,١٣٣:٣
429,3:134,3,134,200,١٣٤:٣
430,3:135,3,135,200,١٣٥:٣
431,3:136,3,136,200,١٣٦:٣
432,3:137,3,137,200,١٣٧:٣
433,3:138,3,138,200,١٣٨:٣
434,3:139,3,139,200,١٣٩:٣
309,3:14,3,14,200,١٤:٣
435,3:140,3,140,200,١٤٠:٣
436,3:141,3,141,200,١٤١:٣
437,3:142,3,142,200,١٤٢:٣
438,3:143,3,143,200,١٤٣:٣
439,3:144,3,144,200,١٤٤:٣
440,3:145,3,145,200,١٤٥:٣
441,3:146,3,146,200,١٤٦:٣
442,3:147,3,147,200,١٤٧:٣
443,3:148,3,148,200,١٤٨:٣
444,3:149,3,149,200,١٤٩:٣
310,3:15,3,15,200,١٥:٣
445,3:150,3,150,200,١٥٠:٣
446,3:151,3,151,200,١٥١:٣
447,3:152,3,152,200,١٥٢:٣
448,3:153,3,153,200,١٥٣:٣
449,3:154,3,154,200,١٥٤:٣
450,3:155,3,155,200,١٥٥:٣
451,3:156,3,156,200,١٥٦:٣
452,3:157,3,157,200,١٥٧:٣
453,3:158,3,158,200,١٥٨:٣
454,3:159,3,159,200,١٥٩:٣
311,3:16,3,16,200,١٦:٣
455,3:160,3,160,200,١٦٠:٣
456,3:161,3,161,200,١٦١:٣
457,3:162,3,162,200,١٦٢:٣
458,3:163,3,163,200,١٦٣:٣
459,3:164,3,164,200,١٦٤:٣
460,3:165,3,165,200,١٦٥:٣
461,3:166,3,166,200,١٦٦:٣
462,3:167,3,167,200,١٦٧:٣
463,3:168,3,168,200,١٦٨:٣
464,3:169,3,169,200,١٦٩:٣
312,3:17,3,17,200,١٧:٣
465,3:170,3,170,200,١٧٠:٣
466,3:171,3,171,200,١٧١:٣
467,3:172,3,172,200,١٧٢:٣
468,3:173,3,173,200,١٧٣:٣
469,3:174,3,174,200,١٧٤:٣
470,3:175,3,175,200,١٧٥:٣
471,3:176,3,176,200,١٧٦:٣
472,3:177,3,177,200,١٧٧:٣
473,3:178,3,178,200,١٧٨:٣
474,3:179,3,179,200,١٧٩:٣
313,3:18,3,18,200,١٨:٣
475,3:180,3,180,200,١٨٠:٣
476,3:181,3,181,200,١٨١:٣
477,3:182,3,182,200,١٨٢:٣
478,3:183,3,183,200,١٨٣:٣
479,3:184,3,184,200,١٨٤:٣
480,3:185,3,185,200,١٨٥:٣
481,3:186,3,186,200,١٨٦:٣
482,3:187,3,187,200,١٨٧:٣
483,3:188,3,188,200,١٨٨:٣
484,3:189,3,189,200,١٨٩:٣
314,3:19,3,19,200,١٩:٣
485,3:190,3,190,200,١٩٠:٣
486,3:191,3,191,200,١٩١:٣
487,3:192,3,192,200,١٩٢:٣
488,3:193,3,193,200,١٩٣:٣
489,3:194,3,194,200,١٩٤:٣
490,3:195,3,195,200,١٩٥:٣
491,3:196,3,196,200,١٩٦:٣
492,3:197,3,197,200,١٩٧:٣
493,3:198,3,198,200,١٩٨:٣
494,3:199,3,199,200,١٩٩:٣
297,3:2,3,2,200,٢:٣
315,3:20,3,20,200,٢٠:٣
495,3:200,3,200,200,٢٠٠:٣
316,3:21,3,21,200,٢١:٣
317,3:22,3,22,200,٢٢:٣
318,3:23,3,23,200,٢٣:٣
319,3:24,3,24,200,٢٤:٣
320,3:25,3,25,200,٢٥:٣
321,3:26,3,26,200,٢٦:٣
322,3:27,3,27,200,٢٧:٣
323,3:28,3,28,200,٢٨:٣
324,3:29,3,29,200,٢٩:٣
298,3:3,3,3,200,٣:٣
325,3:30,3,30,200,٣٠:٣
326,3:31,3,31,200,٣١:٣
327,3:32,3,32,200,٣٢:٣
328,3:33,3,33,200,٣٣:٣
329,3:34,3,34,200,٣٤:٣
330,3:35,3,35,200,٣٥:٣
331,3:36,3,36,200,٣٦:٣
332,3:37,3,37,200,٣٧:٣
333,3:38,3,38,200,٣٨:٣
334,3:39,3,39,200,٣٩:٣
299,3:4,3,4,200,٤:٣
335,3:40,3,40,200,٤٠:٣
336,3:41,3,41,200,٤١:٣
337,3:42,3,42,200,٤٢:٣
338,3:43,3,43,200,٤٣:٣
339,3:44,3,44,200,٤٤:٣
340,3:45,3,45,200,٤٥:٣
341,3:46,3,46,200,٤٦:٣
342,3:47,3,47,200,٤٧:٣
343,3:48,3,48,200,٤٨:٣
344,3:49,3,49,200,٤٩:٣
300,3:5,3,5,200,٥:٣
345,3:50,3,50,200,٥٠:٣
346,3:51,3,51,200,٥١:٣
347,3:52,3,52,200,٥٢:٣
348,3:53,3,53,200,٥٣:٣
349,3:54,3,54,200,٥٤:٣
350,3:55,3,55,200,٥٥:٣
351,3:56,3,56,200,٥٦:٣
352,3:57,3,57,200,٥٧:٣
353,3:58,3,58,200,٥٨:٣
354,3:59,3,59,200,٥٩:٣
301,3:6,3,6,200,٦:٣
355,3:60,3,60,200,٦٠:٣
356,3:61,3,61,200,٦١:٣
357,3:62,3,62,200,٦٢:٣
358,3:63,3,63,200,٦٣:٣
359,3:64,3,64,200,٦٤:٣
360,3:65,3,65,200,٦٥:٣
361,3:66,3,66,200,٦٦:٣
362,3:67,3,67,200,٦٧:٣
363,3:68,3,68,200,٦٨:٣
364,3:69,3,69,200,٦٩:٣
302,3:7,3,7,200,٧:٣
365,3:70,3,70,200,٧٠:٣
366,3:71,3,71,200,٧١:٣
367,3:72,3,72,200,٧٢:٣
368,3:73,3,73,200,٧٣:٣
369,3:74,3,74,200,٧٤:٣
370,3:75,3,75,200,٧٥:٣
371,3:76,3,76,200,٧٦:٣
372,3:77,3,77,200,٧٧:٣
373,3:78,3,78,200,٧٨:٣
374,3:79,3,79,200,٧٩:٣
303,3:8,3,8,200,٨:٣
375,3:80,3,80,200,٨٠:٣
376,3:81,3,81,200,٨١:٣
377,3:82,3,82,200,٨٢:٣
378,3:83,3,83,200,٨٣:٣
379,3:84,3,84,200,٨٤:٣
380,3:85,3,85,200,٨٥:٣
381,3:86,3,86,200,٨٦:٣
382,3:87,3,87,200,٨٧:٣
383,3:88,3,88,200,٨٨:٣
384,3:89,3,89,200,٨٩:٣
304,3:9,3,9,200,٩:٣
385,3:90,3,90,200,٩٠:٣
386,3:91,3,91,200,٩١:٣
387,3:92,3,92,200,٩٢:٣
388,3:93,3,93,200,٩٣:٣
389,3:94,3,94,200,٩٤:٣
390,3:95,3,95,200,٩٥:٣
391,3:96,3,96,200,٩٦:٣
392,3:97,3,97,200,٩٧:٣
393,3:98,3,98,200,٩٨:٣
394,3:99,3,99,200,٩٩:٣
3435,30:0,30,0,60,٠:٣٠
3436,30:1,30,1,60,١:٣٠
3445,30:10,30,10,60,١٠:٣٠
3446,30:11,30,11,60,١١:٣٠
3447,30:12,30,12,60,١٢:٣٠
3448,30:13,30,13,60,١٣:٣٠
3449,30:14,30,14,60,١٤:٣٠
3450,30:15,30,15,60,١٥:٣٠
3451,30:16,30,16,60,١٦:٣٠
3452,30:17,30,17,60,١٧:٣٠
3453,30:18,30,18,60,١٨:٣٠
3454,30:19,30,19,60,١٩:٣٠
3437,30:2,30,2,60,٢:٣٠
3455,30:20,30,20,60,٢٠:٣٠
3456,30:21,30,21,60,٢١:٣٠
3457,30:22,30,22,60,٢٢:٣٠
3458,30:23,30,23,60,٢٣:٣٠
3459,30:24,30,24,60,٢٤:٣٠
3460,30:25,30,25,60,٢٥:٣٠
3461,30:26,30,26,60,٢٦:٣٠
3462,30:27,30,27,60,٢٧:٣٠
3463,30:28,30,28,60,٢٨:٣٠
3464,30:29,30,29,60,٢٩:٣٠
3438,30:3,30,3,60,٣:٣٠
3465,30:30,30,30,60,٣٠:٣٠
3466,30:31,30,31,60,٣١:٣٠
3467,30:32,30,32,60,٣٢:٣٠
3468,30:33,30,33,60,٣٣:٣٠
3469,30:34,30,34,60,٣٤:٣٠
3470,30:35,30,35,60,٣٥:٣٠
3471,30:36,30,36,60,٣٦:٣٠
3472,30:37,30,37,60,٣٧:٣٠
3473,30:38,30,38,60,٣٨:٣٠
3474,30:39,30,39,60,٣٩:٣٠
3439,30:4,30,4,60,٤:٣٠
3475,30:40,30,40,60,٤٠:٣٠
3476,30:41,30,41,60,٤١:٣٠
3477,30:42,30,42,60,٤٢:٣٠
3478,30:43,30,43,60,٤٣:٣٠
3479,30:44,30,44,60,٤٤:٣٠
3480,30:45,30,45,60,٤٥:٣٠
3481,30:46,30,46,60,٤٦:٣٠
3482,30:47,30,47,60,٤٧:٣٠
3483,30:48,30,48,60,٤٨:٣٠
3484,30:49,30,49,60,٤٩:٣٠
3440,30:5,30,5,60,٥:٣٠
3485,30:50,30,50,60,٥٠:٣٠
3486,30:51,30,51,60,٥١:٣٠
3487,30:52,30,52,60,٥٢:٣٠
3488,30:53,30,53,60,٥٣:٣٠
3489,30:54,30,54,60,٥٤:٣٠
3490,30:55,30,55,60,٥٥:٣٠
3491,30:56,30,56,60,٥٦:٣٠
3492,30:57,30,57,60,٥٧:٣٠
3493,30:58,30,58,60,٥٨:٣٠
3494,30:59,30,59,60,٥٩:٣٠
3441,30:6,30,6,60,٦:٣٠
3495,30:60,30,60,60,٦٠:٣٠
3442,30:7,30,7,60,٧:٣٠
3443,30:8,30,8,60,٨:٣٠
3444,30:9,30,9,60,٩:٣٠
3496,31:0,31,0,34,٠:٣١
3497,31:1,31,1,34,١:٣١
3506,31:10,31,10,34,١٠:٣١
3507,31:11,31,11,34,١١:٣١
3508,31:12,31,12,34,١٢:٣١
3509,31:13,31,13,34,١٣:٣١
3510,31:14,31,14,34,١٤:٣١
3511,31:15,31,15,34,١٥:٣١
3512,31:16,31,16,34,١٦:٣١
3513,31:17,31,17,34,١٧:٣١
3514,31:18,31,18,34,١٨:٣١
3515,31:19,31,19,34,١٩:٣١
3498,31:2,31,2,34,٢:٣١
3516,31:20,31,20,34,٢٠:٣١
3517,31:21,31,21,34,٢١:٣١
3518,31:22,31,22,34,٢٢:٣١
3519,31:23,31,23,34,٢٣:٣١
3520,31:24,31,24,34,٢٤:٣١
3521,31:25,31,25,34,٢٥:٣١
3522,31:26,31,26,34,٢٦:٣١
3523,31:27,31,27,34,٢٧:٣١
3524,31:28,31,28,34,٢٨:٣١
3525,31:29,31,29,34,٢٩:٣١
3499,31:3,31,3,34,٣:٣١
3526,31:30,31,30,34,٣٠:٣١
3527,31:31,31,31,34,٣١:٣١
3528,31:32,31,32,34,٣٢:٣١
3529,31:33,31,33,34,٣٣:٣١
3530,31:34,31,34,34,٣٤:٣١
3500,31:4,31,4,34,٤:٣١
3501,31:5,31,5,34,٥:٣١
3502,31:6,31,6,34,٦:٣١
3503,31:7,31,7,34,٧:٣١
3504,31:8,31,8,34,٨:٣١
3505,31:9,31,9,34,٩:٣١
3531,32:0,32,0,30,٠:٣٢
3532,32:1,32,1,30,١:٣٢
3541,32:10,32,10,30,١٠:٣٢
3542,32:11,32,11,30,١١:٣٢
3543,32:12,32,12,30,١٢:٣٢
3544,32:13,32,13,30,١٣:٣٢
3545,32:14,32,14,30,١٤:٣٢
3546,32:15,32,15,30,١٥:٣٢
3547,32:16,32,16,30,١٦:٣٢
3548,32:17,32,17,30,١٧:٣٢
3549,32:18,32,18,30,١٨:٣٢
3550,32:19,32,19,30,١٩:٣٢
3533,32:2,32,2,30,٢:٣٢
3551,32:20,32,20,30,٢٠:٣٢
3552,32:21,32,21,30,٢١:٣٢
3553,32:22,32,22,30,٢٢:٣٢
3554,32:23,32,23,30,٢٣:٣٢
3555,32:24,32,24,30,٢٤:٣٢
3556,32:25,32,25,30,٢٥:٣٢
3557,32:26,32,26,30,٢٦:٣٢
3558,32:27,32,27,30,٢٧:٣٢
3559,32:28,32,28,30,٢٨:٣٢
3560,32:29,32,29,30,٢٩:٣٢
3534,32:3,32,3,30,٣:٣٢
3561,32:30,32,30,30,٣٠:٣٢
3535,32:4,32,4,30,٤:٣٢
3536,32:5,32,5,30,٥:٣٢
3537,32:6,32,6,30,٦:٣٢
3538,32:7,32,7,30,٧:٣٢
3539,32:8,32,8,30,٨:٣٢
3540,32:9,32,9,30,٩:٣٢
3562,33:0,33,0,73,٠:٣٣
3563,33:1,33,1,73,١:٣٣
3572,33:10,33,10,73,١٠:٣٣
3573,33:11,33,11,73,١١:٣٣
3574,33:12,33,12,73,١٢:٣٣
3575,33:13,33,13,73,١٣:٣٣
3576,33:14,33,14,73,١٤:٣٣
3577,33:15,33,15,73,١٥:٣٣
3578,33:16,33,16,73,١٦:٣٣
3579,33:17,33,17,73,١٧:٣٣
3580,33:18,33,18,73,١٨:٣٣
3581,33:19,33,19,73,١٩:٣٣
3564,33:2,33,2,73,٢:٣٣
3582,33:20,33,20,73,٢٠:٣٣
3583,33:21,33,21,73,٢١:٣٣
3584,33:22,33,22,73,٢٢:٣٣
3585,33:23,33,23,73,٢٣:٣٣
3586,33:24,33,24,73,٢٤:٣٣
3587,33:25,33,25,73,٢٥:٣٣
3588,33:26,33,26,73,٢٦:٣٣
3589,33:27,33,27,73,٢٧:٣٣
3590,33:28,33,28,73,٢٨:٣٣
3591,33:29,33,29,73,٢٩:٣٣
3565,33:3,33,3,73,٣:٣٣
3592,33:30,33,30,73,٣٠:٣٣
3593,33:31,33,31,73,٣١:٣٣
3594,33:32,33,32,73,٣٢:٣٣
3595,33:33,33,33,73,٣٣:٣٣
3596,33:34,33,34,73,٣٤:٣٣
3597,33:35,33,35,73,٣٥:٣٣
3598,33:36,33,36,73,٣٦:٣٣
3599,33:37,33,37,73,٣٧:٣٣
3600,33:38,33,38,73,٣٨:٣٣
3601,33:39,33,39,73,٣٩:٣٣
3566,33:4,33,4,73,٤:٣٣
3602,33:40,33,40,73,٤٠:٣٣
3603,33:41,33,41,73,٤١:٣٣
3604,33:42,33,42,73,٤٢:٣٣
3605,33:43,33,43,73,٤٣:٣٣
3606,33:44,33,44,73,٤٤:٣٣
3607,33:45,33,45,73,٤٥:٣٣
3608,33:46,33,46,73,٤٦:٣٣
3609,33:47,33,47,73,٤٧:٣٣
3610,33:48,33,48,73,٤٨:٣٣
3611,33:49,33,49,73,٤٩:٣٣
3567,33:5,33,5,73,٥:٣٣
3612,33:50,33,50,73,٥٠:٣٣
3613,33:51,33,51,73,٥١:٣٣
3614,33:52,33,52,73,٥٢:٣٣
3615,33:53,33,53,73,٥٣:٣٣
3616,33:54,33,54,73,٥٤:٣٣
3617,33:55,33,55,73,٥٥:٣٣
3618,33:56,33,56,73,٥٦:٣٣
3619,33:57,33,57,73,٥٧:٣٣
3620,33:58,33,58,73,٥٨:٣٣
3621,33:59,33,59,73,٥٩:٣٣
3568,33:6,33,6,73,٦:٣٣
3622,33:60,33,60,73,٦٠:٣٣
3623,33:61,33,61,73,٦١:٣٣
3624,33:62,33,62,73,٦٢:٣٣
3625,33:63,33,63,73,٦٣:٣٣
3626,33:64,33,64,73,٦٤:٣٣
3627,33:65,33,65,73,٦٥:٣٣
3628,33:66,33,66,73,٦٦:٣٣
3629,33:67,33,67,73,٦٧:٣٣
3630,33:68,33,68,73,٦٨:٣٣
3631,33:69,33,69,73,٦٩:٣٣
3569,33:7,33,7,73,٧:٣٣
3632,33:70,33,70,73,٧٠:٣٣
3633,33:71,33,71,73,٧١:٣٣
3634,33:72,33,72,73,٧٢:٣٣
3635,33:73,33,73,73,٧٣:٣٣
3570,33:8,33,8,73,٨:٣٣
3571,33:9,33,9,73,٩:٣٣
3636,34:0,34,0,54,٠:٣٤
3637,34:1,34,1,54,١:٣٤
3646,34:10,34,10,54,١٠:٣٤
3647,34:11,34,11,54,١١:٣٤
3648,34:12,34,12,54,١٢:٣٤
3649,34:13,34,13,54,١٣:٣٤
3650,34:14,34,14,54,١٤:٣٤
3651,34:15,34,15,54,١٥:٣٤
3652,34:16,34,16,54,١٦:٣٤
3653,34:17,34,17,54,١٧:٣٤
3654,34:18,34,18,54,١٨:٣٤
3655,34:19,34,19,54,١٩:٣٤
3638,34:2,34,2,54,٢:٣٤
3656,34:20,34,20,54,٢٠:٣٤
3657,34:21,34,21,54,٢١:٣٤
3658,34:22,34,22,54,٢٢:٣٤
3659,34:23,34,23,54,٢٣:٣٤
3660,34:24,34,24,54,٢٤:٣٤
3661,34:25,34,25,54,٢٥:٣٤
3662,34:26,34,26,54,٢٦:٣٤
3663,34:27,34,27,54,٢٧:٣٤
3664,34:28,34,28,54,٢٨:٣٤
3665,34:29,34,29,54,٢٩:٣٤
3639,34:3,34,3,54,٣:٣٤
3666,34:30,34,30,54,٣٠:٣٤
3667,34:31,34,31,54,٣١:٣٤
3668,34:32,34,32,54,٣٢:٣٤
3669,34:33,34,33,54,٣٣:٣٤
3670,34:34,34,34,54,٣٤:٣٤
3671,34:35,34,35,54,٣٥:٣٤
3672,34:36,34,36,54,٣٦:٣٤
3673,34:37,34,37,54,٣٧:٣٤
3674,34:38,34,38,54,٣٨:٣٤
3675,34:39,34,39,54,٣٩:٣٤
3640,34:4,34,4,54,٤:٣٤
3676,34:40,34,40,54,٤٠:٣٤
3677,34:41,34,41,54,٤١:٣٤
3678,34:42,34,42,54,٤٢:٣٤
3679,34:43,34,43,54,٤٣:٣٤
3680,34:44,34,44,54,٤٤:٣٤
3681,34:45,34,45,54,٤٥:٣٤
3682,34:46,34,46,54,٤٦:٣٤
3683,34:47,34,47,54,٤٧:٣٤
3684,34:48,34,48,54,٤٨:٣٤
3685,34:49,34,49,54,٤٩:٣٤
3641,34:5,34,5,54,٥:٣٤
3686,34:50,34,50,54,٥٠:٣٤
3687,34:51,34,51,54,٥١:٣٤
3688,34:52,34,52,54,٥٢:٣٤
3689,34:53,34,53,54,٥٣:٣٤
3690,34:54,34,54,54,٥٤:٣٤
3642,34:6,34,6,54,٦:٣٤
3643,34:7,34,7,54,٧:٣٤
3644,34:8,34,8,54,٨:٣٤
3645,34:9,34,9,54,٩:٣٤
3691,35:0,35,0,45,٠:٣٥
3692,35:1,35,1,45,١:٣٥
3701,35:10,35,10,45,١٠:٣٥
3702,35:11,35,11,45,١١:٣٥
3703,35:12,35,12,45,١٢:٣٥
3704,35:13,35,13,45,١٣:٣٥
3705,35:14,35,14,45,١٤:٣٥
3706,35:15,35,15,45,١٥:٣٥
3707,35:16,35,16,45,١٦:٣٥
3708,35:17,35,17,45,١٧:٣٥
3709,35:18,35,18,45,١٨:٣٥
3710,35:19,35,19,45,١٩:٣٥
3693,35:2,35,2,45,٢:٣٥
3711,35:20,35,20,45,٢٠:٣٥
3712,35:21,35,21,45,٢١:٣٥
3713,35:22,35,22,45,٢٢:٣٥
3714,35:23,35,23,45,٢٣:٣٥
3715,35:24,35,24,45,٢٤:٣٥
3716,35:25,35,25,45,٢٥:٣٥
3717,35:26,35,26,45,٢٦:٣٥
3718,35:27,35,27,45,٢٧:٣٥
3719,35:28,35,28,45,٢٨:٣٥
3720,35:29,35,29,45,٢٩:٣٥
3694,35:3,35,3,45,٣:٣٥
3721,35:30,35,30,45,٣٠:٣٥
3722,35:31,35,31,45,٣١:٣٥
3723,35:32,35,32,45,٣٢:٣٥
3724,35:33,35,33,45,٣٣:٣٥
3725,35:34,35,34,45,٣٤:٣٥
3726,35:35,35,35,45,٣٥:٣٥
3727,35:36,35,36,45,٣٦:٣٥
3728,35:37,35,37,45,٣٧:٣٥
3729,35:38,35,38,45,٣٨:٣٥
3730,35:39,35,39,45,٣٩:٣٥
3695,35:4,35,4,45,٤:٣٥
3731,35:40,35,40,45,٤٠:٣٥
3732,35:41,35,41,45,٤١:٣٥
3733,35:42,35,42,45,٤٢:٣٥
3734,35:43,35,43,45,٤٣:٣٥
3735,35:44,35,44,45,٤٤:٣٥
3736,35:45,35,45,45,٤٥:٣٥
3696,35:5,35,5,45,٥:٣٥
3697,35:6,35,6,45,٦:٣٥
3698,35:7,35,7,45,٧:٣٥
3699,35:8,35,8,45,٨:٣٥
3700,35:9,35,9,45,٩:٣٥
3737,36:0,36,0,83,٠:٣٦
3738,36:1,36,1,83,١:٣٦
3747,36:10,36,10,83,١٠:٣٦
3748,36:11,36,11,83,١١:٣٦
3749,36:12,36,12,83,١٢:٣٦
3750,36:13,36,13,83,١٣:٣٦
3751,36:14,36,14,83,١٤:٣٦
3752,36:15,36,15,83,١٥:٣٦
3753,36:16,36,16,83,١٦:٣٦
3754,36:17,36,17,83,١٧:٣٦
3755,36:18,36,18,83,١٨:٣٦
3756,36:19,36,19,83,١٩:٣٦
3739,36:2,36,2,83,٢:٣٦
3757,36:20,36,20,83,٢٠:٣٦
3758,36:21,36,21,83,٢١:٣٦
3759,36:22,36,22,83,٢٢:٣٦
3760,36:23,36,23,83,٢٣:٣٦
3761,36:24,36,24,83,٢٤:٣٦
3762,36:25,36,25,83,٢٥:٣٦
3763,36:26,36,26,83,٢٦:٣٦
3764,36:27,36,27,83,٢٧:٣٦
3765,36:28,36,28,83,٢٨:٣٦
3766,36:29,36,29,83,٢٩:٣٦
3740,36:3,36,3,83,٣:٣٦
3767,36:30,36,30,83,٣٠:٣٦
3768,36:31,36,31,83,٣١:٣٦
3769,36:32,36,32,83,٣٢:٣٦
3770,36:33,36,33,83,٣٣:٣٦
3771,36:34,36,34,83,٣٤:٣٦
3772,36:35,36,35,83,٣٥:٣٦
3773,36:36,36,36,83,٣٦:٣٦
3774,36:37,36,37,83,٣٧:٣٦
3775,36:38,36,38,83,٣٨:٣٦
3776,36:39,36,39,83,٣٩:٣٦
3741,36:4,36,4,83,٤:٣٦
3777,36:40,36,40,83,٤٠:٣٦
3778,36:41,36,41,83,٤١:٣٦
3779,36:42,36,42,83,٤٢:٣٦
3780,36:43,36,43,83,٤٣:٣٦
3781,36:44,36,44,83,٤٤:٣٦
3782,36:45,36,45,83,٤٥:٣٦
3783,36:46,36,46,83,٤٦:٣٦
3784,36:47,36,47,83,٤٧:٣٦
3785,36:48,36,48,83,٤٨:٣٦
3786,36:49,36,49,83,٤٩:٣٦
3742,36:5,36,5,83,٥:٣٦
3787,36:50,36,50,83,٥٠:٣٦
3788,36:51,36,51,83,٥١:٣٦
3789,36:52,36,52,83,٥٢:٣٦
3790,36:53,36,53,83,٥٣:٣٦
3791,36:54,36,54,83,٥٤:٣٦
3792,36:55,36,55,83,٥٥:٣٦
3793,36:56,36,56,83,٥٦:٣٦
3794,36:57,36,57,83,٥٧:٣٦
3795,36:58,36,58,83,٥٨:٣٦
3796,36:59,36,59,83,٥٩:٣٦
3743,36:6,36,6,83,٦:٣٦
3797,36:60,36,60,83,٦٠:٣٦
3798,36:61,36,61,83,٦١:٣٦
3799,36:62,36,62,83,٦٢:٣٦
3800,36:63,36,63,83,٦٣:٣٦
3801,36:64,36,64,83,٦٤:٣٦
3802,36:65,36,65,83,٦٥:٣٦
3803,36:66,36,66,83,٦٦:٣٦
3804,36:67,36,67,83,٦٧:٣٦
3805,36:68,36,68,83,٦٨:٣٦
3806,36:69,36,69,83,٦٩:٣٦
3744,36:7,36,7,83,٧:٣٦
3807,36:70,36,70,83,٧٠:٣٦
3808,36:71,36,71,83,٧١:٣٦
3809,36:72,36,72,83,٧٢:٣٦
3810,36:73,36,73,83,٧٣:٣٦
3811,36:74,36,74,83,٧٤:٣٦
3812,36:75,36,75,83,٧٥:٣٦
3813,36:76,36,76,83,٧٦:٣٦
3814,36:77,36,77,83,٧٧:٣٦
3815,36:78,36,78,83,٧٨:٣٦
3816,36:79,36,79,83,٧٩:٣٦
3745,36:8,36,8,83,٨:٣٦
3817,36:80,36,80,83,٨٠:٣٦
3818,36:81,36,81,83,٨١:٣٦
3819,36:82,36,82,83,٨٢:٣٦
3820,36:83,36,83,83,٨٣:٣٦
3746,36:9,36,9,83,٩:٣٦
3821,37:0,37,0,182,٠:٣٧
3822,37:1,37,1,182,١:٣٧
3831,37:10,37,10,182,١٠:٣٧
3921,37:100,37,100,182,١٠٠:٣٧
3922,37:101,37,101,182,١٠١:٣٧
3923,37:102,37,102,182,١٠٢:٣٧
3924,37:103,37,103,182,١٠٣:٣٧
3925,37:104,37,104,182,١٠٤:٣٧
3926,37:105,37,105,182,١٠٥:٣٧
3927,37:106,37,106,182,١٠٦:٣٧
3928,37:107,37,107,182,١٠٧:٣٧
3929,37:108,37,108,182,١٠٨:٣٧
3930,37:109,37,109,182,١٠٩:٣٧
3832,37:11,37,11,182,١١:٣٧
3931,37:110,37,110,182,١١٠:٣٧
3932,37:111,37,111,182,١١١:٣٧
3933,37:112,37,112,182,١١٢:٣٧
3934,37:113,37,113,182,١١٣:٣٧
3935,37:114,37,114,182,١١٤:٣٧
3936,37:115,37,115,182,١١٥:٣٧
3937,37:116,37,116,182,١١٦:٣٧
3938,37:117,37,117,182,١١٧:٣٧
3939,37:118,37,118,182,١١٨:٣٧
3940,37:119,37,119,182,١١٩:٣٧
3833,37:12,37,12,182,١٢:٣٧
3941,37:120,37,120,182,١٢٠:٣٧
3942,37:121,37,121,182,١٢١:٣٧
3943,37:122,37,122,182,١٢٢:٣٧
3944,37:123,37,123,182,١٢٣:٣٧
3945,37:124,37,124,182,١٢٤:٣٧
3946,37:125,37,125,182,١٢٥:٣٧
3947,37:126,37,126,182,١٢٦:٣٧
3948,37:127,37,127,182,١٢٧:٣٧
3949,37:128,37,128,182,١٢٨:٣٧
3950,37:129,37,129,182,١٢٩:٣٧
3834,37:13,37,13,182,١٣:٣٧
3951,37:130,37,130,182,١٣٠:٣٧
3952,37:131,37,131,182,١٣١:٣٧
3953,37:132,37,132,182,١٣٢:٣٧
3954,37:133,37,133,182,١٣٣:٣٧
3955,37:134,37,134,182,١٣٤:٣٧
3956,37:135,37,135,182,١٣٥:٣٧
3957,37:136,37,136,182,١٣٦:٣٧
3958,37:137,37,137,182,١٣٧:٣٧
3959,37:138,37,138,182,١٣٨:٣٧
3960,37:139,37,139,182,١٣٩:٣٧
3835,37:14,37,14,182,١٤:٣٧
3961,37:140,37,140,182,١٤٠:٣٧
3962,37:141,37,141,182,١٤١:٣٧
3963,37:142,37,142,182,١٤٢:٣٧
3964,37:143,37,143,182,١٤٣:٣٧
3965,37:144,37,144,182,١٤٤:٣٧
3966,37:145,37,145,182,١٤٥:٣٧
3967,37:146,37,146,182,١٤٦:٣٧
3968,37:147,37,147,182,١٤٧:٣٧
3969,37:148,37,148,182,١٤٨:٣٧
3970,37:149,37,149,182,١٤٩:٣٧
3836,37:15,37,15,182,١٥:٣٧
3971,37:150,37,150,182,١٥٠:٣٧
3972,37:151,37,151,182,١٥١:٣٧
3973,37:152,37,152,182,١٥٢:٣٧
3974,37:153,37,153,182,١٥٣:٣٧
3975,37:154,37,154,182,١٥٤:٣٧
3976,37:155,37,155,182,١٥٥:٣٧
3977,37:156,37,156,182,١٥٦:٣٧
3978,37:157,37,157,182,١٥٧:٣٧
3979,37:158,37,158,182,١٥٨:٣٧
3980,37:159,37,159,182,١٥٩:٣٧
3837,37:16,37,16,182,١٦:٣٧
3981,37:160,37,160,182,١٦٠:٣٧
3982,37:161,37,161,182,١٦١:٣٧
3983,37:162,37,162,182,١٦٢:٣٧
3984,37:163,37,163,182,١٦٣:٣٧
3985,37:164,37,164,182,١٦٤:٣٧
3986,37:165,37,165,182,١٦٥:٣٧
3987,37:166,37,166,182,١٦٦:٣٧
3988,37:167,37,167,182,١٦٧:٣٧
3989,37:168,37,168,182,١٦٨:٣٧
3990,37:169,37,169,182,١٦٩:٣٧
3838,37:17,37,17,182,١٧:٣٧
3991,37:170,37,170,182,١٧٠:٣٧
3992,37:171,37,171,182,١٧١:٣٧
3993,37:172,37,172,182,١٧٢:٣٧
3994,37:173,37,173,182,١٧٣:٣٧
3995,37:174,37,174,182,١٧٤:٣٧
3996,37:175,37,175,182,١٧٥:٣٧
3997,37:176,37,176,182,١٧٦:٣٧
3998,37:177,37,177,182,١٧٧:٣٧
3999,37:178,37,178,182,١٧٨:٣٧
4000,37:179,37,179,182,١٧٩:٣٧
3839,37:18,37,18,182,١٨:٣٧
4001,37:180,37,180,182,١٨٠:٣٧
4002,37:181,37,181,182,١٨١:٣٧
4003,37:182,37,182,182,١٨٢:٣٧
3840,37:19,37,19,182,١٩:٣٧
3823,37:2,37,2,182,٢:٣٧
3841,37:20,37,20,182,٢٠:٣٧
3842,37:21,37,21,182,٢١:٣٧
3843,37:22,37,22,182,٢٢:٣٧
3844,37:23,37,23,182,٢٣:٣٧
3845,37:24,37,24,182,٢٤:٣٧
3846,37:25,37,25,182,٢٥:٣٧
3847,37:26,37,26,182,٢٦:٣٧
3848,37:27,37,27,182,٢٧:٣٧
3849,37:28,37,28,182,٢٨:٣٧
3850,37:29,37,29,182,٢٩:٣٧
3824,37:3,37,3,182,٣:٣٧
3851,37:30,37,30,182,٣٠:٣٧
3852,37:31,37,31,182,٣١:٣٧
3853,37:32,37,32,182,٣٢:٣٧
3854,37:33,37,33,182,٣٣:٣٧
3855,37:34,37,34,182,٣٤:٣٧
3856,37:35,37,35,182,٣٥:٣٧
3857,37:36,37,36,182,٣٦:٣٧
3858,37:37,37,37,182,٣٧:٣٧
3859,37:38,37,38,182,٣٨:٣٧
3860,37:39,37,39,182,٣٩:٣٧
3825,37:4,37,4,182,٤:٣٧
3861,37:40,37,40,182,٤٠:٣٧
3862,37:41,37,41,182,٤١:٣٧
3863,37:42,37,42,182,٤٢:٣٧
3864,37:43,37,43,182,٤٣:٣٧
3865,37:44,37,44,182,٤٤:٣٧
3866,37:45,37,45,182,٤٥:٣٧
3867,37:46,37,46,182,٤٦:٣٧
3868,37:47,37,47,182,٤٧:٣٧
3869,37:48,37,48,182,٤٨:٣٧
3870,37:49,37,49,182,٤٩:٣٧
3826,37:5,37,5,182,٥:٣٧
3871,37:50,37,50,182,٥٠:٣٧
3872,37:51,37,51,182,٥١:٣٧
3873,37:52,37,52,182,٥٢:٣٧
3874,37:53,37,53,182,٥٣:٣٧
3875,37:54,37,54,182,٥٤:٣٧
3876,37:55,37,55,182,٥٥:٣٧
3877,37:56,37,56,182,٥٦:٣٧
3878,37:57,37,57,182,٥٧:٣٧
3879,37:58,37,58,182,٥٨:٣٧
3880,37:59,37,59,182,٥٩:٣٧
3827,37:6,37,6,182,٦:٣٧
3881,37:60,37,60,182,٦٠:٣٧
3882,37:61,37,61,182,٦١:٣٧
3883,37:62,37,62,182,٦٢:٣٧
3884,37:63,37,63,182,٦٣:٣٧
3885,37:64,37,64,182,٦٤:٣٧
3886,37:65,37,65,182,٦٥:٣٧
3887,37:66,37,66,182,٦٦:٣٧
3888,37:67,37,67,182,٦٧:٣٧
3889,37:68,37,68,182,٦٨:٣٧
3890,37:69,37,69,182,٦٩:٣٧
3828,37:7,37,7,182,٧:٣٧
3891,37:70,37,70,182,٧٠:٣٧
3892,37:71,37,71,182,٧١:٣٧
3893,37:72,37,72,182,٧٢:٣٧
3894,37:73,37,73,182,٧٣:٣٧
3895,37:74,37,74,182,٧٤:٣٧
3896,37:75,37,75,182,٧٥:٣٧
3897,37:76,37,76,182,٧٦:٣٧
3898,37:77,37,77,182,٧٧:٣٧
3899,37:78,37,78,182,٧٨:٣٧
3900,37:79,37,79,182,٧٩:٣٧
3829,37:8,37,8,182,٨:٣٧
3901,37:80,37,80,182,٨٠:٣٧
3902,37:81,37,81,182,٨١:٣٧
3903,37:82,37,82,182,٨٢:٣٧
3904,37:83,37,83,182,٨٣:٣٧
3905,37:84,37,84,182,٨٤:٣٧
3906,37:85,37,85,182,٨٥:٣٧
3907,37:86,37,86,182,٨٦:٣٧
3908,37:87,37,87,182,٨٧:٣٧
3909,37:88,37,88,182,٨٨:٣٧
3910,37:89,37,89,182,٨٩:٣٧
3830,37:9,37,9,182,٩:٣٧
3911,37:90,37,90,182,٩٠:٣٧
3912,37:91,37,91,182,٩١:٣٧
3913,37:92,37,92,182,٩٢:٣٧
3914,37:93,37,93,182,٩٣:٣٧
3915,37:94,37,94,182,٩٤:٣٧
3916,37:95,37,95,182,٩٥:٣٧
3917,37:96,37,96,182,٩٦:٣٧
3918,37:97,37,97,182,٩٧:٣٧
3919,37:98,37,98,182,٩٨:٣٧
3920,37:99,37,99,182,٩٩:٣٧
4004,38:0,38,0,88,٠:٣٨
4005,38:1,38,1,88,١:٣٨
4014,38:10,38,10,88,١٠:٣٨
4015,38:11,38,11,88,١١:٣٨
4016,38:12,38,12,88,١٢:٣٨
4017,38:13,38,13,88,١٣:٣٨
4018,38:14,38,14,88,١٤:٣٨
4019,38:15,38,15,88,١٥:٣٨
4020,38:16,38,16,88,١٦:٣٨
4021,38:17,38,17,88,١٧:٣٨
4022,38:18,38,18,88,١٨:٣٨
4023,38:19,38,19,88,١٩:٣٨
4006,38:2,38,2,88,٢:٣٨
4024,38:20,38,20,88,٢٠:٣٨
4025,38:21,38,21,88,٢١:٣٨
4026,38:22,38,22,88,٢٢:٣٨
4027,38:23,38,23,88,٢٣:٣٨
4028,38:24,38,24,88,٢٤:٣٨
4029,38:25,38,25,88,٢٥:٣٨
4030,38:26,38,26,88,٢٦:٣٨
4031,38:27,38,27,88,٢٧:٣٨
4032,38:28,38,28,88,٢٨:٣٨
4033,38:29,38,29,88,٢٩:٣٨
4007,38:3,38,3,88,٣:٣٨
4034,38:30,38,30,88,٣٠:٣٨
4035,38:31,38,31,88,٣١:٣٨
4036,38:32,38,32,88,٣٢:٣٨
4037,38:33,38,33,88,٣٣:٣٨
4038,38:34,38,34,88,٣٤:٣٨
4039,38:35,38,35,88,٣٥:٣٨
4040,38:36,38,36,88,٣٦:٣٨
4041,38:37,38,37,88,٣٧:٣٨
4042,38:38,38,38,88,٣٨:٣٨
4043,38:39,38,39,88,٣٩:٣٨
4008,38:4,38,4,88,٤:٣٨
4044,38:40,38,40,88,٤٠:٣٨
4045,38:41,38,41,88,٤١:٣٨
4046,38:42,38,42,88,٤٢:٣٨
4047,38:43,38,43,88,٤٣:٣٨
4048,38:44,38,44,88,٤٤:٣٨
4049,38:45,38,45,88,٤٥:٣٨
4050,38:46,38,46,88,٤٦:٣٨
4051,38:47,38,47,88,٤٧:٣٨
4052,38:48,38,48,88,٤٨:٣٨
4053,38:49,38,49,88,٤٩:٣٨
4009,38:5,38,5,88,٥:٣٨
4054,38:50,38,50,88,٥٠:٣٨
4055,38:51,38,51,88,٥١:٣٨
4056,38:52,38,52,88,٥٢:٣٨
4057,38:53,38,53,88,٥٣:٣٨
4058,38:54,38,54,88,٥٤:٣٨
4059,38:55,38,55,88,٥٥:٣٨
4060,38:56,38,56,88,٥٦:٣٨
4061,38:57,38,57,88,٥٧:٣٨
4062,38:58,38,58,88,٥٨:٣٨
4063,38:59,38,59,88,٥٩:٣٨
4010,38:6,38,6,88,٦:٣٨
4064,38:60,38,60,88,٦٠:٣٨
4065,38:61,38,61,88,٦١:٣٨
4066,38:62,38,62,88,٦٢:٣٨
4067,38:63,38,63,88,٦٣:٣٨
4068,38:64,38,64,88,٦٤:٣٨
4069,38:65,38,65,88,٦٥:٣٨
4070,38:66,38,66,88,٦٦:٣٨
4071,38:67,38,67,88,٦٧:٣٨
4072,38:68,38,68,88,٦٨:٣٨
4073,38:69,38,69,88,٦٩:٣٨
4011,38:7,38,7,88,٧:٣٨
4074,38:70,38,70,88,٧٠:٣٨
4075,38:71,38,71,88,٧١:٣٨
4076,38:72,38,72,88,٧٢:٣٨
4077,38:73,38,73,88,٧٣:٣٨
4078,38:74,38,74,88,٧٤:٣٨
4079,38:75,38,75,88,٧٥:٣٨
4080,38:76,38,76,88,٧٦:٣٨
4081,38:77,38,77,88,٧٧:٣٨
4082,38:78,38,78,88,٧٨:٣٨
4083,38:79,38,79,88,٧٩:٣٨
4012,38:8,38,8,88,٨:٣٨
4084,38:80,38,80,88,٨٠:٣٨
4085,38:81,38,81,88,٨١:٣٨
4086,38:82,38,82,88,٨٢:٣٨
4087,38:83,38,83,88,٨٣:٣٨
4088,38:84,38,84,88,٨٤:٣٨
4089,38:85,38,85,88,٨٥:٣٨
4090,38:86,38,86,88,٨٦:٣٨
4091,38:87,38,87,88,٨٧:٣٨
4092,38:88,38,88,88,٨٨:٣٨
4013,38:9,38,9,88,٩:٣٨
4093,39:0,39,0,75,٠:٣٩
4094,39:1,39,1,75,١:٣٩
4103,39:10,39,10,75,١٠:٣٩
4104,39:11,39,11,75,١١:٣٩
4105,39:12,39,12,75,١٢:٣٩
4106,39:13,39,13,75,١٣:٣٩
4107,39:14,39,14,75,١٤:٣٩
4108,39:15,39,15,75,١٥:٣٩
4109,39:16,39,16,75,١٦:٣٩
4110,39:17,39,17,75,١٧:٣٩
4111,39:18,39,18,75,١٨:٣٩
4112,39:19,39,19,75,١٩:٣٩
4095,39:2,39,2,75,٢:٣٩
4113,39:20,39,20,75,٢٠:٣٩
4114,39:21,39,21,75,٢١:٣٩
4115,39:22,39,22,75,٢٢:٣٩
4116,39:23,39,23,75,٢٣:٣٩
4117,39:24,39,24,75,٢٤:٣٩
4118,39:25,39,25,75,٢٥:٣٩
4119,39:26,39,26,75,٢٦:٣٩
4120,39:27,39,27,75,٢٧:٣٩
4121,39:28,39,28,75,٢٨:٣٩
4122,39:29,39,29,75,٢٩:٣٩
4096,39:3,39,3,75,٣:٣٩
4123,39:30,39,30,75,٣٠:٣٩
4124,39:31,39,31,75,٣١:٣٩
4125,39:32,39,32,75,٣٢:٣٩
4126,39:33,39,33,75,٣٣:٣٩
4127,39:34,39,34,75,٣٤:٣٩
4128,39:35,39,35,75,٣٥:٣٩
4129,39:36,39,36,75,٣٦:٣٩
4130,39:37,39,37,75,٣٧:٣٩
4131,39:38,39,38,75,٣٨:٣٩
4132,39:39,39,39,75,٣٩:٣٩
4097,39:4,39,4,75,٤:٣٩
4133,39:40,39,40,75,٤٠:٣٩
4134,39:41,39,41,75,٤١:٣٩
4135,39:42,39,42,75,٤٢:٣٩
4136,39:43,39,43,75,٤٣:٣٩
4137,39:44,39,44,75,٤٤:٣٩
4138,39:45,39,45,75,٤٥:٣٩
4139,39:46,39,46,75,٤٦:٣٩
4140,39:47,39,47,75,٤٧:٣٩
4141,39:48,39,48,75,٤٨:٣٩
4142,39:49,39,49,75,٤٩:٣٩
4098,39:5,39,5,75,٥:٣٩
4143,39:50,39,50,75,٥٠:٣٩
4144,39:51,39,51,75,٥١:٣٩
4145,39:52,39,52,75,٥٢:٣٩
4146,39:53,39,53,75,٥٣:٣٩
4147,39:54,39,54,75,٥٤:٣٩
4148,39:55,39,55,75,٥٥:٣٩
4149,39:56,39,56,75,٥٦:٣٩
4150,39:57,39,57,75,٥٧:٣٩
4151,39:58,39,58,75,٥٨:٣٩
4152,39:59,39,59,75,٥٩:٣٩
4099,39:6,39,6,75,٦:٣٩
4153,39:60,39,60,75,٦٠:٣٩
4154,39:61,39,61,75,٦١:٣٩
4155,39:62,39,62,75,٦٢:٣٩
4156,39:63,39,63,75,٦٣:٣٩
4157,39:64,39,64,75,٦٤:٣٩
4158,39:65,39,65,75,٦٥:٣٩
4159,39:66,39,66,75,٦٦:٣٩
4160,39:67,39,67,75,٦٧:٣٩
4161,39:68,39,68,75,٦٨:٣٩
4162,39:69,39,69,75,٦٩:٣٩
4100,39:7,39,7,75,٧:٣٩
4163,39:70,39,70,75,٧٠:٣٩
4164,39:71,39,71,75,٧١:٣٩
4165,39:72,39,72,75,٧٢:٣٩
4166,39:73,39,73,75,٧٣:٣٩
4167,39:74,39,74,75,٧٤:٣٩
4168,39:75,39,75,75,٧٥:٣٩
4101,39:8,39,8,75,٨:٣٩
4102,39:9,39,9,75,٩:٣٩
496,4:0,4,0,176,٠:٤
497,4:1,4,1,176,١:٤
506,4:10,4,10,176,١٠:٤
596,4:100,4,100,176,١٠٠:٤
597,4:101,4,101,176,١٠١:٤
598,4:102,4,102,176,١٠٢:٤
599,4:103,4,103,176,١٠٣:٤
600,4:104,4,104,176,١٠٤:٤
601,4:105,4,105,176,١٠٥:٤
602,4:106,4,106,176,١٠٦:٤
603,4:107,4,107,176,١٠٧:٤
604,4:108,4,108,176,١٠٨:٤
605,4:109,4,109,176,١٠٩:٤
507,4:11,4,11,176,١١:٤
606,4:110,4,110,176,١١٠:٤
607,4:111,4,111,176,١١١:٤
608,4:112,4,112,176,١١٢:٤
609,4:113,4,113,176,١١٣:٤
610,4:114,4,114,176,١١٤:٤
611,4:115,4,115,176,١١٥:٤
612,4:116,4,116,176,١١٦:٤
613,4:117,4,117,176,١١٧:٤
614,4:118,4,118,176,١١٨:٤
615,4:119,4,119,176,١١٩:٤
508,4:12,4,12,176,١٢:٤
616,4:120,4,120,176,١٢٠:٤
617,4:121,4,121,176,١٢١:٤
618,4:122,4,122,176,١٢٢:٤
619,4:123,4,123,176,١٢٣:٤
620,4:124,4,124,176,١٢٤:٤
621,4:125,4,125,176,١٢٥:٤
622,4:126,4,126,176,١٢٦:٤
623,4:127,4,127,176,١٢٧:٤
624,4:128,4,128,176,١٢٨:٤
625,4:129,4,129,176,١٢٩:٤
509,4:13,4,13,176,١٣:٤
626,4:130,4,130,176,١٣٠:٤
627,4:131,4,131,176,١٣١:٤
628,4:132,4,132,176,١٣٢:٤
629,4:133,4,133,176,١٣٣:٤
630,4:134,4,134,176,١٣٤:٤
631,4:135,4,135,176,١٣٥:٤
632,4:136,4,136,176,١٣٦:٤
633,4:137,4,137,176,١٣٧:٤
634,4:138,4,138,176,١٣٨:٤
635,4:139,4,139,176,١٣٩:٤
510,4:14,4,14,176,١٤:٤
636,4:140,4,140,176,١٤٠:٤
637,4:141,4,141,176,١٤١:٤
638,4:142,4,142,176,١٤٢:٤
639,4:143,4,143,176,١٤٣:٤
640,4:144,4,144,176,١٤٤:٤
641,4:145,4,145,176,١٤٥:٤
642,4:146,4,146,176,١٤٦:٤
643,4:147,4,147,176,١٤٧:٤
644,4:148,4,148,176,١٤٨:٤
645,4:149,4,149,176,١٤٩:٤
511,4:15,4,15,176,١٥:٤
646,4:150,4,150,176,١٥٠:٤
647,4:151,4,151,176,١٥١:٤
648,4:152,4,152,176,١٥٢:٤
649,4:153,4,153,176,١٥٣:٤
650,4:154,4,154,176,١٥٤:٤
651,4:155,4,155,176,١٥٥:٤
652,4:156,4,156,176,١٥٦:٤
653,4:157,4,157,176,١٥٧:٤
654,4:158,4,158,176,١٥٨:٤
655,4:159,4,159,176,١٥٩:٤
512,4:16,4,16,176,١٦:٤
656,4:160,4,160,176,١٦٠:٤
657,4:161,4,161,176,١٦١:٤
658,4:162,4,162,176,١٦٢:٤
659,4:163,4,163,176,١٦٣:٤
660,4:164,4,164,176,١٦٤:٤
661,4:165,4,165,176,١٦٥:٤
662,4:166,4,166,176,١٦٦:٤
663,4:167,4,167,176,١٦٧:٤
664,4:168,4,168,176,١٦٨:٤
665,4:169,4,169,176,١٦٩:٤
513,4:17,4,17,176,١٧:٤
666,4:170,4,170,176,١٧٠:٤
667,4:171,4,171,176,١٧١:٤
668,4:172,4,172,176,١٧٢:٤
669,4:173,4,173,176,١٧٣:٤
670,4:174,4,174,176,١٧٤:٤
671,4:175,4,175,176,١٧٥:٤
672,4:176,4,176,176,١٧٦:٤
514,4:18,4,18,176,١٨:٤
515,4:19,4,19,176,١٩:٤
498,4:2,4,2,176,٢:٤
516,4:20,4,20,176,٢٠:٤
517,4:21,4,21,176,٢١:٤
518,4:22,4,22,176,٢٢:٤
519,4:23,4,23,176,٢٣:٤
520,4:24,4,24,176,٢٤:٤
521,4:25,4,25,176,٢٥:٤
522,4:26,4,26,176,٢٦:٤
523,4:27,4,27,176,٢٧:٤
524,4:28,4,28,176,٢٨:٤
525,4:29,4,29,176,٢٩:٤
499,4:3,4,3,176,٣:٤
526,4:30,4,30,176,٣٠:٤
527,4:31,4,31,176,٣١:٤
528,4:32,4,32,176,٣٢:٤
529,4:33,4,33,176,٣٣:٤
530,4:34,4,34,176,٣٤:٤
531,4:35,4,35,176,٣٥:٤
532,4:36,4,36,176,٣٦:٤
533,4:37,4,37,176,٣٧:٤
534,4:38,4,38,176,٣٨:٤
535,4:39,4,39,176,٣٩:٤
500,4:4,4,4,176,٤:٤
536,4:40,4,40,176,٤٠:٤
537,4:41,4,41,176,٤١:٤
538,4:42,4,42,176,٤٢:٤
539,4:43,4,43,176,٤٣:٤
540,4:44,4,44,176,٤٤:٤
541,4:45,4,45,176,٤٥:٤
542,4:46,4,46,176,٤٦:٤
543,4:47,4,47,176,٤٧:٤
544,4:48,4,48,176,٤٨:٤
545,4:49,4,49,176,٤٩:٤
501,4:5,4,5,176,٥:٤
546,4:50,4,50,176,٥٠:٤
547,4:51,4,51,176,٥١:٤
548,4:52,4,52,176,٥٢:٤
549,4:53,4,53,176,٥٣:٤
550,4:54,4,54,176,٥٤:٤
551,4:55,4,55,176,٥٥:٤
552,4:56,4,56,176,٥٦:٤
553,4:57,4,57,176,٥٧:٤
554,4:58,4,58,176,٥٨:٤
555,4:59,4,59,176,٥٩:٤
502,4:6,4,6,176,٦:٤
556,4:60,4,60,176,٦٠:٤
557,4:61,4,61,176,٦١:٤
558,4:62,4,62,176,٦٢:٤
559,4:63,4,63,176,٦٣:٤
560,4:64,4,64,176,٦٤:٤
561,4:65,4,65,176,٦٥:٤
562,4:66,4,66,176,٦٦:٤
563,4:67,4,67,176,٦٧:٤
564,4:68,4,68,176,٦٨:٤
565,4:69,4,69,176,٦٩:٤
503,4:7,4,7,176,٧:٤
566,4:70,4,70,176,٧٠:٤
567,4:71,4,71,176,٧١:٤
568,4:72,4,72,176,٧٢:٤
569,4:73,4,73,176,٧٣:٤
570,4:74,4,74,176,٧٤:٤
571,4:75,4,75,176,٧٥:٤
572,4:76,4,76,176,٧٦:٤
573,4:77,4,77,176,٧٧:٤
574,4:78,4,78,176,٧٨:٤
575,4:79,4,79,176,٧٩:٤
504,4:8,4,8,176,٨:٤
576,4:80,4,80,176,٨٠:٤
577,4:81,4,81,176,٨١:٤
578,4:82,4,82,176,٨٢:٤
579,4:83,4,83,176,٨٣:٤
580,4:84,4,84,176,٨٤:٤
581,4:85,4,85,176,٨٥:٤
582,4:86,4,86,176,٨٦:٤
583,4:87,4,87,176,٨٧:٤
584,4:88,4,88,176,٨٨:٤
585,4:89,4,89,176,٨٩:٤
505,4:9,4,9,176,٩:٤
586,4:90,4,90,176,٩٠:٤
587,4:91,4,91,176,٩١:٤
588,4:92,4,92,176,٩٢:٤
589,4:93,4,93,176,٩٣:٤
590,4:94,4,94,176,٩٤:٤
591,4:95,4,95,176,٩٥:٤
592,4:96,4,96,176,٩٦:٤
593,4:97,4,97,176,٩٧:٤
594,4:98,4,98,176,٩٨:٤
595,4:99,4,99,176,٩٩:٤
4169,40:0,40,0,85,٠:٤٠
4170,40:1,40,1,85,١:٤٠
4179,40:10,40,10,85,١٠:٤٠
4180,40:11,40,11,85,١١:٤٠
4181,40:12,40,12,85,١٢:٤٠
4182,40:13,40,13,85,١٣:٤٠
4183,40:14,40,14,85,١٤:٤٠
4184,40:15,40,15,85,١٥:٤٠
4185,40:16,40,16,85,١٦:٤٠
4186,40:17,40,17,85,١٧:٤٠
4187,40:18,40,18,85,١٨:٤٠
4188,40:19,40,19,85,١٩:٤٠
4171,40:2,40,2,85,٢:٤٠
4189,40:20,40,20,85,٢٠:٤٠
4190,40:21,40,21,85,٢١:٤٠
4191,40:22,40,22,85,٢٢:٤٠
4192,40:23,40,23,85,٢٣:٤٠
4193,40:24,40,24,85,٢٤:٤٠
4194,40:25,40,25,85,٢٥:٤٠
4195,40:26,40,26,85,٢٦:٤٠
4196,40:27,40,27,85,٢٧:٤٠
4197,40:28,40,28,85,٢٨:٤٠
4198,40:29,40,29,85,٢٩:٤٠
4172,40:3,40,3,85,٣:٤٠
4199,40:30,40,30,85,٣٠:٤٠
4200,40:31,40,31,85,٣١:٤٠
4201,40:32,40,32,85,٣٢:٤٠
4202,40:33,40,33,85,٣٣:٤٠
4203,40:34,40,34,85,٣٤:٤٠
4204,40:35,40,35,85,٣٥:٤٠
4205,40:36,40,36,85,٣٦:٤٠
4206,40:37,40,37,85,٣٧:٤٠
4207,40:38,40,38,85,٣٨:٤٠
4208,40:39,40,39,85,٣٩:٤٠
4173,40:4,40,4,85,٤:٤٠
4209,40:40,40,40,85,٤٠:٤٠
4210,40:41,40,41,85,٤١:٤٠
4211,40:42,40,42,85,٤٢:٤٠
4212,40:43,40,43,85,٤٣:٤٠
4213,40:44,40,44,85,٤٤:٤٠
4214,40:45,40,45,85,٤٥:٤٠
4215,40:46,40,46,85,٤٦:٤٠
4216,40:47,40,47,85,٤٧:٤٠
4217,40:48,40,48,85,٤٨:٤٠
4218,40:49,40,49,85,٤٩:٤٠
4174,40:5,40,5,85,٥:٤٠
4219,40:50,40,50,85,٥٠:٤٠
4220,40:51,40,51,85,٥١:٤٠
4221,40:52,40,52,85,٥٢:٤٠
4222,40:53,40,53,85,٥٣:٤٠
4223,40:54,40,54,85,٥٤:٤٠
4224,40:55,40,55,85,٥٥:٤٠
4225,40:56,40,56,85,٥٦:٤٠
4226,40:57,40,57,85,٥٧:٤٠
4227,40:58,40,58,85,٥٨:٤٠
4228,40:59,40,59,85,٥٩:٤٠
4175,40:6,40,6,85,٦:٤٠
4229,40:60,40,60,85,٦٠:٤٠
4230,40:61,40,61,85,٦١:٤٠
4231,40:62,40,62,85,٦٢:٤٠
4232,40:63,40,63,85,٦٣:٤٠
4233,40:64,40,64,85,٦٤:٤٠
4234,40:65,40,65,85,٦٥:٤٠
4235,40:66,40,66,85,٦٦:٤٠
4236,40:67,40,67,85,٦٧:٤٠
4237,40:68,40,68,85,٦٨:٤٠
4238,40:69,40,69,85,٦٩:٤٠
4176,40:7,40,7,85,٧:٤٠
4239,40:70,40,70,85,٧٠:٤٠
4240,40:71,40,71,85,٧١:٤٠
4241,40:72,40,72,85,٧٢:٤٠
4242,40:73,40,73,85,٧٣:٤٠
4243,40:74,40,74,85,٧٤:٤٠
4244,40:75,40,75,85,٧٥:٤٠
4245,40:76,40,76,85,٧٦:٤٠
4246,40:77,40,77,85,٧٧:٤٠
4247,40:78,40,78,85,٧٨:٤٠
4248,40:79,40,79,85,٧٩:٤٠
4177,40:8,40,8,85,٨:٤٠
4249,40:80,40,80,85,٨٠:٤٠
4250,40:81,40,81,85,٨١:٤٠
4251,40:82,40,82,85,٨٢:٤٠
4252,40:83,40,83,85,٨٣:٤٠
4253,40:84,40,84,85,٨٤:٤٠
4254,40:85,40,85,85,٨٥:٤٠
4178,40:9,40,9,85,٩:٤٠
4255,41:0,41,0,54,٠:٤١
4256,41:1,41,1,54,١:٤١
4265,41:10,41,10,54,١٠:٤١
4266,41:11,41,11,54,١١:٤١
4267,41:12,41,12,54,١٢:٤١
4268,41:13,41,13,54,١٣:٤١
4269,41:14,41,14,54,١٤:٤١
4270,41:15,41,15,54,١٥:٤١
4271,41:16,41,16,54,١٦:٤١
4272,41:17,41,17,54,١٧:٤١
4273,41:18,41,18,54,١٨:٤١
4274,41:19,41,19,54,١٩:٤١
4257,41:2,41,2,54,٢:٤١
4275,41:20,41,20,54,٢٠:٤١
4276,41:21,41,21,54,٢١:٤١
4277,41:22,41,22,54,٢٢:٤١
4278,41:23,41,23,54,٢٣:٤١
4279,41:24,41,24,54,٢٤:٤١
4280,41:25,41,25,54,٢٥:٤١
4281,41:26,41,26,54,٢٦:٤١
4282,41:27,41,27,54,٢٧:٤١
4283,41:28,41,28,54,٢٨:٤١
4284,41:29,41,29,54,٢٩:٤١
4258,41:3,41,3,54,٣:٤١
4285,41:30,41,30,54,٣٠:٤١
4286,41:31,41,31,54,٣١:٤١
4287,41:32,41,32,54,٣٢:٤١
4288,41:33,41,33,54,٣٣:٤١
4289,41:34,41,34,54,٣٤:٤١
4290,41:35,41,35,54,٣٥:٤١
4291,41:36,41,36,54,٣٦:٤١
4292,41:37,41,37,54,٣٧:٤١
4293,41:38,41,38,54,٣٨:٤١
4294,41:39,41,39,54,٣٩:٤١
4259,41:4,41,4,54,٤:٤١
4295,41:40,41,40,54,٤٠:٤١
4296,41:41,41,41,54,٤١:٤١
4297,41:42,41,42,54,٤٢:٤١
4298,41:43,41,43,54,٤٣:٤١
4299,41:44,41,44,54,٤٤:٤١
4300,41:45,41,45,54,٤٥:٤١
4301,41:46,41,46,54,٤٦:٤١
4302,41:47,41,47,54,٤٧:٤١
4303,41:48,41,48,54,٤٨:٤١
4304,41:49,41,49,54,٤٩:٤١
4260,41:5,41,5,54,٥:٤١
4305,41:50,41,50,54,٥٠:٤١
4306,41:51,41,51,54,٥١:٤١
4307,41:52,41,52,54,٥٢:٤١
4308,41:53,41,53,54,٥٣:٤١
4309,41:54,41,54,54,٥٤:٤١
4261,41:6,41,6,54,٦:٤١
4262,41:7,41,7,54,٧:٤١
4263,41:8,41,8,54,٨:٤١
4264,41:9,41,9,54,٩:٤١
4310,42:0,42,0,53,٠:٤٢
4311,42:1,42,1,53,١:٤٢
4320,42:10,42,10,53,١٠:٤٢
4321,42:11,42,11,53,١١:٤٢
4322,42:12,42,12,53,١٢:٤٢
4323,42:13,42,13,53,١٣:٤٢
4324,42:14,42,14,53,١٤:٤٢
4325,42:15,42,15,53,١٥:٤٢
4326,42:16,42,16,53,١٦:٤٢
4327,42:17,42,17,53,١٧:٤٢
4328,42:18,42,18,53,١٨:٤٢
4329,42:19,42,19,53,١٩:٤٢
4312,42:2,42,2,53,٢:٤٢
4330,42:20,42,20,53,٢٠:٤٢
4331,42:21,42,21,53,٢١:٤٢
4332,42:22,42,22,53,٢٢:٤٢
4333,42:23,42,23,53,٢٣:٤٢
4334,42:24,42,24,53,٢٤:٤٢
4335,42:25,42,25,53,٢٥:٤٢
4336,42:26,42,26,53,٢٦:٤٢
4337,42:27,42,27,53,٢٧:٤٢
4338,42:28,42,28,53,٢٨:٤٢
4339,42:29,42,29,53,٢٩:٤٢
4313,42:3,42,3,53,٣:٤٢
4340,42:30,42,30,53,٣٠:٤٢
4341,42:31,42,31,53,٣١:٤٢
4342,42:32,42,32,53,٣٢:٤٢
4343,42:33,42,33,53,٣٣:٤٢
4344,42:34,42,34,53,٣٤:٤٢
4345,42:35,42,35,53,٣٥:٤٢
4346,42:36,42,36,53,٣٦:٤٢
4347,42:37,42,37,53,٣٧:٤٢
4348,42:38,42,38,53,٣٨:٤٢
4349,42:39,42,39,53,٣٩:٤٢
4314,42:4,42,4,53,٤:٤٢
4350,42:40,42,40,53,٤٠:٤٢
4351,42:41,42,41,53,٤١:٤٢
4352,42:42,42,42,53,٤٢:٤٢
4353,42:43,42,43,53,٤٣:٤٢
4354,42:44,42,44,53,٤٤:٤٢
4355,42:45,42,45,53,٤٥:٤٢
4356,42:46,42,46,53,٤٦:٤٢
4357,42:47,42,47,53,٤٧:٤٢
4358,42:48,42,48,53,٤٨:٤٢
4359,42:49,42,49,53,٤٩:٤٢
4315,42:5,42,5,53,٥:٤٢
4360,42:50,42,50,53,٥٠:٤٢
4361,42:51,42,51,53,٥١:٤٢
4362,42:52,42,52,53,٥٢:٤٢
4363,42:53,42,53,53,٥٣:٤٢
4316,42:6,42,6,53,٦:٤٢
4317,42:7,42,7,53,٧:٤٢
4318,42:8,42,8,53,٨:٤٢
4319,42:9,42,9,53,٩:٤٢
4364,43:0,43,0,89,٠:٤٣
4365,43:1,43,1,89,١:٤٣
4374,43:10,43,10,89,١٠:٤٣
4375,43:11,43,11,89,١١:٤٣
4376,43:12,43,12,89,١٢:٤٣
4377,43:13,43,13,89,١٣:٤٣
4378,43:14,43,14,89,١٤:٤٣
4379,43:15,43,15,89,١٥:٤٣
4380,43:16,43,16,89,١٦:٤٣
4381,43:17,43,17,89,١٧:٤٣
4382,43:18,43,18,89,١٨:٤٣
4383,43:19,43,19,89,١٩:٤٣
4366,43:2,43,2,89,٢:٤٣
4384,43:20,43,20,89,٢٠:٤٣
4385,43:21,43,21,89,٢١:٤٣
4386,43:22,43,22,89,٢٢:٤٣
4387,43:23,43,23,89,٢٣:٤٣
4388,43:24,43,24,89,٢٤:٤٣
4389,43:25,43,25,89,٢٥:٤٣
4390,43:26,43,26,89,٢٦:٤٣
4391,43:27,43,27,89,٢٧:٤٣
4392,43:28,43,28,89,٢٨:٤٣
4393,43:29,43,29,89,٢٩:٤٣
4367,43:3,43,3,89,٣:٤٣
4394,43:30,43,30,89,٣٠:٤٣
4395,43:31,43,31,89,٣١:٤٣
4396,43:32,43,32,89,٣٢:٤٣
4397,43:33,43,33,89,٣٣:٤٣
4398,43:34,43,34,89,٣٤:٤٣
4399,43:35,43,35,89,٣٥:٤٣
4400,43:36,43,36,89,٣٦:٤٣
4401,43:37,43,37,89,٣٧:٤٣
4402,43:38,43,38,89,٣٨:٤٣
4403,43:39,43,39,89,٣٩:٤٣
4368,43:4,43,4,89,٤:٤٣
4404,43:40,43,40,89,٤٠:٤٣
4405,43:41,43,41,89,٤١:٤٣
4406,43:42,43,42,89,٤٢:٤٣
4407,43:43,43,43,89,٤٣:٤٣
4408,43:44,43,44,89,٤٤:٤٣
4409,43:45,43,45,89,٤٥:٤٣
4410,43:46,43,46,89,٤٦:٤٣
4411,43:47,43,47,89,٤٧:٤٣
4412,43:48,43,48,89,٤٨:٤٣
4413,43:49,43,49,89,٤٩:٤٣
4369,43:5,43,5,89,٥:٤٣
4414,43:50,43,50,89,٥٠:٤٣
4415,43:51,43,51,89,٥١:٤٣
4416,43:52,43,52,89,٥٢:٤٣
4417,43:53,43,53,89,٥٣:٤٣
4418,43:54,43,54,89,٥٤:٤٣
4419,43:55,43,55,89,٥٥:٤٣
4420,43:56,43,56,89,٥٦:٤٣
4421,43:57,43,57,89,٥٧:٤٣
4422,43:58,43,58,89,٥٨:٤٣
4423,43:59,43,59,89,٥٩:٤٣
4370,43:6,43,6,89,٦:٤٣
4424,43:60,43,60,89,٦٠:٤٣
4425,43:61,43,61,89,٦١:٤٣
4426,43:62,43,62,89,٦٢:٤٣
4427,43:63,43,63,89,٦٣:٤٣
4428,43:64,43,64,89,٦٤:٤٣
4429,43:65,43,65,89,٦٥:٤٣
4430,43:66,43,66,89,٦٦:٤٣
4431,43:67,43,67,89,٦٧:٤٣
4432,43:68,43,68,89,٦٨:٤٣
4433,43:69,43,69,89,٦٩:٤٣
4371,43:7,43,7,89,٧:٤٣
4434,43:70,43,70,89,٧٠:٤٣
4435,43:71,43,71,89,٧١:٤٣
4436,43:72,43,72,89,٧٢:٤٣
4437,43:73,43,73,89,٧٣:٤٣
4438,43:74,43,74,89,٧٤:٤٣
4439,43:75,43,75,89,٧٥:٤٣
4440,43:76,43,76,89,٧٦:٤٣
4441,43:77,43,77,89,٧٧:٤٣
4442,43:78,43,78,89,٧٨:٤٣
4443,43:79,43,79,89,٧٩:٤٣
4372,43:8,43,8,89,٨:٤٣
4444,43:80,43,80,89,٨٠:٤٣
4445,43:81,43,81,89,٨١:٤٣
4446,43:82,43,82,89,٨٢:٤٣
4447,43:83,43,83,89,٨٣:٤٣
4448,43:84,43,84,89,٨٤:٤٣
4449,43:85,43,85,89,٨٥:٤٣
4450,43:86,43,86,89,٨٦:٤٣
4451,43:87,43,87,89,٨٧:٤٣
4452,43:88,43,88,89,٨٨:٤٣
4453,43:89,43,89,89,٨٩:٤٣
4373,43:9,43,9,89,٩:٤٣
4454,44:0,44,0,59,٠:٤٤
4455,44:1,44,1,59,١:٤٤
4464,44:10,44,10,59,١٠:٤٤
4465,44:11,44,11,59,١١:٤٤
4466,44:12,44,12,59,١٢:٤٤
4467,44:13,44,13,59,١٣:٤٤
4468,44:14,44,14,59,١٤:٤٤
4469,44:15,44,15,59,١٥:٤٤
4470,44:16,44,16,59,١٦:٤٤
4471,44:17,44,17,59,١٧:٤٤
4472,44:18,44,18,59,١٨:٤٤
4473,44:19,44,19,59,١٩:٤٤
4456,44:2,44,2,59,٢:٤٤
4474,44:20,44,20,59,٢٠:٤٤
4475,44:21,44,21,59,٢١:٤٤
4476,44:22,44,22,59,٢٢:٤٤
4477,44:23,44,23,59,٢٣:٤٤
4478,44:24,44,24,59,٢٤:٤٤
4479,44:25,44,25,59,٢٥:٤٤
4480,44:26,44,26,59,٢٦:٤٤
4481,44:27,44,27,59,٢٧:٤٤
4482,44:28,44,28,59,٢٨:٤٤
4483,44:29,44,29,59,٢٩:٤٤
4457,44:3,44,3,59,٣:٤٤
4484,44:30,44,30,59,٣٠:٤٤
4485,44:31,44,31,59,٣١:٤٤
4486,44:32,44,32,59,٣٢:٤٤
4487,44:33,44,33,59,٣٣:٤٤
4488,44:34,44,34,59,٣٤:٤٤
4489,44:35,44,35,59,٣٥:٤٤
4490,44:36,44,36,59,٣٦:٤٤
4491,44:37,44,37,59,٣٧:٤٤
4492,44:38,44,38,59,٣٨:٤٤
4493,44:39,44,39,59,٣٩:٤٤
4458,44:4,44,4,59,٤:٤٤
4494,44:40,44,40,59,٤٠:٤٤
4495,44:41,44,41,59,٤١:٤٤
4496,44:42,44,42,59,٤٢:٤٤
4497,44:43,44,43,59,٤٣:٤٤
4498,44:44,44,44,59,٤٤:٤٤
4499,44:45,44,45,59,٤٥:٤٤
4500,44:46,44,46,59,٤٦:٤٤
4501,44:47,44,47,59,٤٧:٤٤
4502,44:48,44,48,59,٤٨:٤٤
4503,44:49,44,49,59,٤٩:٤٤
4459,44:5,44,5,59,٥:٤٤
4504,44:50,44,50,59,٥٠:٤٤
4505,44:51,44,51,59,٥١:٤٤
4506,44:52,44,52,59,٥٢:٤٤
4507,44:53,44,53,59,٥٣:٤٤
4508,44:54,44,54,59,٥٤:٤٤
4509,44:55,44,55,59,٥٥:٤٤
4510,44:56,44,56,59,٥٦:٤٤
4511,44:57,44,57,59,٥٧:٤٤
4512,44:58,44,58,59,٥٨:٤٤
4513,44:59,44,59,59,٥٩:٤٤
4460,44:6,44,6,59,٦:٤٤
4461,44:7,44,7,59,٧:٤٤
4462,44:8,44,8,59,٨:٤٤
4463,44:9,44,9,59,٩:٤٤
4514,45:0,45,0,37,٠:٤٥
4515,45:1,45,1,37,١:٤٥
4524,45:10,45,10,37,١٠:٤٥
4525,45:11,45,11,37,١١:٤٥
4526,45:12,45,12,37,١٢:٤٥
4527,45:13,45,13,37,١٣:٤٥
4528,45:14,45,14,37,١٤:٤٥
4529,45:15,45,15,37,١٥:٤٥
4530,45:16,45,16,37,١٦:٤٥
4531,45:17,45,17,37,١٧:٤٥
4532,45:18,45,18,37,١٨:٤٥
4533,45:19,45,19,37,١٩:٤٥
4516,45:2,45,2,37,٢:٤٥
4534,45:20,45,20,37,٢٠:٤٥
4535,45:21,45,21,37,٢١:٤٥
4536,45:22,45,22,37,٢٢:٤٥
4537,45:23,45,23,37,٢٣:٤٥
4538,45:24,45,24,37,٢٤:٤٥
4539,45:25,45,25,37,٢٥:٤٥
4540,45:26,45,26,37,٢٦:٤٥
4541,45:27,45,27,37,٢٧:٤٥
4542,45:28,45,28,37,٢٨:٤٥
4543,45:29,45,29,37,٢٩:٤٥
4517,45:3,45,3,37,٣:٤٥
4544,45:30,45,30,37,٣٠:٤٥
4545,45:31,45,31,37,٣١:٤٥
4546,45:32,45,32,37,٣٢:٤٥
4547,45:33,45,33,37,٣٣:٤٥
4548,45:34,45,34,37,٣٤:٤٥
4549,45:35,45,35,37,٣٥:٤٥
4550,45:36,45,36,37,٣٦:٤٥
4551,45:37,45,37,37,٣٧:٤٥
4518,45:4,45,4,37,٤:٤٥
4519,45:5,45,5,37,٥:٤٥
4520,45:6,45,6,37,٦:٤٥
4521,45:7,45,7,37,٧:٤٥
4522,45:8,45,8,37,٨:٤٥
4523,45:9,45,9,37,٩:٤٥
4552,46:0,46,0,35,٠:٤٦
4553,46:1,46,1,35,١:٤٦
4562,46:10,46,10,35,١٠:٤٦
4563,46:11,46,11,35,١١:٤٦
4564,46:12,46,12,35,١٢:٤٦
4565,46:13,46,13,35,١٣:٤٦
4566,46:14,46,14,35,١٤:٤٦
4567,46:15,46,15,35,١٥:٤٦
4568,46:16,46,16,35,١٦:٤٦
4569,46:17,46,17,35,١٧:٤٦
4570,46:18,46,18,35,١٨:٤٦
4571,46:19,46,19,35,١٩:٤٦
4554,46:2,46,2,35,٢:٤٦
4572,46:20,46,20,35,٢٠:٤٦
4573,46:21,46,21,35,٢١:٤٦
4574,46:22,46,22,35,٢٢:٤٦
4575,46:23,46,23,35,٢٣:٤٦
4576,46:24,46,24,35,٢٤:٤٦
4577,46:25,46,25,35,٢٥:٤٦
4578,46:26,46,26,35,٢٦:٤٦
4579,46:27,46,27,35,٢٧:٤٦
4580,46:28,46,28,35,٢٨:٤٦
4581,46:29,46,29,35,٢٩:٤٦
4555,46:3,46,3,35,٣:٤٦
4582,46:30,46,30,35,٣٠:٤٦
4583,46:31,46,31,35,٣١:٤٦
4584,46:32,46,32,35,٣٢:٤٦
4585,46:33,46,33,35,٣٣:٤٦
4586,46:34,46,34,35,٣٤:٤٦
4587,46:35,46,35,35,٣٥:٤٦
4556,46:4,46,4,35,٤:٤٦
4557,46:5,46,5,35,٥:٤٦
4558,46:6,46,6,35,٦:٤٦
4559,46:7,46,7,35,٧:٤٦
4560,46:8,46,8,35,٨:٤٦
4561,46:9,46,9,35,٩:٤٦
4588,47:0,47,0,38,٠:٤٧
4589,47:1,47,1,38,١:٤٧
4598,47:10,47,10,38,١٠:٤٧
4599,47:11,47,11,38,١١:٤٧
4600,47:12,47,12,38,١٢:٤٧
4601,47:13,47,13,38,١٣:٤٧
4602,47:14,47,14,38,١٤:٤٧
4603,47:15,47,15,38,١٥:٤٧
4604,47:16,47,16,38,١٦:٤٧
4605,47:17,47,17,38,١٧:٤٧
4606,47:18,47,18,38,١٨:٤٧
4607,47:19,47,19,38,١٩:٤٧
4590,47:2,47,2,38,٢:٤٧
4608,47:20,47,20,38,٢٠:٤٧
4609,47:21,47,21,38,٢١:٤٧
4610,47:22,47,22,38,٢٢:٤٧
4611,47:23,47,23,38,٢٣:٤٧
4612,47:24,47,24,38,٢٤:٤٧
4613,47:25,47,25,38,٢٥:٤٧
4614,47:26,47,26,38,٢٦:٤٧
4615,47:27,47,27,38,٢٧:٤٧
4616,47:28,47,28,38,٢٨:٤٧
4617,47:29,47,29,38,٢٩:٤٧
4591,47:3,47,3,38,٣:٤٧
4618,47:30,47,30,38,٣٠:٤٧
4619,47:31,47,31,38,٣١:٤٧
4620,47:32,47,32,38,٣٢:٤٧
4621,47:33,47,33,38,٣٣:٤٧
4622,47:34,47,34,38,٣٤:٤٧
4623,47:35,47,35,38,٣٥:٤٧
4624,47:36,47,36,38,٣٦:٤٧
4625,47:37,47,37,38,٣٧:٤٧
4626,47:38,47,38,38,٣٨:٤٧
4592,47:4,47,4,38,٤:٤٧
4593,47:5,47,5,38,٥:٤٧
4594,47:6,47,6,38,٦:٤٧
4595,47:7,47,7,38,٧:٤٧
4596,47:8,47,8,38,٨:٤٧
4597,47:9,47,9,38,٩:٤٧
4627,48:0,48,0,29,٠:٤٨
4628,48:1,48,1,29,١:٤٨
4637,48:10,48,10,29,١٠:٤٨
4638,48:11,48,11,29,١١:٤٨
4639,48:12,48,12,29,١٢:٤٨
4640,48:13,48,13,29,١٣:٤٨
4641,48:14,48,14,29,١٤:٤٨
4642,48:15,48,15,29,١٥:٤٨
4643,48:16,48,16,29,١٦:٤٨
4644,48:17,48,17,29,١٧:٤٨
4645,48:18,48,18,29,١٨:٤٨
4646,48:19,48,19,29,١٩:٤٨
4629,48:2,48,2,29,٢:٤٨
4647,48:20,48,20,29,٢٠:٤٨
4648,48:21,48,21,29,٢١:٤٨
4649,48:22,48,22,29,٢٢:٤٨
4650,48:23,48,23,29,٢٣:٤٨
4651,48:24,48,24,29,٢٤:٤٨
4652,48:25,48,25,29,٢٥:٤٨
4653,48:26,48,26,29,٢٦:٤٨
4654,48:27,48,27,29,٢٧:٤٨
4655,48:28,48,28,29,٢٨:٤٨
4656,48:29,48,29,29,٢٩:٤٨
4630,48:3,48,3,29,٣:٤٨
4631,48:4,48,4,29,٤:٤٨
4632,48:5,48,5,29,٥:٤٨
4633,48:6,48,6,29,٦:٤٨
4634,48:7,48,7,29,٧:٤٨
4635,48:8,48,8,29,٨:٤٨
4636,48:9,48,9,29,٩:٤٨
4657,49:0,49,0,18,٠:٤٩
4658,49:1,49,1,18,١:٤٩
4667,49:10,49,10,18,١٠:٤٩
4668,49:11,49,11,18,١١:٤٩
4669,49:12,49,12,18,١٢:٤٩
4670,49:13,49,13,18,١٣:٤٩
4671,49:14,49,14,18,١٤:٤٩
4672,49:15,49,15,18,١٥:٤٩
4673,49:16,49,16,18,١٦:٤٩
4674,49:17,49,17,18,١٧:٤٩
4675,49:18,49,18,18,١٨:٤٩
4659,49:2,49,2,18,٢:٤٩
4660,49:3,49,3,18,٣:٤٩
4661,49:4,49,4,18,٤:٤٩
4662,49:5,49,5,18,٥:٤٩
4663,49:6,49,6,18,٦:٤٩
4664,49:7,49,7,18,٧:٤٩
4665,49:8,49,8,18,٨:٤٩
4666,49:9,49,9,18,٩:٤٩
673,5:0,5,0,120,٠:٥
674,5:1,5,1,120,١:٥
683,5:10,5,10,120,١٠:٥
773,5:100,5,100,120,١٠٠:٥
774,5:101,5,101,120,١٠١:٥
775,5:102,5,102,120,١٠٢:٥
776,5:103,5,103,120,١٠٣:٥
777,5:104,5,104,120,١٠٤:٥
778,5:105,5,105,120,١٠٥:٥
779,5:106,5,106,120,١٠٦:٥
780,5:107,5,107,120,١٠٧:٥
781,5:108,5,108,120,١٠٨:٥
782,5:109,5,109,120,١٠٩:٥
684,5:11,5,11,120,١١:٥
783,5:110,5,110,120,١١٠:٥
784,5:111,5,111,120,١١١:٥
785,5:112,5,112,120,١١٢:٥
786,5:113,5,113,120,١١٣:٥
787,5:114,5,114,120,١١٤:٥
788,5:115,5,115,120,١١٥:٥
789,5:116,5,116,120,١١٦:٥
790,5:117,5,117,120,١١٧:٥
791,5:118,5,118,120,١١٨:٥
792,5:119,5,119,120,١١٩:٥
685,5:12,5,12,120,١٢:٥
793,5:120,5,120,120,١٢٠:٥
686,5:13,5,13,120,١٣:٥
687,5:14,5,14,120,١٤:٥
688,5:15,5,15,120,١٥:٥
689,5:16,5,16,120,١٦:٥
690,5:17,5,17,120,١٧:٥
691,5:18,5,18,120,١٨:٥
692,5:19,5,19,120,١٩:٥
675,5:2,5,2,120,٢:٥
693,5:20,5,20,120,٢٠:٥
694,5:21,5,21,120,٢١:٥
695,5:22,5,22,120,٢٢:٥
696,5:23,5,23,120,٢٣:٥
697,5:24,5,24,120,٢٤:٥
698,5:25,5,25,120,٢٥:٥
699,5:26,5,26,120,٢٦:٥
700,5:27,5,27,120,٢٧:٥
701,5:28,5,28,120,٢٨:٥
702,5:29,5,29,120,٢٩:٥
676,5:3,5,3,120,٣:٥
703,5:30,5,30,120,٣٠:٥
704,5:31,5,31,120,٣١:٥
705,5:32,5,32,120,٣٢:٥
706,5:33,5,33,120,٣٣:٥
707,5:34,5,34,120,٣٤:٥
708,5:35,5,35,120,٣٥:٥
709,5:36,5,36,120,٣٦:٥
710,5:37,5,37,120,٣٧:٥
711,5:38,5,38,120,٣٨:٥
712,5:39,5,39,120,٣٩:٥
677,5:4,5,4,120,٤:٥
713,5:40,5,40,120,٤٠:٥
714,5:41,5,41,120,٤١:٥
715,5:42,5,42,120,٤٢:٥
716,5:43,5,43,120,٤٣:٥
717,5:44,5,44,120,٤٤:٥
718,5:45,5,45,120,٤٥:٥
719,5:46,5,46,120,٤٦:٥
720,5:47,5,47,120,٤٧:٥
721,5:48,5,48,120,٤٨:٥
722,5:49,5,49,120,٤٩:٥
678,5:5,5,5,120,٥:٥
723,5:50,5,50,120,٥٠:٥
724,5:51,5,51,120,٥١:٥
725,5:52,5,52,120,٥٢:٥
726,5:53,5,53,120,٥٣:٥
727,5:54,5,54,120,٥٤:٥
728,5:55,5,55,120,٥٥:٥
729,5:56,5,56,120,٥٦:٥
730,5:57,5,57,120,٥٧:٥
731,5:58,5,58,120,٥٨:٥
732,5:59,5,59,120,٥٩:٥
679,5:6,5,6,120,٦:٥
733,5:60,5,60,120,٦٠:٥
734,5:61,5,61,120,٦١:٥
735,5:62,5,62,120,٦٢:٥
736,5:63,5,63,120,٦٣:٥
737,5:64,5,64,120,٦٤:٥
738,5:65,5,65,120,٦٥:٥
739,5:66,5,66,120,٦٦:٥
740,5:67,5,67,120,٦٧:٥
741,5:68,5,68,120,٦٨:٥
742,5:69,5,69,120,٦٩:٥
680,5:7,5,7,120,٧:٥
743,5:70,5,70,120,٧٠:٥
744,5:71,5,71,120,٧١:٥
745,5:72,5,72,120,٧٢:٥
746,5:73,5,73,120,٧٣:٥
747,5:74,5,74,120,٧٤:٥
748,5:75,5,75,120,٧٥:٥
749,5:76,5,76,120,٧٦:٥
750,5:77,5,77,120,٧٧:٥
751,5:78,5,78,120,٧٨:٥
752,5:79,5,79,120,٧٩:٥
681,5:8,5,8,120,٨:٥
753,5:80,5,80,120,٨٠:٥
754,5:81,5,81,120,٨١:٥
755,5:82,5,82,120,٨٢:٥
756,5:83,5,83,120,٨٣:٥
757,5:84,5,84,120,٨٤:٥
758,5:85,5,85,120,٨٥:٥
759,5:86,5,86,120,٨٦:٥
760,5:87,5,87,120,٨٧:٥
761,5:88,5,88,120,٨٨:٥
762,5:89,5,89,120,٨٩:٥
682,5:9,5,9,120,٩:٥
763,5:90,5,90,120,٩٠:٥
764,5:91,5,91,120,٩١:٥
765,5:92,5,92,120,٩٢:٥
766,5:93,5,93,120,٩٣:٥
767,5:94,5,94,120,٩٤:٥
768,5:95,5,95,120,٩٥:٥
769,5:96,5,96,120,٩٦:٥
770,5:97,5,97,120,٩٧:٥
771,5:98,5,98,120,٩٨:٥
772,5:99,5,99,120,٩٩:٥
4676,50:0,50,0,45,٠:٥٠
4677,50:1,50,1,45,١:٥٠
4686,50:10,50,10,45,١٠:٥٠
4687,50:11,50,11,45,١١:٥٠
4688,50:12,50,12,45,١٢:٥٠
4689,50:13,50,13,45,١٣:٥٠
4690,50:14,50,14,45,١٤:٥٠
4691,50:15,50,15,45,١٥:٥٠
4692,50:16,50,16,45,١٦:٥٠
4693,50:17,50,17,45,١٧:٥٠
4694,50:18,50,18,45,١٨:٥٠
4695,50:19,50,19,45,١٩:٥٠
4678,50:2,50,2,45,٢:٥٠
4696,50:20,50,20,45,٢٠:٥٠
4697,50:21,50,21,45,٢١:٥٠
4698,50:22,50,22,45,٢٢:٥٠
4699,50:23,50,23,45,٢٣:٥٠
4700,50:24,50,24,45,٢٤:٥٠
4701,50:25,50,25,45,٢٥:٥٠
4702,50:26,50,26,45,٢٦:٥٠
4703,50:27,50,27,45,٢٧:٥٠
4704,50:28,50,28,45,٢٨:٥٠
4705,50:29,50,29,45,٢٩:٥٠
4679,50:3,50,3,45,٣:٥٠
4706,50:30,50,30,45,٣٠:٥٠
4707,50:31,50,31,45,٣١:٥٠
4708,50:32,50,32,45,٣٢:٥٠
4709,50:33,50,33,45,٣٣:٥٠
4710,50:34,50,34,45,٣٤:٥٠
4711,50:35,50,35,45,٣٥:٥٠
4712,50:36,50,36,45,٣٦:٥٠
4713,50:37,50,37,45,٣٧:٥٠
4714,50:38,50,38,45,٣٨:٥٠
4715,50:39,50,39,45,٣٩:٥٠
4680,50:4,50,4,45,٤:٥٠
4716,50:40,50,40,45,٤٠:٥٠
4717,50:41,50,41,45,٤١:٥٠
4718,50:42,50,42,45,٤٢:٥٠
4719,50:43,50,43,45,٤٣:٥٠
4720,50:44,50,44,45,٤٤:٥٠
4721,50:45,50,45,45,٤٥:٥٠
4681,50:5,50,5,45,٥:٥٠
4682,50:6,50,6,45,٦:٥٠
4683,50:7,50,7,45,٧:٥٠
4684,50:8,50,8,45,٨:٥٠
4685,50:9,50,9,45,٩:٥٠
4722,51:0,51,0,60,٠:٥١
4723,51:1,51,1,60,١:٥١
4732,51:10,51,10,60,١٠:٥١
4733,51:11,51,11,60,١١:٥١
4734,51:12,51,12,60,١٢:٥١
4735,51:13,51,13,60,١٣:٥١
4736,51:14,51,14,60,١٤:٥١
4737,51:15,51,15,60,١٥:٥١
4738,51:16,51,16,60,١٦:٥١
4739,51:17,51,17,60,١٧:٥١
4740,51:18,51,18,60,١٨:٥١
4741,51:19,51,19,60,١٩:٥١
4724,51:2,51,2,60,٢:٥١
4742,51:20,51,20,60,٢٠:٥١
4743,51:21,51,21,60,٢١:٥١
4744,51:22,51,22,60,٢٢:٥١
4745,51:23,51,23,60,٢٣:٥١
4746,51:24,51,24,60,٢٤:٥١
4747,51:25,51,25,60,٢٥:٥١
4748,51:26,51,26,60,٢٦:٥١
4749,51:27,51,27,60,٢٧:٥١
4750,51:28,51,28,60,٢٨:٥١
4751,51:29,51,29,60,٢٩:٥١
4725,51:3,51,3,60,٣:٥١
4752,51:30,51,30,60,٣٠:٥١
4753,51:31,51,31,60,٣١:٥١
4754,51:32,51,32,60,٣٢:٥١
4755,51:33,51,33,60,٣٣:٥١
4756,51:34,51,34,60,٣٤:٥١
4757,51:35,51,35,60,٣٥:٥١
4758,51:36,51,36,60,٣٦:٥١
4759,51:37,51,37,60,٣٧:٥١
4760,51:38,51,38,60,٣٨:٥١
4761,51:39,51,39,60,٣٩:٥١
4726,51:4,51,4,60,٤:٥١
4762,51:40,51,40,60,٤٠:٥١
4763,51:41,51,41,60,٤١:٥١
4764,51:42,51,42,60,٤٢:٥١
4765,51:43,51,43,60,٤٣:٥١
4766,51:44,51,44,60,٤٤:٥١
4767,51:45,51,45,60,٤٥:٥١
4768,51:46,51,46,60,٤٦:٥١
4769,51:47,51,47,60,٤٧:٥١
4770,51:48,51,48,60,٤٨:٥١
4771,51:49,51,49,60,٤٩:٥١
4727,51:5,51,5,60,٥:٥١
4772,51:50,51,50,60,٥٠:٥١
4773,51:51,51,51,60,٥١:٥١
4774,51:52,51,52,60,٥٢:٥١
4775,51:53,51,53,60,٥٣:٥١
4776,51:54,51,54,60,٥٤:٥١
4777,51:55,51,55,60,٥٥:٥١
4778,51:56,51,56,60,٥٦:٥١
4779,51:57,51,57,60,٥٧:٥١
4780,51:58,51,58,60,٥٨:٥١
4781,51:59,51,59,60,٥٩:٥١
4728,51:6,51,6,60,٦:٥١
4782,51:60,51,60,60,٦٠:٥١
4729,51:7,51,7,60,٧:٥١
4730,51:8,51,8,60,٨:٥١
4731,51:9,51,9,60,٩:٥١
4783,52:0,52,0,49,٠:٥٢
4784,52:1,52,1,49,١:٥٢
4793,52:10,52,10,49,١٠:٥٢
4794,52:11,52,11,49,١١:٥٢
4795,52:12,52,12,49,١٢:٥٢
4796,52:13,52,13,49,١٣:٥٢
4797,52:14,52,14,49,١٤:٥٢
4798,52:15,52,15,49,١٥:٥٢
4799,52:16,52,16,49,١٦:٥٢
4800,52:17,52,17,49,١٧:٥٢
4801,52:18,52,18,49,١٨:٥٢
4802,52:19,52,19,49,١٩:٥٢
4785,52:2,52,2,49,٢:٥٢
4803,52:20,52,20,49,٢٠:٥٢
4804,52:21,52,21,49,٢١:٥٢
4805,52:22,52,22,49,٢٢:٥٢
4806,52:23,52,23,49,٢٣:٥٢
4807,52:24,52,24,49,٢٤:٥٢
4808,52:25,52,25,49,٢٥:٥٢
4809,52:26,52,26,49,٢٦:٥٢
4810,52:27,52,27,49,٢٧:٥٢
4811,52:28,52,28,49,٢٨:٥٢
4812,52:29,52,29,49,٢٩:٥٢
4786,52:3,52,3,49,٣:٥٢
4813,52:30,52,30,49,٣٠:٥٢
4814,52:31,52,31,49,٣١:٥٢
4815,52:32,52,32,49,٣٢:٥٢
4816,52:33,52,33,49,٣٣:٥٢
4817,52:34,52,34,49,٣٤:٥٢
4818,52:35,52,35,49,٣٥:٥٢
4819,52:36,52,36,49,٣٦:٥٢
4820,52:37,52,37,49,٣٧:٥٢
4821,52:38,52,38,49,٣٨:٥٢
4822,52:39,52,39,49,٣٩:٥٢
4787,52:4,52,4,49,٤:٥٢
4823,52:40,52,40,49,٤٠:٥٢
4824,52:41,52,41,49,٤١:٥٢
4825,52:42,52,42,49,٤٢:٥٢
4826,52:43,52,43,49,٤٣:٥٢
4827,52:44,52,44,49,٤٤:٥٢
4828,52:45,52,45,49,٤٥:٥٢
4829,52:46,52,46,49,٤٦:٥٢
4830,52:47,52,47,49,٤٧:٥٢
4831,52:48,52,48,49,٤٨:٥٢
4832,52:49,52,49,49,٤٩:٥٢
4788,52:5,52,5,49,٥:٥٢
4789,52:6,52,6,49,٦:٥٢
4790,52:7,52,7,49,٧:٥٢
4791,52:8,52,8,49,٨:٥٢
4792,52:9,52,9,49,٩:٥٢
4833,53:0,53,0,62,٠:٥٣
4834,53:1,53,1,62,١:٥٣
4843,53:10,53,10,62,١٠:٥٣
4844,53:11,53,11,62,١١:٥٣
4845,53:12,53,12,62,١٢:٥٣
4846,53:13,53,13,62,١٣:٥٣
4847,53:14,53,14,62,١٤:٥٣
4848,53:15,53,15,62,١٥:٥٣
4849,53:16,53,16,62,١٦:٥٣
4850,53:17,53,17,62,١٧:٥٣
4851,53:18,53,18,62,١٨:٥٣
4852,53:19,53,19,62,١٩:٥٣
4835,53:2,53,2,62,٢:٥٣
4853,53:20,53,20,62,٢٠:٥٣
4854,53:21,53,21,62,٢١:٥٣
4855,53:22,53,22,62,٢٢:٥٣
4856,53:23,53,23,62,٢٣:٥٣
4857,53:24,53,24,62,٢٤:٥٣
4858,53:25,53,25,62,٢٥:٥٣
4859,53:26,53,26,62,٢٦:٥٣
4860,53:27,53,27,62,٢٧:٥٣
4861,53:28,53,28,62,٢٨:٥٣
4862,53:29,53,29,62,٢٩:٥٣
4836,53:3,53,3,62,٣:٥٣
4863,53:30,53,30,62,٣٠:٥٣
4864,53:31,53,31,62,٣١:٥٣
4865,53:32,53,32,62,٣٢:٥٣
4866,53:33,53,33,62,٣٣:٥٣
4867,53:34,53,34,62,٣٤:٥٣
4868,53:35,53,35,62,٣٥:٥٣
4869,53:36,53,36,62,٣٦:٥٣
4870,53:37,53,37,62,٣٧:٥٣
4871,53:38,53,38,62,٣٨:٥٣
4872,53:39,53,39,62,٣٩:٥٣
4837,53:4,53,4,62,٤:٥٣
4873,53:40,53,40,62,٤٠:٥٣
4874,53:41,53,41,62,٤١:٥٣
4875,53:42,53,42,62,٤٢:٥٣
4876,53:43,53,43,62,٤٣:٥٣
4877,53:44,53,44,62,٤٤:٥٣
4878,53:45,53,45,62,٤٥:٥٣
4879,53:46,53,46,62,٤٦:٥٣
4880,53:47,53,47,62,٤٧:٥٣
4881,53:48,53,48,62,٤٨:٥٣
4882,53:49,53,49,62,٤٩:٥٣
4838,53:5,53,5,62,٥:٥٣
4883,53:50,53,50,62,٥٠:٥٣
4884,53:51,53,51,62,٥١:٥٣
4885,53:52,53,52,62,٥٢:٥٣
4886,53:53,53,53,62,٥٣:٥٣
4887,53:54,53,54,62,٥٤:٥٣
4888,53:55,53,55,62,٥٥:٥٣
4889,53:56,53,56,62,٥٦:٥٣
4890,53:57,53,57,62,٥٧:٥٣
4891,53:58,53,58,62,٥٨:٥٣
4892,53:59,53,59,62,٥٩:٥٣
4839,53:6,53,6,62,٦:٥٣
4893,53:60,53,60,62,٦٠:٥٣
4894,53:61,53,61,62,٦١:٥٣
4895,53:62,53,62,62,٦٢:٥٣
4840,53:7,53,7,62,٧:٥٣
4841,53:8,53,8,62,٨:٥٣
4842,53:9,53,9,62,٩:٥٣
4896,54:0,54,0,55,٠:٥٤
4897,54:1,54,1,55,١:٥٤
4906,54:10,54,10,55,١٠:٥٤
4907,54:11,54,11,55,١١:٥٤
4908,54:12,54,12,55,١٢:٥٤
4909,54:13,54,13,55,١٣:٥٤
4910,54:14,54,14,55,١٤:٥٤
4911,54:15,54,15,55,١٥:٥٤
4912,54:16,54,16,55,١٦:٥٤
4913,54:17,54,17,55,١٧:٥٤
4914,54:18,54,18,55,١٨:٥٤
4915,54:19,54,19,55,١٩:٥٤
4898,54:2,54,2,55,٢:٥٤
4916,54:20,54,20,55,٢٠:٥٤
4917,54:21,54,21,55,٢١:٥٤
4918,54:22,54,22,55,٢٢:٥٤
4919,54:23,54,23,55,٢٣:٥٤
4920,54:24,54,24,55,٢٤:٥٤
4921,54:25,54,25,55,٢٥:٥٤
4922,54:26,54,26,55,٢٦:٥٤
4923,54:27,54,27,55,٢٧:٥٤
4924,54:28,54,28,55,٢٨:٥٤
4925,54:29,54,29,55,٢٩:٥٤
4899,54:3,54,3,55,٣:٥٤
4926,54:30,54,30,55,٣٠:٥٤
4927,54:31,54,31,55,٣١:٥٤
4928,54:32,54,32,55,٣٢:٥٤
4929,54:33,54,33,55,٣٣:٥٤
4930,54:34,54,34,55,٣٤:٥٤
4931,54:35,54,35,55,٣٥:٥٤
4932,54:36,54,36,55,٣٦:٥٤
4933,54:37,54,37,55,٣٧:٥٤
4934,54:38,54,38,55,٣٨:٥٤
4935,54:39,54,39,55,٣٩:٥٤
4900,54:4,54,4,55,٤:٥٤
4936,54:40,54,40,55,٤٠:٥٤
4937,54:41,54,41,55,٤١:٥٤
4938,54:42,54,42,55,٤٢:٥٤
4939,54:43,54,43,55,٤٣:٥٤
4940,54:44,54,44,55,٤٤:٥٤
4941,54:45,54,45,55,٤٥:٥٤
4942,54:46,54,46,55,٤٦:٥٤
4943,54:47,54,47,55,٤٧:٥٤
4944,54:48,54,48,55,٤٨:٥٤
4945,54:49,54,49,55,٤٩:٥٤
4901,54:5,54,5,55,٥:٥٤
4946,54:50,54,50,55,٥٠:٥٤
4947,54:51,54,51,55,٥١:٥٤
4948,54:52,54,52,55,٥٢:٥٤
4949,54:53,54,53,55,٥٣:٥٤
4950,54:54,54,54,55,٥٤:٥٤
4951,54:55,54,55,55,٥٥:٥٤
4902,54:6,54,6,55,٦:٥٤
4903,54:7,54,7,55,٧:٥٤
4904,54:8,54,8,55,٨:٥٤
4905,54:9,54,9,55,٩:٥٤
4952,55:0,55,0,78,٠:٥٥
4953,55:1,55,1,78,١:٥٥
4962,55:10,55,10,78,١٠:٥٥
4963,55:11,55,11,78,١١:٥٥
4964,55:12,55,12,78,١٢:٥٥
4965,55:13,55,13,78,١٣:٥٥
4966,55:14,55,14,78,١٤:٥٥
4967,55:15,55,15,78,١٥:٥٥
4968,55:16,55,16,78,١٦:٥٥
4969,55:17,55,17,78,١٧:٥٥
4970,55:18,55,18,78,١٨:٥٥
4971,55:19,55,19,78,١٩:٥٥
4954,55:2,55,2,78,٢:٥٥
4972,55:20,55,20,78,٢٠:٥٥
4973,55:21,55,21,78,٢١:٥٥
4974,55:22,55,22,78,٢٢:٥٥
4975,55:23,55,23,78,٢٣:٥٥
4976,55:24,55,24,78,٢٤:٥٥
4977,55:25,55,25,78,٢٥:٥٥
4978,55:26,55,26,78,٢٦:٥٥
4979,55:27,55,27,78,٢٧:٥٥
4980,55:28,55,28,78,٢٨:٥٥
4981,55:29,55,29,78,٢٩:٥٥
4955,55:3,55,3,78,٣:٥٥
4982,55:30,55,30,78,٣٠:٥٥
4983,55:31,55,31,78,٣١:٥٥
4984,55:32,55,32,78,٣٢:٥٥
4985,55:33,55,33,78,٣٣:٥٥
4986,55:34,55,34,78,٣٤:٥٥
4987,55:35,55,35,78,٣٥:٥٥
4988,55:36,55,36,78,٣٦:٥٥
4989,55:37,55,37,78,٣٧:٥٥
4990,55:38,55,38,78,٣٨:٥٥
4991,55:39,55,39,78,٣٩:٥٥
4956,55:4,55,4,78,٤:٥٥
4992,55:40,55,40,78,٤٠:٥٥
4993,55:41,55,41,78,٤١:٥٥
4994,55:42,55,42,78,٤٢:٥٥
4995,55:43,55,43,78,٤٣:٥٥
4996,55:44,55,44,78,٤٤:٥٥
4997,55:45,55,45,78,٤٥:٥٥
4998,55:46,55,46,78,٤٦:٥٥
4999,55:47,55,47,78,٤٧:٥٥
5000,55:48,55,48,78,٤٨:٥٥
5001,55:49,55,49,78,٤٩:٥٥
4957,55:5,55,5,78,٥:٥٥
5002,55:50,55,50,78,٥٠:٥٥
5003,55:51,55,51,78,٥١:٥٥
5004,55:52,55,52,78,٥٢:٥٥
5005,55:53,55,53,78,٥٣:٥٥
5006,55:54,55,54,78,٥٤:٥٥
5007,55:55,55,55,78,٥٥:٥٥
5008,55:56,55,56,78,٥٦:٥٥
5009,55:57,55,57,78,٥٧:٥٥
5010,55:58,55,58,78,٥٨:٥٥
5011,55:59,55,59,78,٥٩:٥٥
4958,55:6,55,6,78,٦:٥٥
5012,55:60,55,60,78,٦٠:٥٥
5013,55:61,55,61,78,٦١:٥٥
5014,55:62,55,62,78,٦٢:٥٥
5015,55:63,55,63,78,٦٣:٥٥
5016,55:64,55,64,78,٦٤:٥٥
5017,55:65,55,65,78,٦٥:٥٥
5018,55:66,55,66,78,٦٦:٥٥
5019,55:67,55,67,78,٦٧:٥٥
5020,55:68,55,68,78,٦٨:٥٥
5021,55:69,55,69,78,٦٩:٥٥
4959,55:7,55,7,78,٧:٥٥
5022,55:70,55,70,78,٧٠:٥٥
5023,55:71,55,71,78,٧١:٥٥
5024,55:72,55,72,78,٧٢:٥٥
5025,55:73,55,73,78,٧٣:٥٥
5026,55:74,55,74,78,٧٤:٥٥
5027,55:75,55,75,78,٧٥:٥٥
5028,55:76,55,76,78,٧٦:٥٥
5029,55:77,55,77,78,٧٧:٥٥
5030,55:78,55,78,78,٧٨:٥٥
4960,55:8,55,8,78,٨:٥٥
4961,55:9,55,9,78,٩:٥٥
5031,56:0,56,0,96,٠:٥٦
5032,56:1,56,1,96,١:٥٦
5041,56:10,56,10,96,١٠:٥٦
5042,56:11,56,11,96,١١:٥٦
5043,56:12,56,12,96,١٢:٥٦
5044,56:13,56,13,96,١٣:٥٦
5045,56:14,56,14,96,١٤:٥٦
5046,56:15,56,15,96,١٥:٥٦
5047,56:16,56,16,96,١٦:٥٦
5048,56:17,56,17,96,١٧:٥٦
5049,56:18,56,18,96,١٨:٥٦
5050,56:19,56,19,96,١٩:٥٦
5033,56:2,56,2,96,٢:٥٦
5051,56:20,56,20,96,٢٠:٥٦
5052,56:21,56,21,96,٢١:٥٦
5053,56:22,56,22,96,٢٢:٥٦
5054,56:23,56,23,96,٢٣:٥٦
5055,56:24,56,24,96,٢٤:٥٦
5056,56:25,56,25,96,٢٥:٥٦
5057,56:26,56,26,96,٢٦:٥٦
5058,56:27,56,27,96,٢٧:٥٦
5059,56:28,56,28,96,٢٨:٥٦
5060,56:29,56,29,96,٢٩:٥٦
5034,56:3,56,3,96,٣:٥٦
5061,56:30,56,30,96,٣٠:٥٦
5062,56:31,56,31,96,٣١:٥٦
5063,56:32,56,32,96,٣٢:٥٦
5064,56:33,56,33,96,٣٣:٥٦
5065,56:34,56,34,96,٣٤:٥٦
5066,56:35,56,35,96,٣٥:٥٦
5067,56:36,56,36,96,٣٦:٥٦
5068,56:37,56,37,96,٣٧:٥٦
5069,56:38,56,38,96,٣٨:٥٦
5070,56:39,56,39,96,٣٩:٥٦
5035,56:4,56,4,96,٤:٥٦
5071,56:40,56,40,96,٤٠:٥٦
5072,56:41,56,41,96,٤١:٥٦
5073,56:42,56,42,96,٤٢:٥٦
5074,56:43,56,43,96,٤٣:٥٦
5075,56:44,56,44,96,٤٤:٥٦
5076,56:45,56,45,96,٤٥:٥٦
5077,56:46,56,46,96,٤٦:٥٦
5078,56:47,56,47,96,٤٧:٥٦
5079,56:48,56,48,96,٤٨:٥٦
5080,56:49,56,49,96,٤٩:٥٦
5036,56:5,56,5,96,٥:٥٦
5081,56:50,56,50,96,٥٠:٥٦
5082,56:51,56,51,96,٥١:٥٦
5083,56:52,56,52,96,٥٢:٥٦
5084,56:53,56,53,96,٥٣:٥٦
5085,56:54,56,54,96,٥٤:٥٦
5086,56:55,56,55,96,٥٥:٥٦
5087,56:56,56,56,96,٥٦:٥٦
5088,56:57,56,57,96,٥٧:٥٦
5089,56:58,56,58,96,٥٨:٥٦
5090,56:59,56,59,96,٥٩:٥٦
5037,56:6,56,6,96,٦:٥٦
5091,56:60,56,60,96,٦٠:٥٦
5092,56:61,56,61,96,٦١:٥٦
5093,56:62,56,62,96,٦٢:٥٦
5094,56:63,56,63,96,٦٣:٥٦
5095,56:64,56,64,96,٦٤:٥٦
5096,56:65,56,65,96,٦٥:٥٦
5097,56:66,56,66,96,٦٦:٥٦
5098,56:67,56,67,96,٦٧:٥٦
5099,56:68,56,68,96,٦٨:٥٦
5100,56:69,56,69,96,٦٩:٥٦
5038,56:7,56,7,96,٧:٥٦
5101,56:70,56,70,96,٧٠:٥٦
5102,56:71,56,71,96,٧١:٥٦
5103,56:72,56,72,96,٧٢:٥٦
5104,56:73,56,73,96,٧٣:٥٦
5105,56:74,56,74,96,٧٤:٥٦
5106,56:75,56,75,96,٧٥:٥٦
5107,56:76,56,76,96,٧٦:٥٦
5108,56:77,56,77,96,٧٧:٥٦
5109,56:78,56,78,96,٧٨:٥٦
5110,56:79,56,79,96,٧٩:٥٦
5039,56:8,56,8,96,٨:٥٦
5111,56:80,56,80,96,٨٠:٥٦
5112,56:81,56,81,96,٨١:٥٦
5113,56:82,56,82,96,٨٢:٥٦
5114,56:83,56,83,96,٨٣:٥٦
5115,56:84,56,84,96,٨٤:٥٦
5116,56:85,56,85,96,٨٥:٥٦
5117,56:86,56,86,96,٨٦:٥٦
5118,56:87,56,87,96,٨٧:٥٦
5119,56:88,56,88,96,٨٨:٥٦
5120,56:89,56,89,96,٨٩:٥٦
5040,56:9,56,9,96,٩:٥٦
5121,56:90,56,90,96,٩٠:٥٦
5122,56:91,56,91,96,٩١:٥٦
5123,56:92,56,92,96,٩٢:٥٦
5124,56:93,56,93,96,٩٣:٥٦
5125,56:94,56,94,96,٩٤:٥٦
5126,56:95,56,95,96,٩٥:٥٦
5127,56:96,56,96,96,٩٦:٥٦
5128,57:0,57,0,29,٠:٥٧
5129,57:1,57,1,29,١:٥٧
5138,57:10,57,10,29,١٠:٥٧
5139,57:11,57,11,29,١١:٥٧
5140,57:12,57,12,29,١٢:٥٧
5141,57:13,57,13,29,١٣:٥٧
5142,57:14,57,14,29,١٤:٥٧
5143,57:15,57,15,29,١٥:٥٧
5144,57:16,57,16,29,١٦:٥٧
5145,57:17,57,17,29,١٧:٥٧
5146,57:18,57,18,29,١٨:٥٧
5147,57:19,57,19,29,١٩:٥٧
5130,57:2,57,2,29,٢:٥٧
5148,57:20,57,20,29,٢٠:٥٧
5149,57:21,57,21,29,٢١:٥٧
5150,57:22,57,22,29,٢٢:٥٧
5151,57:23,57,23,29,٢٣:٥٧
5152,57:24,57,24,29,٢٤:٥٧
5153,57:25,57,25,29,٢٥:٥٧
5154,57:26,57,26,29,٢٦:٥٧
5155,57:27,57,27,29,٢٧:٥٧
5156,57:28,57,28,29,٢٨:٥٧
5157,57:29,57,29,29,٢٩:٥٧
5131,57:3,57,3,29,٣:٥٧
5132,57:4,57,4,29,٤:٥٧
5133,57:5,57,5,29,٥:٥٧
5134,57:6,57,6,29,٦:٥٧
5135,57:7,57,7,29,٧:٥٧
5136,57:8,57,8,29,٨:٥٧
5137,57:9,57,9,29,٩:٥٧
5158,58:0,58,0,22,٠:٥٨
5159,58:1,58,1,22,١:٥٨
5168,58:10,58,10,22,١٠:٥٨
5169,58:11,58,11,22,١١:٥٨
5170,58:12,58,12,22,١٢:٥٨
5171,58:13,58,13,22,١٣:٥٨
5172,58:14,58,14,22,١٤:٥٨
5173,58:15,58,15,22,١٥:٥٨
5174,58:16,58,16,22,١٦:٥٨
5175,58:17,58,17,22,١٧:٥٨
5176,58:18,58,18,22,١٨:٥٨
5177,58:19,58,19,22,١٩:٥٨
5160,58:2,58,2,22,٢:٥٨
5178,58:20,58,20,22,٢٠:٥٨
5179,58:21,58,21,22,٢١:٥٨
5180,58:22,58,22,22,٢٢:٥٨
5161,58:3,58,3,22,٣:٥٨
5162,58:4,58,4,22,٤:٥٨
5163,58:5,58,5,22,٥:٥٨
5164,58:6,58,6,22,٦:٥٨
5165,58:7,58,7,22,٧:٥٨
5166,58:8,58,8,22,٨:٥٨
5167,58:9,58,9,22,٩:٥٨
5181,59:0,59,0,24,٠:٥٩
5182,59:1,59,1,24,١:٥٩
5191,59:10,59,10,24,١٠:٥٩
5192,59:11,59,11,24,١١:٥٩
5193,59:12,59,12,24,١٢:٥٩
5194,59:13,59,13,24,١٣:٥٩
5195,59:14,59,14,24,١٤:٥٩
5196,59:15,59,15,24,١٥:٥٩
5197,59:16,59,16,24,١٦:٥٩
5198,59:17,59,17,24,١٧:٥٩
5199,59:18,59,18,24,١٨:٥٩
5200,59:19,59,19,24,١٩:٥٩
5183,59:2,59,2,24,٢:٥٩
5201,59:20,59,20,24,٢٠:٥٩
5202,59:21,59,21,24,٢١:٥٩
5203,59:22,59,22,24,٢٢:٥٩
5204,59:23,59,23,24,٢٣:٥٩
5205,59:24,59,24,24,٢٤:٥٩
5184,59:3,59,3,24,٣:٥٩
5185,59:4,59,4,24,٤:٥٩
5186,59:5,59,5,24,٥:٥٩
5187,59:6,59,6,24,٦:٥٩
5188,59:7,59,7,24,٧:٥٩
5189,59:8,59,8,24,٨:٥٩
5190,59:9,59,9,24,٩:٥٩
794,6:0,6,0,165,٠:٦
795,6:1,6,1,165,١:٦
804,6:10,6,10,165,١٠:٦
894,6:100,6,100,165,١٠٠:٦
895,6:101,6,101,165,١٠١:٦
896,6:102,6,102,165,١٠٢:٦
897,6:103,6,103,165,١٠٣:٦
898,6:104,6,104,165,١٠٤:٦
899,6:105,6,105,165,١٠٥:٦
900,6:106,6,106,165,١٠٦:٦
901,6:107,6,107,165,١٠٧:٦
902,6:108,6,108,165,١٠٨:٦
903,6:109,6,109,165,١٠٩:٦
805,6:11,6,11,165,١١:٦
904,6:110,6,110,165,١١٠:٦
905,6:111,6,111,165,١١١:٦
906,6:112,6,112,165,١١٢:٦
907,6:113,6,113,165,١١٣:٦
908,6:114,6,114,165,١١٤:٦
909,6:115,6,115,165,١١٥:٦
910,6:116,6,116,165,١١٦:٦
911,6:117,6,117,165,١١٧:٦
912,6:118,6,118,165,١١٨:٦
913,6:119,6,119,165,١١٩:٦
806,6:12,6,12,165,١٢:٦
914,6:120,6,120,165,١٢٠:٦
915,6:121,6,121,165,١٢١:٦
916,6:122,6,122,165,١٢٢:٦
917,6:123,6,123,165,١٢٣:٦
918,6:124,6,124,165,١٢٤:٦
919,6:125,6,125,165,١٢٥:٦
920,6:126,6,126,165,١٢٦:٦
921,6:127,6,127,165,١٢٧:٦
922,6:128,6,128,165,١٢٨:٦
923,6:129,6,129,165,١٢٩:٦
807,6:13,6,13,165,١٣:٦
924,6:130,6,130,165,١٣٠:٦
925,6:131,6,131,165,١٣١:٦
926,6:132,6,132,165,١٣٢:٦
927,6:133,6,133,165,١٣٣:٦
928,6:134,6,134,165,١٣٤:٦
929,6:135,6,135,165,١٣٥:٦
930,6:136,6,136,165,١٣٦:٦
931,6:137,6,137,165,١٣٧:٦
932,6:138,6,138,165,١٣٨:٦
933,6:139,6,139,165,١٣٩:٦
808,6:14,6,14,165,١٤:٦
934,6:140,6,140,165,١٤٠:٦
935,6:141,6,141,165,١٤١:٦
936,6:142,6,142,165,١٤٢:٦
937,6:143,6,143,165,١٤٣:٦
938,6:144,6,144,165,١٤٤:٦
939,6:145,6,145,165,١٤٥:٦
940,6:146,6,146,165,١٤٦:٦
941,6:147,6,147,165,١٤٧:٦
942,6:148,6,148,165,١٤٨:٦
943,6:149,6,149,165,١٤٩:٦
809,6:15,6,15,165,١٥:٦
944,6:150,6,150,165,١٥٠:٦
945,6:151,6,151,165,١٥١:٦
946,6:152,6,152,165,١٥٢:٦
947,6:153,6,153,165,١٥٣:٦
948,6:154,6,154,165,١٥٤:٦
949,6:155,6,155,165,١٥٥:٦
950,6:156,6,156,165,١٥٦:٦
951,6:157,6,157,165,١٥٧:٦
952,6:158,6,158,165,١٥٨:٦
953,6:159,6,159,165,١٥٩:٦
810,6:16,6,16,165,١٦:٦
954,6:160,6,160,165,١٦٠:٦
955,6:161,6,161,165,١٦١:٦
956,6:162,6,162,165,١٦٢:٦
957,6:163,6,163,165,١٦٣:٦
958,6:164,6,164,165,١٦٤:٦
959,6:165,6,165,165,١٦٥:٦
811,6:17,6,17,165,١٧:٦
812,6:18,6,18,165,١٨:٦
813,6:19,6,19,165,١٩:٦
796,6:2,6,2,165,٢:٦
814,6:20,6,20,165,٢٠:٦
815,6:21,6,21,165,٢١:٦
816,6:22,6,22,165,٢٢:٦
817,6:23,6,23,165,٢٣:٦
818,6:24,6,24,165,٢٤:٦
819,6:25,6,25,165,٢٥:٦
820,6:26,6,26,165,٢٦:٦
821,6:27,6,27,165,٢٧:٦
822,6:28,6,28,165,٢٨:٦
823,6:29,6,29,165,٢٩:٦
797,6:3,6,3,165,٣:٦
824,6:30,6,30,165,٣٠:٦
825,6:31,6,31,165,٣١:٦
826,6:32,6,32,165,٣٢:٦
827,6:33,6,33,165,٣٣:٦
828,6:34,6,34,165,٣٤:٦
829,6:35,6,35,165,٣٥:٦
830,6:36,6,36,165,٣٦:٦
831,6:37,6,37,165,٣٧:٦
832,6:38,6,38,165,٣٨:٦
833,6:39,6,39,165,٣٩:٦
798,6:4,6,4,165,٤:٦
834,6:40,6,40,165,٤٠:٦
835,6:41,6,41,165,٤١:٦
836,6:42,6,42,165,٤٢:٦
837,6:43,6,43,165,٤٣:٦
838,6:44,6,44,165,٤٤:٦
839,6:45,6,45,165,٤٥:٦
840,6:46,6,46,165,٤٦:٦
841,6:47,6,47,165,٤٧:٦
842,6:48,6,48,165,٤٨:٦
843,6:49,6,49,165,٤٩:٦
799,6:5,6,5,165,٥:٦
844,6:50,6,50,165,٥٠:٦
845,6:51,6,51,165,٥١:٦
846,6:52,6,52,165,٥٢:٦
847,6:53,6,53,165,٥٣:٦
848,6:54,6,54,165,٥٤:٦
849,6:55,6,55,165,٥٥:٦
850,6:56,6,56,165,٥٦:٦
851,6:57,6,57,165,٥٧:٦
852,6:58,6,58,165,٥٨:٦
853,6:59,6,59,165,٥٩:٦
800,6:6,6,6,165,٦:٦
854,6:60,6,60,165,٦٠:٦
855,6:61,6,61,165,٦١:٦
856,6:62,6,62,165,٦٢:٦
857,6:63,6,63,165,٦٣:٦
858,6:64,6,64,165,٦٤:٦
859,6:65,6,65,165,٦٥:٦
860,6:66,6,66,165,٦٦:٦
861,6:67,6,67,165,٦٧:٦
862,6:68,6,68,165,٦٨:٦
863,6:69,6,69,165,٦٩:٦
801,6:7,6,7,165,٧:٦
864,6:70,6,70,165,٧٠:٦
865,6:71,6,71,165,٧١:٦
866,6:72,6,72,165,٧٢:٦
867,6:73,6,73,165,٧٣:٦
868,6:74,6,74,165,٧٤:٦
869,6:75,6,75,165,٧٥:٦
870,6:76,6,76,165,٧٦:٦
871,6:77,6,77,165,٧٧:٦
872,6:78,6,78,165,٧٨:٦
873,6:79,6,79,165,٧٩:٦
802,6:8,6,8,165,٨:٦
874,6:80,6,80,165,٨٠:٦
875,6:81,6,81,165,٨١:٦
876,6:82,6,82,165,٨٢:٦
877,6:83,6,83,165,٨٣:٦
878,6:84,6,84,165,٨٤:٦
879,6:85,6,85,165,٨٥:٦
880,6:86,6,86,165,٨٦:٦
881,6:87,6,87,165,٨٧:٦
882,6:88,6,88,165,٨٨:٦
883,6:89,6,89,165,٨٩:٦
803,6:9,6,9,165,٩:٦
884,6:90,6,90,165,٩٠:٦
885,6:91,6,91,165,٩١:٦
886,6:92,6,92,165,٩٢:٦
887,6:93,6,93,165,٩٣:٦
888,6:94,6,94,165,٩٤:٦
889,6:95,6,95,165,٩٥:٦
890,6:96,6,96,165,٩٦:٦
891,6:97,6,97,165,٩٧:٦
892,6:98,6,98,165,٩٨:٦
893,6:99,6,99,165,٩٩:٦
5206,60:0,60,0,13,٠:٦٠
5207,60:1,60,1,13,١:٦٠
5216,60:10,60,10,13,١٠:٦٠
5217,60:11,60,11,13,١١:٦٠
5218,60:12,60,12,13,١٢:٦٠
5219,60:13,60,13,13,١٣:٦٠
5208,60:2,60,2,13,٢:٦٠
5209,60:3,60,3,13,٣:٦٠
5210,60:4,60,4,13,٤:٦٠
5211,60:5,60,5,13,٥:٦٠
5212,60:6,60,6,13,٦:٦٠
5213,60:7,60,7,13,٧:٦٠
5214,60:8,60,8,13,٨:٦٠
5215,60:9,60,9,13,٩:٦٠
5220,61:0,61,0,14,٠:٦١
5221,61:1,61,1,14,١:٦١
5230,61:10,61,10,14,١٠:٦١
5231,61:11,61,11,14,١١:٦١
5232,61:12,61,12,14,١٢:٦١
5233,61:13,61,13,14,١٣:٦١
5234,61:14,61,14,14,١٤:٦١
5222,61:2,61,2,14,٢:٦١
5223,61:3,61,3,14,٣:٦١
5224,61:4,61,4,14,٤:٦١
5225,61:5,61,5,14,٥:٦١
5226,61:6,61,6,14,٦:٦١
5227,61:7,61,7,14,٧:٦١
5228,61:8,61,8,14,٨:٦١
5229,61:9,61,9,14,٩:٦١
5235,62:0,62,0,11,٠:٦٢
5236,62:1,62,1,11,١:٦٢
5245,62:10,62,10,11,١٠:٦٢
5246,62:11,62,11,11,١١:٦٢
5237,62:2,62,2,11,٢:٦٢
5238,62:3,62,3,11,٣:٦٢
5239,62:4,62,4,11,٤:٦٢
5240,62:5,62,5,11,٥:٦٢
5241,62:6,62,6,11,٦:٦٢
5242,62:7,62,7,11,٧:٦٢
5243,62:8,62,8,11,٨:٦٢
5244,62:9,62,9,11,٩:٦٢
5247,63:0,63,0,11,٠:٦٣
5248,63:1,63,1,11,١:٦٣
5257,63:10,63,10,11,١٠:٦٣
5258,63:11,63,11,11,١١:٦٣
5249,63:2,63,2,11,٢:٦٣
5250,63:3,63,3,11,٣:٦٣
5251,63:4,63,4,11,٤:٦٣
5252,63:5,63,5,11,٥:٦٣
5253,63:6,63,6,11,٦:٦٣
5254,63:7,63,7,11,٧:٦٣
5255,63:8,63,8,11,٨:٦٣
5256,63:9,63,9,11,٩:٦٣
5259,64:0,64,0,18,٠:٦٤
5260,64:1,64,1,18,١:٦٤
5269,64:10,64,10,18,١٠:٦٤
5270,64:11,64,11,18,١١:٦٤
5271,64:12,64,12,18,١٢:٦٤
5272,64:13,64,13,18,١٣:٦٤
5273,64:14,64,14,18,١٤:٦٤
5274,64:15,64,15,18,١٥:٦٤
5275,64:16,64,16,18,١٦:٦٤
5276,64:17,64,17,18,١٧:٦٤
5277,64:18,64,18,18,١٨:٦٤
5261,64:2,64,2,18,٢:٦٤
5262,64:3,64,3,18,٣:٦٤
5263,64:4,64,4,18,٤:٦٤
5264,64:5,64,5,18,٥:٦٤
5265,64:6,64,6,18,٦:٦٤
5266,64:7,64,7,18,٧:٦٤
5267,64:8,64,8,18,٨:٦٤
5268,64:9,64,9,18,٩:٦٤
5278,65:0,65,0,12,٠:٦٥
5279,65:1,65,1,12,١:٦٥
5288,65:10,65,10,12,١٠:٦٥
5289,65:11,65,11,12,١١:٦٥
5290,65:12,65,12,12,١٢:٦٥
5280,65:2,65,2,12,٢:٦٥
5281,65:3,65,3,12,٣:٦٥
5282,65:4,65,4,12,٤:٦٥
5283,65:5,65,5,12,٥:٦٥
5284,65:6,65,6,12,٦:٦٥
5285,65:7,65,7,12,٧:٦٥
5286,65:8,65,8,12,٨:٦٥
5287,65:9,65,9,12,٩:٦٥
5291,66:0,66,0,12,٠:٦٦
5292,66:1,66,1,12,١:٦٦
5301,66:10,66,10,12,١٠:٦٦
5302,66:11,66,11,12,١١:٦٦
5303,66:12,66,12,12,١٢:٦٦
5293,66:2,66,2,12,٢:٦٦
5294,66:3,66,3,12,٣:٦٦
5295,66:4,66,4,12,٤:٦٦
5296,66:5,66,5,12,٥:٦٦
5297,66:6,66,6,12,٦:٦٦
5298,66:7,66,7,12,٧:٦٦
5299,66:8,66,8,12,٨:٦٦
5300,66:9,66,9,12,٩:٦٦
5304,67:0,67,0,30,٠:٦٧
5305,67:1,67,1,30,١:٦٧
5314,67:10,67,10,30,١٠:٦٧
5315,67:11,67,11,30,١١:٦٧
5316,67:12,67,12,30,١٢:٦٧
5317,67:13,67,13,30,١٣:٦٧
5318,67:14,67,14,30,١٤:٦٧
5319,67:15,67,15,30,١٥:٦٧
5320,67:16,67,16,30,١٦:٦٧
5321,67:17,67,17,30,١٧:٦٧
5322,67:18,67,18,30,١٨:٦٧
5323,67:19,67,19,30,١٩:٦٧
5306,67:2,67,2,30,٢:٦٧
5324,67:20,67,20,30,٢٠:٦٧
5325,67:21,67,21,30,٢١:٦٧
5326,67:22,67,22,30,٢٢:٦٧
5327,67:23,67,23,30,٢٣:٦٧
5328,67:24,67,24,30,٢٤:٦٧
5329,67:25,67,25,30,٢٥:٦٧
5330,67:26,67,26,30,٢٦:٦٧
5331,67:27,67,27,30,٢٧:٦٧
5332,67:28,67,28,30,٢٨:٦٧
5333,67:29,67,29,30,٢٩:٦٧
5307,67:3,67,3,30,٣:٦٧
5334,67:30,67,30,30,٣٠:٦٧
5308,67:4,67,4,30,٤:٦٧
5309,67:5,67,5,30,٥:٦٧
5310,67:6,67,6,30,٦:٦٧
5311,67:7,67,7,30,٧:٦٧
5312,67:8,67,8,30,٨:٦٧
5313,67:9,67,9,30,٩:٦٧
5335,68:0,68,0,52,٠:٦٨
5336,68:1,68,1,52,١:٦٨
5345,68:10,68,10,52,١٠:٦٨
5346,68:11,68,11,52,١١:٦٨
5347,68:12,68,12,52,١٢:٦٨
5348,68:13,68,13,52,١٣:٦٨
5349,68:14,68,14,52,١٤:٦٨
5350,68:15,68,15,52,١٥:٦٨
5351,68:16,68,16,52,١٦:٦٨
5352,68:17,68,17,52,١٧:٦٨
5353,68:18,68,18,52,١٨:٦٨
5354,68:19,68,19,52,١٩:٦٨
5337,68:2,68,2,52,٢:٦٨
5355,68:20,68,20,52,٢٠:٦٨
5356,68:21,68,21,52,٢١:٦٨
5357,68:22,68,22,52,٢٢:٦٨
5358,68:23,68,23,52,٢٣:٦٨
5359,68:24,68,24,52,٢٤:٦٨
5360,68:25,68,25,52,٢٥:٦٨
5361,68:26,68,26,52,٢٦:٦٨
5362,68:27,68,27,52,٢٧:٦٨
5363,68:28,68,28,52,٢٨:٦٨
5364,68:29,68,29,52,٢٩:٦٨
5338,68:3,68,3,52,٣:٦٨
5365,68:30,68,30,52,٣٠:٦٨
5366,68:31,68,31,52,٣١:٦٨
5367,68:32,68,32,52,٣٢:٦٨
5368,68:33,68,33,52,٣٣:٦٨
5369,68:34,68,34,52,٣٤:٦٨
5370,68:35,68,35,52,٣٥:٦٨
5371,68:36,68,36,52,٣٦:٦٨
5372,68:37,68,37,52,٣٧:٦٨
5373,68:38,68,38,52,٣٨:٦٨
5374,68:39,68,39,52,٣٩:٦٨
5339,68:4,68,4,52,٤:٦٨
5375,68:40,68,40,52,٤٠:٦٨
5376,68:41,68,41,52,٤١:٦٨
5377,68:42,68,42,52,٤٢:٦٨
5378,68:43,68,43,52,٤٣:٦٨
5379,68:44,68,44,52,٤٤:٦٨
5380,68:45,68,45,52,٤٥:٦٨
5381,68:46,68,46,52,٤٦:٦٨
5382,68:47,68,47,52,٤٧:٦٨
5383,68:48,68,48,52,٤٨:٦٨
5384,68:49,68,49,52,٤٩:٦٨
5340,68:5,68,5,52,٥:٦٨
5385,68:50,68,50,52,٥٠:٦٨
5386,68:51,68,51,52,٥١:٦٨
5387,68:52,68,52,52,٥٢:٦٨
5341,68:6,68,6,52,٦:٦٨
5342,68:7,68,7,52,٧:٦٨
5343,68:8,68,8,52,٨:٦٨
5344,68:9,68,9,52,٩:٦٨
5388,69:0,69,0,52,٠:٦٩
5389,69:1,69,1,52,١:٦٩
5398,69:10,69,10,52,١٠:٦٩
5399,69:11,69,11,52,١١:٦٩
5400,69:12,69,12,52,١٢:٦٩
5401,69:13,69,13,52,١٣:٦٩
5402,69:14,69,14,52,١٤:٦٩
5403,69:15,69,15,52,١٥:٦٩
5404,69:16,69,16,52,١٦:٦٩
5405,69:17,69,17,52,١٧:٦٩
5406,69:18,69,18,52,١٨:٦٩
5407,69:19,69,19,52,١٩:٦٩
5390,69:2,69,2,52,٢:٦٩
5408,69:20,69,20,52,٢٠:٦٩
5409,69:21,69,21,52,٢١:٦٩
5410,69:22,69,22,52,٢٢:٦٩
5411,69:23,69,23,52,٢٣:٦٩
5412,69:24,69,24,52,٢٤:٦٩
5413,69:25,69,25,52,٢٥:٦٩
5414,69:26,69,26,52,٢٦:٦٩
5415,69:27,69,27,52,٢٧:٦٩
5416,69:28,69,28,52,٢٨:٦٩
5417,69:29,69,29,52,٢٩:٦٩
5391,69:3,69,3,52,٣:٦٩
5418,69:30,69,30,52,٣٠:٦٩
5419,69:31,69,31,52,٣١:٦٩
5420,69:32,69,32,52,٣٢:٦٩
5421,69:33,69,33,52,٣٣:٦٩
5422,69:34,69,34,52,٣٤:٦٩
5423,69:35,69,35,52,٣٥:٦٩
5424,69:36,69,36,52,٣٦:٦٩
5425,69:37,69,37,52,٣٧:٦٩
5426,69:38,69,38,52,٣٨:٦٩
5427,69:39,69,39,52,٣٩:٦٩
5392,69:4,69,4,52,٤:٦٩
5428,69:40,69,40,52,٤٠:٦٩
5429,69:41,69,41,52,٤١:٦٩
5430,69:42,69,42,52,٤٢:٦٩
5431,69:43,69,43,52,٤٣:٦٩
5432,69:44,69,44,52,٤٤:٦٩
5433,69:45,69,45,52,٤٥:٦٩
5434,69:46,69,46,52,٤٦:٦٩
5435,69:47,69,47,52,٤٧:٦٩
5436,69:48,69,48,52,٤٨:٦٩
5437,69:49,69,49,52,٤٩:٦٩
5393,69:5,69,5,52,٥:٦٩
5438,69:50,69,50,52,٥٠:٦٩
5439,69:51,69,51,52,٥١:٦٩
5440,69:52,69,52,52,٥٢:٦٩
5394,69:6,69,6,52,٦:٦٩
5395,69:7,69,7,52,٧:٦٩
5396,69:8,69,8,52,٨:٦٩
5397,69:9,69,9,52,٩:٦٩
960,7:0,7,0,206,٠:٧
961,7:1,7,1,206,١:٧
970,7:10,7,10,206,١٠:٧
1060,7:100,7,100,206,١٠٠:٧
1061,7:101,7,101,206,١٠١:٧
1062,7:102,7,102,206,١٠٢:٧
1063,7:103,7,103,206,١٠٣:٧
1064,7:104,7,104,206,١٠٤:٧
1065,7:105,7,105,206,١٠٥:٧
1066,7:106,7,106,206,١٠٦:٧
1067,7:107,7,107,206,١٠٧:٧
1068,7:108,7,108,206,١٠٨:٧
1069,7:109,7,109,206,١٠٩:٧
971,7:11,7,11,206,١١:٧
1070,7:110,7,110,206,١١٠:٧
1071,7:111,7,111,206,١١١:٧
1072,7:112,7,112,206,١١٢:٧
1073,7:113,7,113,206,١١٣:٧
1074,7:114,7,114,206,١١٤:٧
1075,7:115,7,115,206,١١٥:٧
1076,7:116,7,116,206,١١٦:٧
1077,7:117,7,117,206,١١٧:٧
1078,7:118,7,118,206,١١٨:٧
1079,7:119,7,119,206,١١٩:٧
972,7:12,7,12,206,١٢:٧
1080,7:120,7,120,206,١٢٠:٧
1081,7:121,7,121,206,١٢١:٧
1082,7:122,7,122,206,١٢٢:٧
1083,7:123,7,123,206,١٢٣:٧
1084,7:124,7,124,206,١٢٤:٧
1085,7:125,7,125,206,١٢٥:٧
1086,7:126,7,126,206,١٢٦:٧
1087,7:127,7,127,206,١٢٧:٧
1088,7:128,7,128,206,١٢٨:٧
1089,7:129,7,129,206,١٢٩:٧
973,7:13,7,13,206,١٣:٧
1090,7:130,7,130,206,١٣٠:٧
1091,7:131,7,131,206,١٣١:٧
1092,7:132,7,132,206,١٣٢:٧
1093,7:133,7,133,206,١٣٣:٧
1094,7:134,7,134,206,١٣٤:٧
1095,7:135,7,135,206,١٣٥:٧
1096,7:136,7,136,206,١٣٦:٧
1097,7:137,7,137,206,١٣٧:٧
1098,7:138,7,138,206,١٣٨:٧
1099,7:139,7,139,206,١٣٩:٧
974,7:14,7,14,206,١٤:٧
1100,7:140,7,140,206,١٤٠:٧
1101,7:141,7,141,206,١٤١:٧
1102,7:142,7,142,206,١٤٢:٧
1103,7:143,7,143,206,١٤٣:٧
1104,7:144,7,144,206,١٤٤:٧
1105,7:145,7,145,206,١٤٥:٧
1106,7:146,7,146,206,١٤٦:٧
1107,7:147,7,147,206,١٤٧:٧
1108,7:148,7,148,206,١٤٨:٧
1109,7:149,7,149,206,١٤٩:٧
975,7:15,7,15,206,١٥:٧
1110,7:150,7,150,206,١٥٠:٧
1111,7:151,7,151,206,١٥١:٧
1112,7:152,7,152,206,١٥٢:٧
1113,7:153,7,153,206,١٥٣:٧
1114,7:154,7,154,206,١٥٤:٧
1115,7:155,7,155,206,١٥٥:٧
1116,7:156,7,156,206,١٥٦:٧
1117,7:157,7,157,206,١٥٧:٧
1118,7:158,7,158,206,١٥٨:٧
1119,7:159,7,159,206,١٥٩:٧
976,7:16,7,16,206,١٦:٧
1120,7:160,7,160,206,١٦٠:٧
1121,7:161,7,161,206,١٦١:٧
1122,7:162,7,162,206,١٦٢:٧
1123,7:163,7,163,206,١٦٣:٧
1124,7:164,7,164,206,١٦٤:٧
1125,7:165,7,165,206,١٦٥:٧
1126,7:166,7,166,206,١٦٦:٧
1127,7:167,7,167,206,١٦٧:٧
1128,7:168,7,168,206,١٦٨:٧
1129,7:169,7,169,206,١٦٩:٧
977,7:17,7,17,206,١٧:٧
1130,7:170,7,170,206,١٧٠:٧
1131,7:171,7,171,206,١٧١:٧
1132,7:172,7,172,206,١٧٢:٧
1133,7:173,7,173,206,١٧٣:٧
1134,7:174,7,174,206,١٧٤:٧
1135,7:175,7,175,206,١٧٥:٧
1136,7:176,7,176,206,١٧٦:٧
1137,7:177,7,177,206,١٧٧:٧
1138,7:178,7,178,206,١٧٨:٧
1139,7:179,7,179,206,١٧٩:٧
978,7:18,7,18,206,١٨:٧
1140,7:180,7,180,206,١٨٠:٧
1141,7:181,7,181,206,١٨١:٧
1142,7:182,7,182,206,١٨٢:٧
1143,7:183,7,183,206,١٨٣:٧
1144,7:184,7,184,206,١٨٤:٧
1145,7:185,7,185,206,١٨٥:٧
1146,7:186,7,186,206,١٨٦:٧
1147,7:187,7,187,206,١٨٧:٧
1148,7:188,7,188,206,١٨٨:٧
1149,7:189,7,189,206,١٨٩:٧
979,7:19,7,19,206,١٩:٧
1150,7:190,7,190,206,١٩٠:٧
1151,7:191,7,191,206,١٩١:٧
1152,7:192,7,192,206,١٩٢:٧
1153,7:193,7,193,206,١٩٣:٧
1154,7:194,7,194,206,١٩٤:٧
1155,7:195,7,195,206,١٩٥:٧
1156,7:196,7,196,206,١٩٦:٧
1157,7:197,7,197,206,١٩٧:٧
1158,7:198,7,198,206,١٩٨:٧
1159,7:199,7,199,206,١٩٩:٧
962,7:2,7,2,206,٢:٧
980,7:20,7,20,206,٢٠:٧
1160,7:200,7,200,206,٢٠٠:٧
1161,7:201,7,201,206,٢٠١:٧
1162,7:202,7,202,206,٢٠٢:٧
1163,7:203,7,203,206,٢٠٣:٧
1164,7:204,7,204,206,٢٠٤:٧
1165,7:205,7,205,206,٢٠٥:٧
1166,7:206,7,206,206,٢٠٦:٧
981,7:21,7,21,206,٢١:٧
982,7:22,7,22,206,٢٢:٧
983,7:23,7,23,206,٢٣:٧
984,7:24,7,24,206,٢٤:٧
985,7:25,7,25,206,٢٥:٧
986,7:26,7,26,206,٢٦:٧
987,7:27,7,27,206,٢٧:٧
988,7:28,7,28,206,٢٨:٧
989,7:29,7,29,206,٢٩:٧
963,7:3,7,3,206,٣:٧
990,7:30,7,30,206,٣٠:٧
991,7:31,7,31,206,٣١:٧
992,7:32,7,32,206,٣٢:٧
993,7:33,7,33,206,٣٣:٧
994,7:34,7,34,206,٣٤:٧
995,7:35,7,35,206,٣٥:٧
996,7:36,7,36,206,٣٦:٧
997,7:37,7,37,206,٣٧:٧
998,7:38,7,38,206,٣٨:٧
999,7:39,7,39,206,٣٩:٧
964,7:4,7,4,206,٤:٧
1000,7:40,7,40,206,٤٠:٧
1001,7:41,7,41,206,٤١:٧
1002,7:42,7,42,206,٤٢:٧
1003,7:43,7,43,206,٤٣:٧
1004,7:44,7,44,206,٤٤:٧
1005,7:45,7,45,206,٤٥:٧
1006,7:46,7,46,206,٤٦:٧
1007,7:47,7,47,206,٤٧:٧
1008,7:48,7,48,206,٤٨:٧
1009,7:49,7,49,206,٤٩:٧
965,7:5,7,5,206,٥:٧
1010,7:50,7,50,206,٥٠:٧
1011,7:51,7,51,206,٥١:٧
1012,7:52,7,52,206,٥٢:٧
1013,7:53,7,53,206,٥٣:٧
1014,7:54,7,54,206,٥٤:٧
1015,7:55,7,55,206,٥٥:٧
1016,7:56,7,56,206,٥٦:٧
1017,7:57,7,57,206,٥٧:٧
1018,7:58,7,58,206,٥٨:٧
1019,7:59,7,59,206,٥٩:٧
966,7:6,7,6,206,٦:٧
1020,7:60,7,60,206,٦٠:٧
1021,7:61,7,61,206,٦١:٧
1022,7:62,7,62,206,٦٢:٧
1023,7:63,7,63,206,٦٣:٧
1024,7:64,7,64,206,٦٤:٧
1025,7:65,7,65,206,٦٥:٧
1026,7:66,7,66,206,٦٦:٧
1027,7:67,7,67,206,٦٧:٧
1028,7:68,7,68,206,٦٨:٧
1029,7:69,7,69,206,٦٩:٧
967,7:7,7,7,206,٧:٧
1030,7:70,7,70,206,٧٠:٧
1031,7:71,7,71,206,٧١:٧
1032,7:72,7,72,206,٧٢:٧
1033,7:73,7,73,206,٧٣:٧
1034,7:74,7,74,206,٧٤:٧
1035,7:75,7,75,206,٧٥:٧
1036,7:76,7,76,206,٧٦:٧
1037,7:77,7,77,206,٧٧:٧
1038,7:78,7,78,206,٧٨:٧
1039,7:79,7,79,206,٧٩:٧
968,7:8,7,8,206,٨:٧
1040,7:80,7,80,206,٨٠:٧
1041,7:81,7,81,206,٨١:٧
1042,7:82,7,82,206,٨٢:٧
1043,7:83,7,83,206,٨٣:٧
1044,7:84,7,84,206,٨٤:٧
1045,7:85,7,85,206,٨٥:٧
1046,7:86,7,86,206,٨٦:٧
1047,7:87,7,87,206,٨٧:٧
1048,7:88,7,88,206,٨٨:٧
1049,7:89,7,89,206,٨٩:٧
969,7:9,7,9,206,٩:٧
1050,7:90,7,90,206,٩٠:٧
1051,7:91,7,91,206,٩١:٧
1052,7:92,7,92,206,٩٢:٧
1053,7:93,7,93,206,٩٣:٧
1054,7:94,7,94,206,٩٤:٧
1055,7:95,7,95,206,٩٥:٧
1056,7:96,7,96,206,٩٦:٧
1057,7:97,7,97,206,٩٧:٧
1058,7:98,7,98,206,٩٨:٧
1059,7:99,7,99,206,٩٩:٧
5441,70:0,70,0,44,٠:٧٠
5442,70:1,70,1,44,١:٧٠
5451,70:10,70,10,44,١٠:٧٠
5452,70:11,70,11,44,١١:٧٠
5453,70:12,70,12,44,١٢:٧٠
5454,70:13,70,13,44,١٣:٧٠
5455,70:14,70,14,44,١٤:٧٠
5456,70:15,70,15,44,١٥:٧٠
5457,70:16,70,16,44,١٦:٧٠
5458,70:17,70,17,44,١٧:٧٠
5459,70:18,70,18,44,١٨:٧٠
5460,70:19,70,19,44,١٩:٧٠
5443,70:2,70,2,44,٢:٧٠
5461,70:20,70,20,44,٢٠:٧٠
5462,70:21,70,21,44,٢١:٧٠
5463,70:22,70,22,44,٢٢:٧٠
5464,70:23,70,23,44,٢٣:٧٠
5465,70:24,70,24,44,٢٤:٧٠
5466,70:25,70,25,44,٢٥:٧٠
5467,70:26,70,26,44,٢٦:٧٠
5468,70:27,70,27,44,٢٧:٧٠
5469,70:28,70,28,44,٢٨:٧٠
5470,70:29,70,29,44,٢٩:٧٠
5444,70:3,70,3,44,٣:٧٠
5471,70:30,70,30,44,٣٠:٧٠
5472,70:31,70,31,44,٣١:٧٠
5473,70:32,70,32,44,٣٢:٧٠
5474,70:33,70,33,44,٣٣:٧٠
5475,70:34,70,34,44,٣٤:٧٠
5476,70:35,70,35,44,٣٥:٧٠
5477,70:36,70,36,44,٣٦:٧٠
5478,70:37,70,37,44,٣٧:٧٠
5479,70:38,70,38,44,٣٨:٧٠
5480,70:39,70,39,44,٣٩:٧٠
5445,70:4,70,4,44,٤:٧٠
5481,70:40,70,40,44,٤٠:٧٠
5482,70:41,70,41,44,٤١:٧٠
5483,70:42,70,42,44,٤٢:٧٠
5484,70:43,70,43,44,٤٣:٧٠
5485,70:44,70,44,44,٤٤:٧٠
5446,70:5,70,5,44,٥:٧٠
5447,70:6,70,6,44,٦:٧٠
5448,70:7,70,7,44,٧:٧٠
5449,70:8,70,8,44,٨:٧٠
5450,70:9,70,9,44,٩:٧٠
5486,71:0,71,0,28,٠:٧١
5487,71:1,71,1,28,١:٧١
5496,71:10,71,10,28,١٠:٧١
5497,71:11,71,11,28,١١:٧١
5498,71:12,71,12,28,١٢:٧١
5499,71:13,71,13,28,١٣:٧١
5500,71:14,71,14,28,١٤:٧١
5501,71:15,71,15,28,١٥:٧١
5502,71:16,71,16,28,١٦:٧١
5503,71:17,71,17,28,١٧:٧١
5504,71:18,71,18,28,١٨:٧١
5505,71:19,71,19,28,١٩:٧١
5488,71:2,71,2,28,٢:٧١
5506,71:20,71,20,28,٢٠:٧١
5507,71:21,71,21,28,٢١:٧١
5508,71:22,71,22,28,٢٢:٧١
5509,71:23,71,23,28,٢٣:٧١
5510,71:24,71,24,28,٢٤:٧١
5511,71:25,71,25,28,٢٥:٧١
5512,71:26,71,26,28,٢٦:٧١
5513,71:27,71,27,28,٢٧:٧١
5514,71:28,71,28,28,٢٨:٧١
5489,71:3,71,3,28,٣:٧١
5490,71:4,71,4,28,٤:٧١
5491,71:5,71,5,28,٥:٧١
5492,71:6,71,6,28,٦:٧١
5493,71:7,71,7,28,٧:٧١
5494,71:8,71,8,28,٨:٧١
5495,71:9,71,9,28,٩:٧١
5515,72:0,72,0,28,٠:٧٢
5516,72:1,72,1,28,١:٧٢
5525,72:10,72,10,28,١٠:٧٢
5526,72:11,72,11,28,١١:٧٢
5527,72:12,72,12,28,١٢:٧٢
5528,72:13,72,13,28,١٣:٧٢
5529,72:14,72,14,28,١٤:٧٢
5530,72:15,72,15,28,١٥:٧٢
5531,72:16,72,16,28,١٦:٧٢
5532,72:17,72,17,28,١٧:٧٢
5533,72:18,72,18,28,١٨:٧٢
5534,72:19,72,19,28,١٩:٧٢
5517,72:2,72,2,28,٢:٧٢
5535,72:20,72,20,28,٢٠:٧٢
5536,72:21,72,21,28,٢١:٧٢
5537,72:22,72,22,28,٢٢:٧٢
5538,72:23,72,23,28,٢٣:٧٢
5539,72:24,72,24,28,٢٤:٧٢
5540,72:25,72,25,28,٢٥:٧٢
5541,72:26,72,26,28,٢٦:٧٢
5542,72:27,72,27,28,٢٧:٧٢
5543,72:28,72,28,28,٢٨:٧٢
5518,72:3,72,3,28,٣:٧٢
5519,72:4,72,4,28,٤:٧٢
5520,72:5,72,5,28,٥:٧٢
5521,72:6,72,6,28,٦:٧٢
5522,72:7,72,7,28,٧:٧٢
5523,72:8,72,8,28,٨:٧٢
5524,72:9,72,9,28,٩:٧٢
5544,73:0,73,0,20,٠:٧٣
5545,73:1,73,1,20,١:٧٣
5554,73:10,73,10,20,١٠:٧٣
5555,73:11,73,11,20,١١:٧٣
5556,73:12,73,12,20,١٢:٧٣
5557,73:13,73,13,20,١٣:٧٣
5558,73:14,73,14,20,١٤:٧٣
5559,73:15,73,15,20,١٥:٧٣
5560,73:16,73,16,20,١٦:٧٣
5561,73:17,73,17,20,١٧:٧٣
5562,73:18,73,18,20,١٨:٧٣
5563,73:19,73,19,20,١٩:٧٣
5546,73:2,73,2,20,٢:٧٣
5564,73:20,73,20,20,٢٠:٧٣
5547,73:3,73,3,20,٣:٧٣
5548,73:4,73,4,20,٤:٧٣
5549,73:5,73,5,20,٥:٧٣
5550,73:6,73,6,20,٦:٧٣
5551,73:7,73,7,20,٧:٧٣
5552,73:8,73,8,20,٨:٧٣
5553,73:9,73,9,20,٩:٧٣
5565,74:0,74,0,56,٠:٧٤
5566,74:1,74,1,56,١:٧٤
5575,74:10,74,10,56,١٠:٧٤
5576,74:11,74,11,56,١١:٧٤
5577,74:12,74,12,56,١٢:٧٤
5578,74:13,74,13,56,١٣:٧٤
5579,74:14,74,14,56,١٤:٧٤
5580,74:15,74,15,56,١٥:٧٤
5581,74:16,74,16,56,١٦:٧٤
5582,74:17,74,17,56,١٧:٧٤
5583,74:18,74,18,56,١٨:٧٤
5584,74:19,74,19,56,١٩:٧٤
5567,74:2,74,2,56,٢:٧٤
5585,74:20,74,20,56,٢٠:٧٤
5586,74:21,74,21,56,٢١:٧٤
5587,74:22,74,22,56,٢٢:٧٤
5588,74:23,74,23,56,٢٣:٧٤
5589,74:24,74,24,56,٢٤:٧٤
5590,74:25,74,25,56,٢٥:٧٤
5591,74:26,74,26,56,٢٦:٧٤
5592,74:27,74,27,56,٢٧:٧٤
5593,74:28,74,28,56,٢٨:٧٤
5594,74:29,74,29,56,٢٩:٧٤
5568,74:3,74,3,56,٣:٧٤
5595,74:30,74,30,56,٣٠:٧٤
5596,74:31,74,31,56,٣١:٧٤
5597,74:32,74,32,56,٣٢:٧٤
5598,74:33,74,33,56,٣٣:٧٤
5599,74:34,74,34,56,٣٤:٧٤
5600,74:35,74,35,56,٣٥:٧٤
5601,74:36,74,36,56,٣٦:٧٤
5602,74:37,74,37,56,٣٧:٧٤
5603,74:38,74,38,56,٣٨:٧٤
5604,74:39,74,39,56,٣٩:٧٤
5569,74:4,74,4,56,٤:٧٤
5605,74:40,74,40,56,٤٠:٧٤
5606,74:41,74,41,56,٤١:٧٤
5607,74:42,74,42,56,٤٢:٧٤
5608,74:43,74,43,56,٤٣:٧٤
5609,74:44,74,44,56,٤٤:٧٤
5610,74:45,74,45,56,٤٥:٧٤
5611,74:46,74,46,56,٤٦:٧٤
5612,74:47,74,47,56,٤٧:٧٤
5613,74:48,74,48,56,٤٨:٧٤
5614,74:49,74,49,56,٤٩:٧٤
5570,74:5,74,5,56,٥:٧٤
5615,74:50,74,50,56,٥٠:٧٤
5616,74:51,74,51,56,٥١:٧٤
5617,74:52,74,52,56,٥٢:٧٤
5618,74:53,74,53,56,٥٣:٧٤
5619,74:54,74,54,56,٥٤:٧٤
5620,74:55,74,55,56,٥٥:٧٤
5621,74:56,74,56,56,٥٦:٧٤
5571,74:6,74,6,56,٦:٧٤
5572,74:7,74,7,56,٧:٧٤
5573,74:8,74,8,56,٨:٧٤
5574,74:9,74,9,56,٩:٧٤
5622,75:0,75,0,40,٠:٧٥
5623,75:1,75,1,40,١:٧٥
5632,75:10,75,10,40,١٠:٧٥
5633,75:11,75,11,40,١١:٧٥
5634,75:12,75,12,40,١٢:٧٥
5635,75:13,75,13,40,١٣:٧٥
5636,75:14,75,14,40,١٤:٧٥
5637,75:15,75,15,40,١٥:٧٥
5638,75:16,75,16,40,١٦:٧٥
5639,75:17,75,17,40,١٧:٧٥
5640,75:18,75,18,40,١٨:٧٥
5641,75:19,75,19,40,١٩:٧٥
5624,75:2,75,2,40,٢:٧٥
5642,75:20,75,20,40,٢٠:٧٥
5643,75:21,75,21,40,٢١:٧٥
5644,75:22,75,22,40,٢٢:٧٥
5645,75:23,75,23,40,٢٣:٧٥
5646,75:24,75,24,40,٢٤:٧٥
5647,75:25,75,25,40,٢٥:٧٥
5648,75:26,75,26,40,٢٦:٧٥
5649,75:27,75,27,40,٢٧:٧٥
5650,75:28,75,28,40,٢٨:٧٥
5651,75:29,75,29,40,٢٩:٧٥
5625,75:3,75,3,40,٣:٧٥
5652,75:30,75,30,40,٣٠:٧٥
5653,75:31,75,31,40,٣١:٧٥
5654,75:32,75,32,40,٣٢:٧٥
5655,75:33,75,33,40,٣٣:٧٥
5656,75:34,75,34,40,٣٤:٧٥
5657,75:35,75,35,40,٣٥:٧٥
5658,75:36,75,36,40,٣٦:٧٥
5659,75:37,75,37,40,٣٧:٧٥
5660,75:38,75,38,40,٣٨:٧٥
5661,75:39,75,39,40,٣٩:٧٥
5626,75:4,75,4,40,٤:٧٥
5662,75:40,75,40,40,٤٠:٧٥
5627,75:5,75,5,40,٥:٧٥
5628,75:6,75,6,40,٦:٧٥
5629,75:7,75,7,40,٧:٧٥
5630,75:8,75,8,40,٨:٧٥
5631,75:9,75,9,40,٩:٧٥
5663,76:0,76,0,31,٠:٧٦
5664,76:1,76,1,31,١:٧٦
5673,76:10,76,10,31,١٠:٧٦
5674,76:11,76,11,31,١١:٧٦
5675,76:12,76,12,31,١٢:٧٦
5676,76:13,76,13,31,١٣:٧٦
5677,76:14,76,14,31,١٤:٧٦
5678,76:15,76,15,31,١٥:٧٦
5679,76:16,76,16,31,١٦:٧٦
5680,76:17,76,17,31,١٧:٧٦
5681,76:18,76,18,31,١٨:٧٦
5682,76:19,76,19,31,١٩:٧٦
5665,76:2,76,2,31,٢:٧٦
5683,76:20,76,20,31,٢٠:٧٦
5684,76:21,76,21,31,٢١:٧٦
5685,76:22,76,22,31,٢٢:٧٦
5686,76:23,76,23,31,٢٣:٧٦
5687,76:24,76,24,31,٢٤:٧٦
5688,76:25,76,25,31,٢٥:٧٦
5689,76:26,76,26,31,٢٦:٧٦
5690,76:27,76,27,31,٢٧:٧٦
5691,76:28,76,28,31,٢٨:٧٦
5692,76:29,76,29,31,٢٩:٧٦
5666,76:3,76,3,31,٣:٧٦
5693,76:30,76,30,31,٣٠:٧٦
5694,76:31,76,31,31,٣١:٧٦
5667,76:4,76,4,31,٤:٧٦
5668,76:5,76,5,31,٥:٧٦
5669,76:6,76,6,31,٦:٧٦
5670,76:7,76,7,31,٧:٧٦
5671,76:8,76,8,31,٨:٧٦
5672,76:9,76,9,31,٩:٧٦
5695,77:0,77,0,50,٠:٧٧
5696,77:1,77,1,50,١:٧٧
5705,77:10,77,10,50,١٠:٧٧
5706,77:11,77,11,50,١١:٧٧
5707,77:12,77,12,50,١٢:٧٧
5708,77:13,77,13,50,١٣:٧٧
5709,77:14,77,14,50,١٤:٧٧
5710,77:15,77,15,50,١٥:٧٧
5711,77:16,77,16,50,١٦:٧٧
5712,77:17,77,17,50,١٧:٧٧
5713,77:18,77,18,50,١٨:٧٧
5714,77:19,77,19,50,١٩:٧٧
5697,77:2,77,2,50,٢:٧٧
5715,77:20,77,20,50,٢٠:٧٧
5716,77:21,77,21,50,٢١:٧٧
5717,77:22,77,22,50,٢٢:٧٧
5718,77:23,77,23,50,٢٣:٧٧
5719,77:24,77,24,50,٢٤:٧٧
5720,77:25,77,25,50,٢٥:٧٧
5721,77:26,77,26,50,٢٦:٧٧
5722,77:27,77,27,50,٢٧:٧٧
5723,77:28,77,28,50,٢٨:٧٧
5724,77:29,77,29,50,٢٩:٧٧
5698,77:3,77,3,50,٣:٧٧
5725,77:30,77,30,50,٣٠:٧٧
5726,77:31,77,31,50,٣١:٧٧
5727,77:32,77,32,50,٣٢:٧٧
5728,77:33,77,33,50,٣٣:٧٧
5729,77:34,77,34,50,٣٤:٧٧
5730,77:35,77,35,50,٣٥:٧٧
5731,77:36,77,36,50,٣٦:٧٧
5732,77:37,77,37,50,٣٧:٧٧
5733,77:38,77,38,50,٣٨:٧٧
5734,77:39,77,39,50,٣٩:٧٧
5699,77:4,77,4,50,٤:٧٧
5735,77:40,77,40,50,٤٠:٧٧
5736,77:41,77,41,50,٤١:٧٧
5737,77:42,77,42,50,٤٢:٧٧
5738,77:43,77,43,50,٤٣:٧٧
5739,77:44,77,44,50,٤٤:٧٧
5740,77:45,77,45,50,٤٥:٧٧
5741,77:46,77,46,50,٤٦:٧٧
5742,77:47,77,47,50,٤٧:٧٧
5743,77:48,77,48,50,٤٨:٧٧
5744,77:49,77,49,50,٤٩:٧٧
5700,77:5,77,5,50,٥:٧٧
5745,77:50,77,50,50,٥٠:٧٧
5701,77:6,77,6,50,٦:٧٧
5702,77:7,77,7,50,٧:٧٧
5703,77:8,77,8,50,٨:٧٧
5704,77:9,77,9,50,٩:٧٧
5746,78:0,78,0,40,٠:٧٨
5747,78:1,78,1,40,١:٧٨
5756,78:10,78,10,40,١٠:٧٨
5757,78:11,78,11,40,١١:٧٨
5758,78:12,78,12,40,١٢:٧٨
5759,78:13,78,13,40,١٣:٧٨
5760,78:14,78,14,40,١٤:٧٨
5761,78:15,78,15,40,١٥:٧٨
5762,78:16,78,16,40,١٦:٧٨
5763,78:17,78,17,40,١٧:٧٨
5764,78:18,78,18,40,١٨:٧٨
5765,78:19,78,19,40,١٩:٧٨
5748,78:2,78,2,40,٢:٧٨
5766,78:20,78,20,40,٢٠:٧٨
5767,78:21,78,21,40,٢١:٧٨
5768,78:22,78,22,40,٢٢:٧٨
5769,78:23,78,23,40,٢٣:٧٨
5770,78:24,78,24,40,٢٤:٧٨
5771,78:25,78,25,40,٢٥:٧٨
5772,78:26,78,26,40,٢٦:٧٨
5773,78:27,78,27,40,٢٧:٧٨
5774,78:28,78,28,40,٢٨:٧٨
5775,78:29,78,29,40,٢٩:٧٨
5749,78:3,78,3,40,٣:٧٨
5776,78:30,78,30,40,٣٠:٧٨
5777,78:31,78,31,40,٣١:٧٨
5778,78:32,78,32,40,٣٢:٧٨
5779,78:33,78,33,40,٣٣:٧٨
5780,78:34,78,34,40,٣٤:٧٨
5781,78:35,78,35,40,٣٥:٧٨
5782,78:36,78,36,40,٣٦:٧٨
5783,78:37,78,37,40,٣٧:٧٨
5784,78:38,78,38,40,٣٨:٧٨
5785,78:39,78,39,40,٣٩:٧٨
5750,78:4,78,4,40,٤:٧٨
5786,78:40,78,40,40,٤٠:٧٨
5751,78:5,78,5,40,٥:٧٨
5752,78:6,78,6,40,٦:٧٨
5753,78:7,78,7,40,٧:٧٨
5754,78:8,78,8,40,٨:٧٨
5755,78:9,78,9,40,٩:٧٨
5787,79:0,79,0,46,٠:٧٩
5788,79:1,79,1,46,١:٧٩
5797,79:10,79,10,46,١٠:٧٩
5798,79:11,79,11,46,١١:٧٩
5799,79:12,79,12,46,١٢:٧٩
5800,79:13,79,13,46,١٣:٧٩
5801,79:14,79,14,46,١٤:٧٩
5802,79:15,79,15,46,١٥:٧٩
5803,79:16,79,16,46,١٦:٧٩
5804,79:17,79,17,46,١٧:٧٩
5805,79:18,79,18,46,١٨:٧٩
5806,79:19,79,19,46,١٩:٧٩
5789,79:2,79,2,46,٢:٧٩
5807,79:20,79,20,46,٢٠:٧٩
5808,79:21,79,21,46,٢١:٧٩
5809,79:22,79,22,46,٢٢:٧٩
5810,79:23,79,23,46,٢٣:٧٩
5811,79:24,79,24,46,٢٤:٧٩
5812,79:25,79,25,46,٢٥:٧٩
5813,79:26,79,26,46,٢٦:٧٩
5814,79:27,79,27,46,٢٧:٧٩
5815,79:28,79,28,46,٢٨:٧٩
5816,79:29,79,29,46,٢٩:٧٩
5790,79:3,79,3,46,٣:٧٩
5817,79:30,79,30,46,٣٠:٧٩
5818,79:31,79,31,46,٣١:٧٩
5819,79:32,79,32,46,٣٢:٧٩
5820,79:33,79,33,46,٣٣:٧٩
5821,79:34,79,34,46,٣٤:٧٩
5822,79:35,79,35,46,٣٥:٧٩
5823,79:36,79,36,46,٣٦:٧٩
5824,79:37,79,37,46,٣٧:٧٩
5825,79:38,79,38,46,٣٨:٧٩
5826,79:39,79,39,46,٣٩:٧٩
5791,79:4,79,4,46,٤:٧٩
5827,79:40,79,40,46,٤٠:٧٩
5828,79:41,79,41,46,٤١:٧٩
5829,79:42,79,42,46,٤٢:٧٩
5830,79:43,79,43,46,٤٣:٧٩
5831,79:44,79,44,46,٤٤:٧٩
5832,79:45,79,45,46,٤٥:٧٩
5833,79:46,79,46,46,٤٦:٧٩
5792,79:5,79,5,46,٥:٧٩
5793,79:6,79,6,46,٦:٧٩
5794,79:7,79,7,46,٧:٧٩
5795,79:8,79,8,46,٨:٧٩
5796,79:9,79,9,46,٩:٧٩
1167,8:0,8,0,75,٠:٨
1168,8:1,8,1,75,١:٨
1177,8:10,8,10,75,١٠:٨
1178,8:11,8,11,75,١١:٨
1179,8:12,8,12,75,١٢:٨
1180,8:13,8,13,75,١٣:٨
1181,8:14,8,14,75,١٤:٨
1182,8:15,8,15,75,١٥:٨
1183,8:16,8,16,75,١٦:٨
1184,8:17,8,17,75,١٧:٨
1185,8:18,8,18,75,١٨:٨
1186,8:19,8,19,75,١٩:٨
1169,8:2,8,2,75,٢:٨
1187,8:20,8,20,75,٢٠:٨
1188,8:21,8,21,75,٢١:٨
1189,8:22,8,22,75,٢٢:٨
1190,8:23,8,23,75,٢٣:٨
1191,8:24,8,24,75,٢٤:٨
1192,8:25,8,25,75,٢٥:٨
1193,8:26,8,26,75,٢٦:٨
1194,8:27,8,27,75,٢٧:٨
1195,8:28,8,28,75,٢٨:٨
1196,8:29,8,29,75,٢٩:٨
1170,8:3,8,3,75,٣:٨
1197,8:30,8,30,75,٣٠:٨
1198,8:31,8,31,75,٣١:٨
1199,8:32,8,32,75,٣٢:٨
1200,8:33,8,33,75,٣٣:٨
1201,8:34,8,34,75,٣٤:٨
1202,8:35,8,35,75,٣٥:٨
1203,8:36,8,36,75,٣٦:٨
1204,8:37,8,37,75,٣٧:٨
1205,8:38,8,38,75,٣٨:٨
1206,8:39,8,39,75,٣٩:٨
1171,8:4,8,4,75,٤:٨
1207,8:40,8,40,75,٤٠:٨
1208,8:41,8,41,75,٤١:٨
1209,8:42,8,42,75,٤٢:٨
1210,8:43,8,43,75,٤٣:٨
1211,8:44,8,44,75,٤٤:٨
1212,8:45,8,45,75,٤٥:٨
1213,8:46,8,46,75,٤٦:٨
1214,8:47,8,47,75,٤٧:٨
1215,8:48,8,48,75,٤٨:٨
1216,8:49,8,49,75,٤٩:٨
1172,8:5,8,5,75,٥:٨
1217,8:50,8,50,75,٥٠:٨
1218,8:51,8,51,75,٥١:٨
1219,8:52,8,52,75,٥٢:٨
1220,8:53,8,53,75,٥٣:٨
1221,8:54,8,54,75,٥٤:٨
1222,8:55,8,55,75,٥٥:٨
1223,8:56,8,56,75,٥٦:٨
1224,8:57,8,57,75,٥٧:٨
1225,8:58,8,58,75,٥٨:٨
1226,8:59,8,59,75,٥٩:٨
1173,8:6,8,6,75,٦:٨
1227,8:60,8,60,75,٦٠:٨
1228,8:61,8,61,75,٦١:٨
1229,8:62,8,62,75,٦٢:٨
1230,8:63,8,63,75,٦٣:٨
1231,8:64,8,64,75,٦٤:٨
1232,8:65,8,65,75,٦٥:٨
1233,8:66,8,66,75,٦٦:٨
1234,8:67,8,67,75,٦٧:٨
1235,8:68,8,68,75,٦٨:٨
1236,8:69,8,69,75,٦٩:٨
1174,8:7,8,7,75,٧:٨
1237,8:70,8,70,75,٧٠:٨
1238,8:71,8,71,75,٧١:٨
1239,8:72,8,72,75,٧٢:٨
1240,8:73,8,73,75,٧٣:٨
1241,8:74,8,74,75,٧٤:٨
1242,8:75,8,75,75,٧٥:٨
1175,8:8,8,8,75,٨:٨
1176,8:9,8,9,75,٩:٨
5834,80:0,80,0,42,٠:٨٠
5835,80:1,80,1,42,١:٨٠
5844,80:10,80,10,42,١٠:٨٠
5845,80:11,80,11,42,١١:٨٠
5846,80:12,80,12,42,١٢:٨٠
5847,80:13,80,13,42,١٣:٨٠
5848,80:14,80,14,42,١٤:٨٠
5849,80:15,80,15,42,١٥:٨٠
5850,80:16,80,16,42,١٦:٨٠
5851,80:17,80,17,42,١٧:٨٠
5852,80:18,80,18,42,١٨:٨٠
5853,80:19,80,19,42,١٩:٨٠
5836,80:2,80,2,42,٢:٨٠
5854,80:20,80,20,42,٢٠:٨٠
5855,80:21,80,21,42,٢١:٨٠
5856,80:22,80,22,42,٢٢:٨٠
5857,80:23,80,23,42,٢٣:٨٠
5858,80:24,80,24,42,٢٤:٨٠
5859,80:25,80,25,42,٢٥:٨٠
5860,80:26,80,26,42,٢٦:٨٠
5861,80:27,80,27,42,٢٧:٨٠
5862,80:28,80,28,42,٢٨:٨٠
5863,80:29,80,29,42,٢٩:٨٠
5837,80:3,80,3,42,٣:٨٠
5864,80:30,80,30,42,٣٠:٨٠
5865,80:31,80,31,42,٣١:٨٠
5866,80:32,80,32,42,٣٢:٨٠
5867,80:33,80,33,42,٣٣:٨٠
5868,80:34,80,34,42,٣٤:٨٠
5869,80:35,80,35,42,٣٥:٨٠
5870,80:36,80,36,42,٣٦:٨٠
5871,80:37,80,37,42,٣٧:٨٠
5872,80:38,80,38,42,٣٨:٨٠
5873,80:39,80,39,42,٣٩:٨٠
5838,80:4,80,4,42,٤:٨٠
5874,80:40,80,40,42,٤٠:٨٠
5875,80:41,80,41,42,٤١:٨٠
5876,80:42,80,42,42,٤٢:٨٠
5839,80:5,80,5,42,٥:٨٠
5840,80:6,80,6,42,٦:٨٠
5841,80:7,80,7,42,٧:٨٠
5842,80:8,80,8,42,٨:٨٠
5843,80:9,80,9,42,٩:٨٠
5877,81:0,81,0,29,٠:٨١
5878,81:1,81,1,29,١:٨١
5887,81:10,81,10,29,١٠:٨١
5888,81:11,81,11,29,١١:٨١
5889,81:12,81,12,29,١٢:٨١
5890,81:13,81,13,29,١٣:٨١
5891,81:14,81,14,29,١٤:٨١
5892,81:15,81,15,29,١٥:٨١
5893,81:16,81,16,29,١٦:٨١
5894,81:17,81,17,29,١٧:٨١
5895,81:18,81,18,29,١٨:٨١
5896,81:19,81,19,29,١٩:٨١
5879,81:2,81,2,29,٢:٨١
5897,81:20,81,20,29,٢٠:٨١
5898,81:21,81,21,29,٢١:٨١
5899,81:22,81,22,29,٢٢:٨١
5900,81:23,81,23,29,٢٣:٨١
5901,81:24,81,24,29,٢٤:٨١
5902,81:25,81,25,29,٢٥:٨١
5903,81:26,81,26,29,٢٦:٨١
5904,81:27,81,27,29,٢٧:٨١
5905,81:28,81,28,29,٢٨:٨١
5906,81:29,81,29,29,٢٩:٨١
5880,81:3,81,3,29,٣:٨١
5881,81:4,81,4,29,٤:٨١
5882,81:5,81,5,29,٥:٨١
5883,81:6,81,6,29,٦:٨١
5884,81:7,81,7,29,٧:٨١
5885,81:8,81,8,29,٨:٨١
5886,81:9,81,9,29,٩:٨١
5907,82:0,82,0,19,٠:٨٢
5908,82:1,82,1,19,١:٨٢
5917,82:10,82,10,19,١٠:٨٢
5918,82:11,82,11,19,١١:٨٢
5919,82:12,82,12,19,١٢:٨٢
5920,82:13,82,13,19,١٣:٨٢
5921,82:14,82,14,19,١٤:٨٢
5922,82:15,82,15,19,١٥:٨٢
5923,82:16,82,16,19,١٦:٨٢
5924,82:17,82,17,19,١٧:٨٢
5925,82:18,82,18,19,١٨:٨٢
5926,82:19,82,19,19,١٩:٨٢
5909,82:2,82,2,19,٢:٨٢
5910,82:3,82,3,19,٣:٨٢
5911,82:4,82,4,19,٤:٨٢
5912,82:5,82,5,19,٥:٨٢
5913,82:6,82,6,19,٦:٨٢
5914,82:7,82,7,19,٧:٨٢
5915,82:8,82,8,19,٨:٨٢
5916,82:9,82,9,19,٩:٨٢
5927,83:0,83,0,36,٠:٨٣
5928,83:1,83,1,36,١:٨٣
5937,83:10,83,10,36,١٠:٨٣
5938,83:11,83,11,36,١١:٨٣
5939,83:12,83,12,36,١٢:٨٣
5940,83:13,83,13,36,١٣:٨٣
5941,83:14,83,14,36,١٤:٨٣
5942,83:15,83,15,36,١٥:٨٣
5943,83:16,83,16,36,١٦:٨٣
5944,83:17,83,17,36,١٧:٨٣
5945,83:18,83,18,36,١٨:٨٣
5946,83:19,83,19,36,١٩:٨٣
5929,83:2,83,2,36,٢:٨٣
5947,83:20,83,20,36,٢٠:٨٣
5948,83:21,83,21,36,٢١:٨٣
5949,83:22,83,22,36,٢٢:٨٣
5950,83:23,83,23,36,٢٣:٨٣
5951,83:24,83,24,36,٢٤:٨٣
5952,83:25,83,25,36,٢٥:٨٣
5953,83:26,83,26,36,٢٦:٨٣
5954,83:27,83,27,36,٢٧:٨٣
5955,83:28,83,28,36,٢٨:٨٣
5956,83:29,83,29,36,٢٩:٨٣
5930,83:3,83,3,36,٣:٨٣
5957,83:30,83,30,36,٣٠:٨٣
5958,83:31,83,31,36,٣١:٨٣
5959,83:32,83,32,36,٣٢:٨٣
5960,83:33,83,33,36,٣٣:٨٣
5961,83:34,83,34,36,٣٤:٨٣
5962,83:35,83,35,36,٣٥:٨٣
5963,83:36,83,36,36,٣٦:٨٣
5931,83:4,83,4,36,٤:٨٣
5932,83:5,83,5,36,٥:٨٣
5933,83:6,83,6,36,٦:٨٣
5934,83:7,83,7,36,٧:٨٣
5935,83:8,83,8,36,٨:٨٣
5936,83:9,83,9,36,٩:٨٣
5964,84:0,84,0,25,٠:٨٤
5965,84:1,84,1,25,١:٨٤
5974,84:10,84,10,25,١٠:٨٤
5975,84:11,84,11,25,١١:٨٤
5976,84:12,84,12,25,١٢:٨٤
5977,84:13,84,13,25,١٣:٨٤
5978,84:14,84,14,25,١٤:٨٤
5979,84:15,84,15,25,١٥:٨٤
5980,84:16,84,16,25,١٦:٨٤
5981,84:17,84,17,25,١٧:٨٤
5982,84:18,84,18,25,١٨:٨٤
5983,84:19,84,19,25,١٩:٨٤
5966,84:2,84,2,25,٢:٨٤
5984,84:20,84,20,25,٢٠:٨٤
5985,84:21,84,21,25,٢١:٨٤
5986,84:22,84,22,25,٢٢:٨٤
5987,84:23,84,23,25,٢٣:٨٤
5988,84:24,84,24,25,٢٤:٨٤
5989,84:25,84,25,25,٢٥:٨٤
5967,84:3,84,3,25,٣:٨٤
5968,84:4,84,4,25,٤:٨٤
5969,84:5,84,5,25,٥:٨٤
5970,84:6,84,6,25,٦:٨٤
5971,84:7,84,7,25,٧:٨٤
5972,84:8,84,8,25,٨:٨٤
5973,84:9,84,9,25,٩:٨٤
5990,85:0,85,0,22,٠:٨٥
5991,85:1,85,1,22,١:٨٥
6000,85:10,85,10,22,١٠:٨٥
6001,85:11,85,11,22,١١:٨٥
6002,85:12,85,12,22,١٢:٨٥
6003,85:13,85,13,22,١٣:٨٥
6004,85:14,85,14,22,١٤:٨٥
6005,85:15,85,15,22,١٥:٨٥
6006,85:16,85,16,22,١٦:٨٥
6007,85:17,85,17,22,١٧:٨٥
6008,85:18,85,18,22,١٨:٨٥
6009,85:19,85,19,22,١٩:٨٥
5992,85:2,85,2,22,٢:٨٥
6010,85:20,85,20,22,٢٠:٨٥
6011,85:21,85,21,22,٢١:٨٥
6012,85:22,85,22,22,٢٢:٨٥
5993,85:3,85,3,22,٣:٨٥
5994,85:4,85,4,22,٤:٨٥
5995,85:5,85,5,22,٥:٨٥
5996,85:6,85,6,22,٦:٨٥
5997,85:7,85,7,22,٧:٨٥
5998,85:8,85,8,22,٨:٨٥
5999,85:9,85,9,22,٩:٨٥
6013,86:0,86,0,17,٠:٨٦
6014,86:1,86,1,17,١:٨٦
6023,86:10,86,10,17,١٠:٨٦
6024,86:11,86,11,17,١١:٨٦
6025,86:12,86,12,17,١٢:٨٦
6026,86:13,86,13,17,١٣:٨٦
6027,86:14,86,14,17,١٤:٨٦
6028,86:15,86,15,17,١٥:٨٦
6029,86:16,86,16,17,١٦:٨٦
6030,86:17,86,17,17,١٧:٨٦
6015,86:2,86,2,17,٢:٨٦
6016,86:3,86,3,17,٣:٨٦
6017,86:4,86,4,17,٤:٨٦
6018,86:5,86,5,17,٥:٨٦
6019,86:6,86,6,17,٦:٨٦
6020,86:7,86,7,17,٧:٨٦
6021,86:8,86,8,17,٨:٨٦
6022,86:9,86,9,17,٩:٨٦
6031,87:0,87,0,19,٠:٨٧
6032,87:1,87,1,19,١:٨٧
6041,87:10,87,10,19,١٠:٨٧
6042,87:11,87,11,19,١١:٨٧
6043,87:12,87,12,19,١٢:٨٧
6044,87:13,87,13,19,١٣:٨٧
6045,87:14,87,14,19,١٤:٨٧
6046,87:15,87,15,19,١٥:٨٧
6047,87:16,87,16,19,١٦:٨٧
6048,87:17,87,17,19,١٧:٨٧
6049,87:18,87,18,19,١٨:٨٧
6050,87:19,87,19,19,١٩:٨٧
6033,87:2,87,2,19,٢:٨٧
6034,87:3,87,3,19,٣:٨٧
6035,87:4,87,4,19,٤:٨٧
6036,87:5,87,5,19,٥:٨٧
6037,87:6,87,6,19,٦:٨٧
6038,87:7,87,7,19,٧:٨٧
6039,87:8,87,8,19,٨:٨٧
6040,87:9,87,9,19,٩:٨٧
6051,88:0,88,0,26,٠:٨٨
6052,88:1,88,1,26,١:٨٨
6061,88:10,88,10,26,١٠:٨٨
6062,88:11,88,11,26,١١:٨٨
6063,88:12,88,12,26,١٢:٨٨
6064,88:13,88,13,26,١٣:٨٨
6065,88:14,88,14,26,١٤:٨٨
6066,88:15,88,15,26,١٥:٨٨
6067,88:16,88,16,26,١٦:٨٨
6068,88:17,88,17,26,١٧:٨٨
6069,88:18,88,18,26,١٨:٨٨
6070,88:19,88,19,26,١٩:٨٨
6053,88:2,88,2,26,٢:٨٨
6071,88:20,88,20,26,٢٠:٨٨
6072,88:21,88,21,26,٢١:٨٨
6073,88:22,88,22,26,٢٢:٨٨
6074,88:23,88,23,26,٢٣:٨٨
6075,88:24,88,24,26,٢٤:٨٨
6076,88:25,88,25,26,٢٥:٨٨
6077,88:26,88,26,26,٢٦:٨٨
6054,88:3,88,3,26,٣:٨٨
6055,88:4,88,4,26,٤:٨٨
6056,88:5,88,5,26,٥:٨٨
6057,88:6,88,6,26,٦:٨٨
6058,88:7,88,7,26,٧:٨٨
6059,88:8,88,8,26,٨:٨٨
6060,88:9,88,9,26,٩:٨٨
6078,89:0,89,0,30,٠:٨٩
6079,89:1,89,1,30,١:٨٩
6088,89:10,89,10,30,١٠:٨٩
6089,89:11,89,11,30,١١:٨٩
6090,89:12,89,12,30,١٢:٨٩
6091,89:13,89,13,30,١٣:٨٩
6092,89:14,89,14,30,١٤:٨٩
6093,89:15,89,15,30,١٥:٨٩
6094,89:16,89,16,30,١٦:٨٩
6095,89:17,89,17,30,١٧:٨٩
6096,89:18,89,18,30,١٨:٨٩
6097,89:19,89,19,30,١٩:٨٩
6080,89:2,89,2,30,٢:٨٩
6098,89:20,89,20,30,٢٠:٨٩
6099,89:21,89,21,30,٢١:٨٩
6100,89:22,89,22,30,٢٢:٨٩
6101,89:23,89,23,30,٢٣:٨٩
6102,89:24,89,24,30,٢٤:٨٩
6103,89:25,89,25,30,٢٥:٨٩
6104,89:26,89,26,30,٢٦:٨٩
6105,89:27,89,27,30,٢٧:٨٩
6106,89:28,89,28,30,٢٨:٨٩
6107,89:29,89,29,30,٢٩:٨٩
6081,89:3,89,3,30,٣:٨٩
6108,89:30,89,30,30,٣٠:٨٩
6082,89:4,89,4,30,٤:٨٩
6083,89:5,89,5,30,٥:٨٩
6084,89:6,89,6,30,٦:٨٩
6085,89:7,89,7,30,٧:٨٩
6086,89:8,89,8,30,٨:٨٩
6087,89:9,89,9,30,٩:٨٩
1243,9:1,9,1,127,١:٩
1252,9:10,9,10,127,١٠:٩
1342,9:100,9,100,127,١٠٠:٩
1343,9:101,9,101,127,١٠١:٩
1344,9:102,9,102,127,١٠٢:٩
1345,9:103,9,103,127,١٠٣:٩
1346,9:104,9,104,127,١٠٤:٩
1347,9:105,9,105,127,١٠٥:٩
1348,9:106,9,106,127,١٠٦:٩
1349,9:107,9,107,127,١٠٧:٩
1350,9:108,9,108,127,١٠٨:٩
1351,9:109,9,109,127,١٠٩:٩
1253,9:11,9,11,127,١١:٩
1352,9:110,9,110,127,١١٠:٩
1353,9:111,9,111,127,١١١:٩
1354,9:112,9,112,127,١١٢:٩
1355,9:113,9,113,127,١١٣:٩
1356,9:114,9,114,127,١١٤:٩
1357,9:115,9,115,127,١١٥:٩
1358,9:116,9,116,127,١١٦:٩
1359,9:117,9,117,127,١١٧:٩
1360,9:118,9,118,127,١١٨:٩
1361,9:119,9,119,127,١١٩:٩
1254,9:12,9,12,127,١٢:٩
1362,9:120,9,120,127,١٢٠:٩
1363,9:121,9,121,127,١٢١:٩
1364,9:122,9,122,127,١٢٢:٩
1365,9:123,9,123,127,١٢٣:٩
1366,9:124,9,124,127,١٢٤:٩
1367,9:125,9,125,127,١٢٥:٩
1368,9:126,9,126,127,١٢٦:٩
1369,9:127,9,127,127,١٢٧:٩
1255,9:13,9,13,127,١٣:٩
1256,9:14,9,14,127,١٤:٩
1257,9:15,9,15,127,١٥:٩
1258,9:16,9,16,127,١٦:٩
1259,9:17,9,17,127,١٧:٩
1260,9:18,9,18,127,١٨:٩
1261,9:19,9,19,127,١٩:٩
1244,9:2,9,2,127,٢:٩
1262,9:20,9,20,127,٢٠:٩
1263,9:21,9,21,127,٢١:٩
1264,9:22,9,22,127,٢٢:٩
1265,9:23,9,23,127,٢٣:٩
1266,9:24,9,24,127,٢٤:٩
1267,9:25,9,25,127,٢٥:٩
1268,9:26,9,26,127,٢٦:٩
1269,9:27,9,27,127,٢٧:٩
1270,9:28,9,28,127,٢٨:٩
1271,9:29,9,29,127,٢٩:٩
1245,9:3,9,3,127,٣:٩
1272,9:30,9,30,127,٣٠:٩
1273,9:31,9,31,127,٣١:٩
1274,9:32,9,32,127,٣٢:٩
1275,9:33,9,33,127,٣٣:٩
1276,9:34,9,34,127,٣٤:٩
1277,9:35,9,35,127,٣٥:٩
1278,9:36,9,36,127,٣٦:٩
1279,9:37,9,37,127,٣٧:٩
1280,9:38,9,38,127,٣٨:٩
1281,9:39,9,39,127,٣٩:٩
1246,9:4,9,4,127,٤:٩
1282,9:40,9,40,127,٤٠:٩
1283,9:41,9,41,127,٤١:٩
1284,9:42,9,42,127,٤٢:٩
1285,9:43,9,43,127,٤٣:٩
1286,9:44,9,44,127,٤٤:٩
1287,9:45,9,45,127,٤٥:٩
1288,9:46,9,46,127,٤٦:٩
1289,9:47,9,47,127,٤٧:٩
1290,9:48,9,48,127,٤٨:٩
1291,9:49,9,49,127,٤٩:٩
1247,9:5,9,5,127,٥:٩
1292,9:50,9,50,127,٥٠:٩
1293,9:51,9,51,127,٥١:٩
1294,9:52,9,52,127,٥٢:٩
1295,9:53,9,53,127,٥٣:٩
1296,9:54,9,54,127,٥٤:٩
1297,9:55,9,55,127,٥٥:٩
1298,9:56,9,56,127,٥٦:٩
1299,9:57,9,57,127,٥٧:٩
1300,9:58,9,58,127,٥٨:٩
1301,9:59,9,59,127,٥٩:٩
1248,9:6,9,6,127,٦:٩
1302,9:60,9,60,127,٦٠:٩
1303,9:61,9,61,127,٦١:٩
1304,9:62,9,62,127,٦٢:٩
1305,9:63,9,63,127,٦٣:٩
1306,9:64,9,64,127,٦٤:٩
1307,9:65,9,65,127,٦٥:٩
1308,9:66,9,66,127,٦٦:٩
1309,9:67,9,67,127,٦٧:٩
1310,9:68,9,68,127,٦٨:٩
1311,9:69,9,69,127,٦٩:٩
1249,9:7,9,7,127,٧:٩
1312,9:70,9,70,127,٧٠:٩
1313,9:71,9,71,127,٧١:٩
1314,9:72,9,72,127,٧٢:٩
1315,9:73,9,73,127,٧٣:٩
1316,9:74,9,74,127,٧٤:٩
1317,9:75,9,75,127,٧٥:٩
1318,9:76,9,76,127,٧٦:٩
1319,9:77,9,77,127,٧٧:٩
1320,9:78,9,78,127,٧٨:٩
1321,9:79,9,79,127,٧٩:٩
1250,9:8,9,8,127,٨:٩
1322,9:80,9,80,127,٨٠:٩
1323,9:81,9,81,127,٨١:٩
1324,9:82,9,82,127,٨٢:٩
1325,9:83,9,83,127,٨٣:٩
1326,9:84,9,84,127,٨٤:٩
1327,9:85,9,85,127,٨٥:٩
1328,9:86,9,86,127,٨٦:٩
1329,9:87,9,87,127,٨٧:٩
1330,9:88,9,88,127,٨٨:٩
1331,9:89,9,89,127,٨٩:٩
1251,9:9,9,9,127,٩:٩
1332,9:90,9,90,127,٩٠:٩
1333,9:91,9,91,127,٩١:٩
1334,9:92,9,92,127,٩٢:٩
1335,9:93,9,93,127,٩٣:٩
1336,9:94,9,94,127,٩٤:٩
1337,9:95,9,95,127,٩٥:٩
1338,9:96,9,96,127,٩٦:٩
1339,9:97,9,97,127,٩٧:٩
1340,9:98,9,98,127,٩٨:٩
1341,9:99,9,99,127,٩٩:٩
6109,90:0,90,0,20,٠:٩٠
6110,90:1,90,1,20,١:٩٠
6119,90:10,90,10,20,١٠:٩٠
6120,90:11,90,11,20,١١:٩٠
6121,90:12,90,12,20,١٢:٩٠
6122,90:13,90,13,20,١٣:٩٠
6123,90:14,90,14,20,١٤:٩٠
6124,90:15,90,15,20,١٥:٩٠
6125,90:16,90,16,20,١٦:٩٠
6126,90:17,90,17,20,١٧:٩٠
6127,90:18,90,18,20,١٨:٩٠
6128,90:19,90,19,20,١٩:٩٠
6111,90:2,90,2,20,٢:٩٠
6129,90:20,90,20,20,٢٠:٩٠
6112,90:3,90,3,20,٣:٩٠
6113,90:4,90,4,20,٤:٩٠
6114,90:5,90,5,20,٥:٩٠
6115,90:6,90,6,20,٦:٩٠
6116,90:7,90,7,20,٧:٩٠
6117,90:8,90,8,20,٨:٩٠
6118,90:9,90,9,20,٩:٩٠
6130,91:0,91,0,15,٠:٩١
6131,91:1,91,1,15,١:٩١
6140,91:10,91,10,15,١٠:٩١
6141,91:11,91,11,15,١١:٩١
6142,91:12,91,12,15,١٢:٩١
6143,91:13,91,13,15,١٣:٩١
6144,91:14,91,14,15,١٤:٩١
6145,91:15,91,15,15,١٥:٩١
6132,91:2,91,2,15,٢:٩١
6133,91:3,91,3,15,٣:٩١
6134,91:4,91,4,15,٤:٩١
6135,91:5,91,5,15,٥:٩١
6136,91:6,91,6,15,٦:٩١
6137,91:7,91,7,15,٧:٩١
6138,91:8,91,8,15,٨:٩١
6139,91:9,91,9,15,٩:٩١
6146,92:0,92,0,21,٠:٩٢
6147,92:1,92,1,21,١:٩٢
6156,92:10,92,10,21,١٠:٩٢
6157,92:11,92,11,21,١١:٩٢
6158,92:12,92,12,21,١٢:٩٢
6159,92:13,92,13,21,١٣:٩٢
6160,92:14,92,14,21,١٤:٩٢
6161,92:15,92,15,21,١٥:٩٢
6162,92:16,92,16,21,١٦:٩٢
6163,92:17,92,17,21,١٧:٩٢
6164,92:18,92,18,21,١٨:٩٢
6165,92:19,92,19,21,١٩:٩٢
6148,92:2,92,2,21,٢:٩٢
6166,92:20,92,20,21,٢٠:٩٢
6167,92:21,92,21,21,٢١:٩٢
6149,92:3,92,3,21,٣:٩٢
6150,92:4,92,4,21,٤:٩٢
6151,92:5,92,5,21,٥:٩٢
6152,92:6,92,6,21,٦:٩٢
6153,92:7,92,7,21,٧:٩٢
6154,92:8,92,8,21,٨:٩٢
6155,92:9,92,9,21,٩:٩٢
6168,93:0,93,0,11,٠:٩٣
6169,93:1,93,1,11,١:٩٣
6178,93:10,93,10,11,١٠:٩٣
6179,93:11,93,11,11,١١:٩٣
6170,93:2,93,2,11,٢:٩٣
6171,93:3,93,3,11,٣:٩٣
6172,93:4,93,4,11,٤:٩٣
6173,93:5,93,5,11,٥:٩٣
6174,93:6,93,6,11,٦:٩٣
6175,93:7,93,7,11,٧:٩٣
6176,93:8,93,8,11,٨:٩٣
6177,93:9,93,9,11,٩:٩٣
6180,94:0,94,0,8,٠:٩٤
6181,94:1,94,1,8,١:٩٤
6182,94:2,94,2,8,٢:٩٤
6183,94:3,94,3,8,٣:٩٤
6184,94:4,94,4,8,٤:٩٤
6185,94:5,94,5,8,٥:٩٤
6186,94:6,94,6,8,٦:٩٤
6187,94:7,94,7,8,٧:٩٤
6188,94:8,94,8,8,٨:٩٤
6189,95:0,95,0,8,٠:٩٥
6190,95:1,95,1,8,١:٩٥
6191,95:2,95,2,8,٢:٩٥
6192,95:3,95,3,8,٣:٩٥
6193,95:4,95,4,8,٤:٩٥
6194,95:5,95,5,8,٥:٩٥
6195,95:6,95,6,8,٦:٩٥
6196,95:7,95,7,8,٧:٩٥
6197,95:8,95,8,8,٨:٩٥
6198,96:0,96,0,19,٠:٩٦
6199,96:1,96,1,19,١:٩٦
6208,96:10,96,10,19,١٠:٩٦
6209,96:11,96,11,19,١١:٩٦
6210,96:12,96,12,19,١٢:٩٦
6211,96:13,96,13,19,١٣:٩٦
6212,96:14,96,14,19,١٤:٩٦
6213,96:15,96,15,19,١٥:٩٦
6214,96:16,96,16,19,١٦:٩٦
6215,96:17,96,17,19,١٧:٩٦
6216,96:18,96,18,19,١٨:٩٦
6217,96:19,96,19,19,١٩:٩٦
6200,96:2,96,2,19,٢:٩٦
6201,96:3,96,3,19,٣:٩٦
6202,96:4,96,4,19,٤:٩٦
6203,96:5,96,5,19,٥:٩٦
6204,96:6,96,6,19,٦:٩٦
6205,96:7,96,7,19,٧:٩٦
6206,96:8,96,8,19,٨:٩٦
6207,96:9,96,9,19,٩:٩٦
6218,97:0,97,0,5,٠:٩٧
6219,97:1,97,1,5,١:٩٧
6220,97:2,97,2,5,٢:٩٧
6221,97:3,97,3,5,٣:٩٧
6222,97:4,97,4,5,٤:٩٧
6223,97:5,97,5,5,٥:٩٧
6224,98:0,98,0,8,٠:٩٨
6225,98:1,98,1,8,١:٩٨
6226,98:2,98,2,8,٢:٩٨
6227,98:3,98,3,8,٣:٩٨
6228,98:4,98,4,8,٤:٩٨
6229,98:5,98,5,8,٥:٩٨
6230,98:6,98,6,8,٦:٩٨
6231,98:7,98,7,8,٧:٩٨
6232,98:8,98,8,8,٨:٩٨
6233,99:0,99,0,8,٠:٩٩
6234,99:1,99,1,8,١:٩٩
6235,99:2,99,2,8,٢:٩٩
6236,99:3,99,3,8,٣:٩٩
6237,99:4,99,4,8,٤:٩٩
6238,99:5,99,5,8,٥:٩٩
6239,99:6,99,6,8,٦:٩٩
6240,99:7,99,7,8,٧:٩٩
6241,99:8,99,8,8,٨:٩٩