verse_index,verse_id,english,chapter_number,verse_number,turkish,french,german,bahasa,persian,tamil,swedish,russian,bengali,spanish,urdu
1470,10:100,The Disbelievers Blocked Out*,10,100,İnkârcılar Bloke Edilirler,Les mécréants bloqués*,Die Ungläubigen werden ausgesperrt*,Orang-orang yang kafir menutup mata,کافران چشم‌پوشی کردند*,நம்பமறுப்பவர்கள் கட்டங்கட்டப்படுகின்றனர் *,De otrogna utestängda*,Неверующие заблокированы*.,অবিশ্বাসীরা অন্ধ করে দিয়েছে*,Los incrédulos bloqueados*,کافرین نے روک دیا*
1473,10:103,Guaranteed Victory,10,103,Garantilenmiş Galibiyet,Victoire garantie,Garantierter Sieg,Kemenangan Dijamin,پیروزی تضمین‌شده,உத்தரவாதமான வெற்றி,Garanterad seger,Гарантированная победа,নিশ্চিত বিজয়,Victoria garantizada,یقینی فتح
1477,10:107,All Power Belongs To God,10,107,Bütün Güç Tanrı'ya Aittir,Tout pouvoir appartient à Dieu,Alle Macht geht von Gott aus,Segala kuasa milik Tuhan,تمام قدرت از آنِ خداست,சக்தி அனைத்தும் கடவுளுக்குரியது,All makt tillhör Gud,Вся власть принадлежит Богу,সমস্ত ক্ষমতা ঈশ্বরের,Todo el poder pertenece a Dios,تمام طاقت خدا کے لیے ہے
1383,10:13,Lessons from the Past,10,13,Geçmişten Dersler,Les leçons du passé,Lehren aus der Vergangenheit,Pengajaran dari Masa Lalu,درس‌هایی از گذشته,கடந்த காலத்திலிருந்து படிப்பினைகள்,Lärdomar från det förflutna,Уроки прошлого,অতীত থেকে শিক্ষা,Lecciones del pasado,ماضی سے سبق
1384,10:14,Now It Is Your Turn,10,14,Şimdi Sıra Sizde,C'est maintenant à vous de jouer,Jetzt sind Sie dran,Sekarang giliran anda,حالا نوبت شماست,இப்போது உங்களுடைய முறை,Nu är det din tur,Теперь ваша очередь,এখন আপনার পালা,Ahora es su turno,اب آپ کی باری ہے
1385,10:15,Every Letter Calculated and Divinely Designed,10,15,Her bir Harf Hesaplanmış ve İlahi Olarak Dizayn Edilmiştir,Chaque lettre est calculée et divinement conçue,Jeder Buchstabe kalkuliert und göttlich entworfen,Setiap Huruf Dikira dan Direka Secara Ilahi,هر حرف محاسبه شده و به شکلی الهی طراحی شده است.,"ஒவ்வொரு எழுத்தும் கணக்கிடப்பட்டு, மேலும் தெய்வீமாக வடிவமைக்கப்பட்டது",Varje bokstav beräknad och gudomligt utformad,Каждая буква просчитана и божественно задумана,প্রতিটি অক্ষর গণনা করা হয়েছে এবং ঐশ্বরিকভাবে পরিকল্পিত।,Cada letra calculada y diseñada divinamente,ہر حرف کا حساب لگایا گیا اور الٰہی طور پر ڈیزائن کیا گیا
1390,10:20,Miracle of the Quran to be Unveiled After Muhammad*,10,20,Kuran'ın Mucizesi Muhammed'den Sonra Açığa Çıkarılacak,Le miracle du Coran sera dévoilé après Muhammad*.,Das Wunder des Korans soll nach Mohammed enthüllt werden*,Mukjizat Al-Quran akan didedahkan selepas Muhammad*,معجزهٔ قرآن پس از محمد* فاش خواهد شد,குர்ஆனின் அற்புதம் முஹம்மதுக்குப் பின்னரே திரை விலக்கப்பட இருந்தது*,Koranens mirakel ska avtäckas efter Muhammed*,"Чудо Корана, которое будет раскрыто после Мухаммада*",মুহাম্মদ*-এর পর কুরআনের অলৌকিকতা উন্মোচিত হবে,El milagro del Corán se desvelará después de Mahoma*.,محمد* کے بعد قرآن کا معجزہ بے نقاب ہوگا
1391,10:21,Rebellious Humans,10,21,İsyankâr İnsanlar,Humains rebelles,Rebellische Menschen,Manusia Pemberontak,انسان‌های سرکش,கலகக்கார மனிதர்கள்,Upproriska människor,Бунтующие люди,বিদ্রোহী মানুষ,Humanos rebeldes,باغی انسان
1396,10:26,Heaven and Hell are Eternal,10,26,Cennet ve Cehennem Ebedidir,Le paradis et l'enfer sont éternels,Himmel und Hölle sind ewig,Syurga dan Neraka adalah kekal,بهشت و جهنم ابدی هستند,சுவனமும் நரகமும் நிலைத்திருப்பவை,Himmel och helvete är eviga,Рай и ад вечны,স্বর্গ ও নরক চিরন্তন।,El cielo y el infierno son eternos,جنت اور جہنم ابدی ہیں
1398,10:28,Idols Disown Their Worshipers,10,28,Putlar Kendilerine Tapanları Sahiplenmeyecekler,Les idoles renient leurs adorateurs,Götzen verleugnen ihre Verehrer,Berhala menafikan penyembahnya,بت‌ها از پرستندگان خود انکار می‌کنند,போலித் தெய்வங்கள் தம்மை வழிபட்டவர்களைக் கைவிட்டு விடும்,Idoler förskjuter sina tillbedjare,Идолы отрекаются от своих поклонников,মূর্তিগুলো তাদের উপাসকদের অস্বীকার করে,Los ídolos repudian a sus adoradores,مورتوں نے اپنے پوجنیوالوں سے انکار کر دیا
1404,10:34,Reflect on Your Idols,10,34,Putlarınızın Üzerinde Tefekkür Edin,Réfléchissez à vos idoles,Denken Sie über Ihre Idole nach,Renungkan tentang idola anda,به بت‌های خود بیندیشید,உங்களுடைய போலித் தெய்வங்களைப் பற்றிச் சிந்தித்துப் பாருங்கள்,Reflektera över dina idoler,Подумайте о своих кумирах,আপনার আইডলদের নিয়ে প্রতিফলন করুন,Reflexiona sobre tus ídolos,اپنے معبودوں پر غور کریں
1407,10:37,Only God Can Author the Quran,10,37,Kuran'ı Yalnızca Tanrı Yazabilir,Seul Dieu peut être l'auteur du Coran,Nur Gott kann den Koran verfassen,Hanya Tuhan yang dapat menurunkan Al-Quran.,تنها خدا می‌تواند قرآن را پدید آورده باشد.,கடவுள் மட்டுமே குர்ஆனை இயற்றியிருக்க முடியும்,Endast Gud kan skriva Koranen,Автором Корана может быть только Бог,কেবল ঈশ্বরই কোরআন রচনা করতে পারেন,Sólo Dios puede ser el autor del Corán,صرف خدا ہی قرآن کا مصنف ہو سکتا ہے۔
1413,10:43,Humans Freely Choose Their Paths,10,43,İnsanlar Kendi Yollarını Özgürce Seçer,L'homme choisit librement sa voie,Der Mensch wählt seinen Weg aus freien Stücken,Manusia memilih jalan mereka dengan bebas,انسان‌ها آزادانه مسیرهای خود را انتخاب می‌کنند,மானிடர்கள் தங்கள் பாதைகளைச் சுதந்திரமாகத் தேர்ந்தெடுக்கின்றனர்,Människor väljer fritt sina vägar,Люди свободно выбирают свой путь,মানুষরা স্বাধীনভাবে তাদের পথ বেছে নেয়।,El ser humano elige libremente su camino,انسان آزادانہ طور پر اپنے راستے منتخب کرتے ہیں۔
1419,10:49,The Messenger Possesses No Power,10,49,Elçinin Hiçbir Gücü Yoktur,Le messager ne possède aucun pouvoir,Der Bote hat keine Macht,Pembawa mesej tidak mempunyai kuasa.,پیامبر هیچ قدرتی ندارد,தூதர் எந்தச் சக்தியும் கொண்டவரல்லர்,Budbäraren besitter ingen makt,Посланник не обладает силой,বার্তাবাহকের কোনো ক্ষমতা নেই।,El mensajero no tiene poder,رسول کے پاس کوئی طاقت نہیں ہے
1424,10:54,What Price Faith,10,54,İmanın Bedeli Nedir,Quel est le prix de la foi ?,Welchen Preis hat der Glaube?,Berapa Harga Iman,ایمان به چه قیمتی؟,விசுவாசத்தின் விலை என்ன?,Vad kostar tron?,Какова цена веры,বিশ্বাসের মূল্য কী?,A qué precio la fe,ایمان کی قیمت کیا؟
1428,10:58,Joy for the Believers,10,58,İmanlılar için Sevinç,La joie des croyants,Freude für die Gläubigen,Kegembiraan bagi orang-orang yang beriman,شادمانی برای مؤمنان,நம்பிக்கையாளர்களுக்கு ஆனந்தம்,Glädje för de troende,Радость для верующих,বিশ্বাসীদের জন্য আনন্দ,Alegría para los creyentes,مومنوں کے لیے خوشی
1429,10:59,Human-made Dietary Prohibitions,10,59,İnsan Yapımı Beslenme Yasakları,Interdictions alimentaires d'origine humaine,Menschengemachte diätetische Verbote,Larangan Makanan Buatan Manusia,ممنوعیت‌های غذایی ساخت بشر,மனிதர்களால் செய்யப்பட்ட உணவுத் தடைகள்,Kostförbud orsakade av människan,"Диетические запреты, созданные человеком",মানুষ-নির্মিত খাদ্যগত নিষেধাজ্ঞা,Prohibiciones dietéticas de origen humano,انسانی ساختہ غذائی پابندیاں
1431,10:61,Knowing God,10,61,Tanrı'yı Bilmek,Connaître Dieu,Gott kennenlernen,Mengenal Tuhan,شناختن خدا,கடவுளை அறிந்து கொள்ளுதல்,Att känna Gud,Познание Бога,ঈশ্বরকে জানা,Conocer a Dios,خدا کو جاننا
1432,10:62,Happiness: Now and Forever*,10,62,Mutluluk: Şimdi ve Sonsuza Dek,Le bonheur : Aujourd'hui et pour toujours*,Glücklich sein: Jetzt und für immer*,Kebahagiaan: Sekarang dan Selamanya*,شادی: اکنون و برای همیشه*,மகிழ்ச்சி: இப்பொழுதும் எப்பொழுதும்*,Lycka: Nu och för alltid*,Счастье: Сейчас и навсегда*,সুখ: এখন এবং চিরতরে*,La felicidad: Ahora y siempre*,خوشی: اب اور ہمیشہ کے لیے*
1438,10:68,The Gross Blasphemy,10,68,Büyük Küfür,Le grossier blasphème,Die grobe Blasphemie,Kekufuran Terbesar,کفر آشکار,மாபெரும் இறைநிந்தனை,Den grova hädelsen,Грубое богохульство,গুরুতর ধর্মনিন্দা,La burda blasfemia,سنگین توہین
1377,10:7,Preoccupation With This World,10,7,Zihnin Sürekli Bu Dünya İle Meşgul Olması,Préoccupation pour ce monde,Die Beschäftigung mit dieser Welt,Terlalu Terpikat dengan Dunia Ini,مشغله با این دنیا,இவ்வுலகுடன் மூழ்கி விடுதல்,Upptagenhet med denna värld,Озабоченность этим миром,এই জগতের প্রতি আসক্তি,Preocupación por este mundo,اس دنیا میں مشغولیت
1441,10:71,Noah,10,71,Nuh,Noah,Noah,Nuh,نوح,நோவா,Noah,Ной,নূহ,Noah,نوح
1444,10:74,Humans Insist on Their Original Sin,10,74,İnsanlar İlk Günahlarında Israr Ediyor,Les humains insistent sur leur péché originel,Der Mensch beharrt auf seiner Erbsünde,Manusia bertegas tentang dosa asal mereka,انسان‌ها بر گناه نخستین خود اصرار می‌ورزند,மானிடர்கள் தங்கள் ஆதி பாவத்தில் வலிந்திருக்கின்றனர்,Människor insisterar på sin arvsynd,Люди настаивают на своем первородном грехе,মানুষ তাদের আদিপাপের ওপর অটল,Los humanos insisten en su pecado original,انسان اپنی اصلیت کے گناہ پر اصرار کرتے ہیں۔
1445,10:75,Moses and Aaron,10,75,Musa ve Harun,Moïse et Aaron,Mose und Aaron,Musa dan Harun,موسی و هارون,மோஸஸ் மற்றும் ஆரோன்,Mose och Aron,Моисей и Аарон,মোশি ও হারুন,Moisés y Aarón,موسیٰ اور ہارون
1449,10:79,The Truth Prevails,10,79,Gerçek Olan Üstün Gelir,La vérité l'emporte,Die Wahrheit setzt sich durch,Kebenaran Menang,حقیقت پیروز می‌شود,சத்தியம் மிகைத்து வெற்றி கொள்கின்றது,Sanningen segrar,Истина торжествует,সত্যই জয়ী হয়,La verdad prevalece,سچائی غالب رہتی ہے
1379,10:9,God Guides the Believers,10,9,Tanrı İmanlılara Rehberlik Eder,Dieu guide les croyants,Gott lenkt die Gläubigen,Tuhan membimbing orang-orang yang beriman,خداوند مؤمنان را هدایت می‌کند,நம்பிக்கையாளர்களைக் கடவுள் வழிநடத்துகின்றார்,Gud vägleder de troende,Бог направляет верующих,ঈশ্বর বিশ্বাসীদের পথপ্রদর্শন করেন,Dios guía a los creyentes,خدا مومنوں کی رہنمائی کرتا ہے
1462,10:92,Pharaoh's Body Preserved*,10,92,Firavun'un Bedeni Korundu,Le corps du pharaon préservé*,Der Leichnam des Pharao wird konserviert*.,Badan Firaun Terpelihara*,جسد فرعون مومیایی شده*,ஃபேரோவின் சடலம் பத்திரப்படுத்தப்படுகின்றது*,Faraos kropp bevarad*,Тело фараона сохранилось*,ফারাওয়ের দেহ সংরক্ষিত*,Preservación del cuerpo del faraón *,فرعون کی لاش محفوظ شدہ*
1464,10:94,The Messenger's Doubt,10,94,Elçinin Şüphesi,Le doute du messager,Der Zweifel des Boten,Keraguan Utusan,شک پیامبر,தூதரின் ஐயம்,Budbärarens tvivel,Сомнение посланника,বার্তাবাহকের সন্দেহ,La duda del mensajero,پیغامبر کا شک
1468,10:98,Believing Nations Prosper,10,98,İman Eden Uluslar Refaha Ererler,Les nations croyantes prospèrent,Der Glaube an den Wohlstand der Nationen,"Percaya, Bangsa Makmur",ملت‌های باایمان رونق می‌یابند,நம்பிக்கை கொள்ளும் தேசங்கள் வளமடையும்,Troende nationer blomstrar,Процветание верующих народов,বিশ্বাসী জাতিসমূহ সমৃদ্ধি লাভ করে,Creer que las naciones prosperan,یقین رکھنے والی قومیں خوشحال ہوتی ہیں
1580,11:100,Lessons to be Learned,11,100,Öğrenilecek Dersler,Leçons à tirer,"Lektionen, die man lernen kann",Pengajaran yang boleh dipelajari,درس‌هایی که باید آموخت,கற்றுக் கொள்ள வேண்டிய படிப்பினைகள்,Lärdomar som bör dras,"Уроки, которые необходимо извлечь",শিক্ষণীয় পাঠ,Lecciones para aprender,سیکھنے کے اسباق
1589,11:109,Following Our Parents Blindly A Great Human Tragedy,11,109,Atalarımızı Körü Körüne Takip Etmek Büyük Bir İnsan Trajedisi,Suivre aveuglément nos parents Une grande tragédie humaine,Unseren Eltern blindlings folgen Eine große menschliche Tragödie,Mengikuti Orang Tua Kita Secara Buta: Tragedi Manusiawi yang Hebat,پیروی کورکورانه‌ی ما از والدین‌مان؛ یک تراژدی بزرگ انسانی,நம் பெற்றோர்களைக் கண்மூடிப் பின்பற்றுதல் ஒரு மாபெரும் மானிட சோகம்,Att följa våra föräldrar blint En stor mänsklig tragedi,Слепое следование за родителями - великая человеческая трагедия,আমাদের পিতামাতাকে অন্ধভাবে অনুসরণ করা: একটি মহা মানবিক ট্র্যাজেডি,Seguir ciegamente a nuestros padres Una gran tragedia humana,اپنے والدین کی اندھا اندھا تقلید: ایک عظیم انسانی المیہ
1594,11:114,Three of the Five Prayers,11,114,Beş Namazın Üçü,Trois des cinq prières,Drei der fünf Gebete,Tiga daripada Lima Doa,سه از پنج نماز,ஐந்து தொழுகைகளில் மூன்று,Tre av de fem bönerna,Три из пяти молитв,পাঁচটি প্রার্থনার মধ্যে তিনটি,Tres de las cinco oraciones,پانچوں نمازوں میں سے تین
1598,11:118,Why Were We Created,11,118,Biz Niçin Yaratıldık,Pourquoi avons-nous été créés ?,Warum wurden wir geschaffen?,Mengapa Kita Dicipta,چرا ما آفریده شدیم؟,நாம் ஏன் படைக்கப்பட்டோம்.,Varför skapades vi?,Почему мы были созданы,আমরা কেন সৃষ্টি হয়েছিলাম,¿Por qué fuimos creados?,ہمیں کیوں پیدا کیا گیا؟
1492,11:12,God's Revelation is Heavy,11,12,Tanrı'nın Vahyi Ağırdır,La révélation de Dieu est lourde,Gottes Offenbarung ist schwer,Wahyu Tuhan itu berat,وحی خدا سنگین است,கடவுளின் வெளிப்பாடு கனமானது,Guds uppenbarelse är tung,Божье откровение тяжелое,ঈশ্বরের প্রকাশ ভারী,La Revelación de Dios es Pesada,الٰہی وحی بھاری ہے
1493,11:13,The Quran: Impossible to Imitate,11,13,Kuran: Taklit Edilmesi İmkânsız,Le Coran : Impossible à imiter,Der Koran: Unmöglich zu imitieren,Al-Quran: Mustahil Ditiru,قرآن: غیرقابل تقلید,குர்ஆன்: அதே மாதிரி செய்ய இயலாது.,Koranen: Omöjlig att imitera,Коран: Невозможно подражать,কুরআন: অনুকরণ করা অসম্ভব,El Corán: Imposible de imitar,قرآن: نقل کرنا ناممکن
1497,11:17,The Quran's Mathematical Code,11,17,Kuran'ın Matematiksel Kodu,Le code mathématique du Coran,Der mathematische Code des Korans,Kod Matematik Al-Quran,کد ریاضی قرآن,குர்ஆனின் கணிதக் குறியீடு,Koranens matematiska kod,Математический код Корана,কুরআনের গাণিতিক কোড,El código matemático del Corán,قرآن کا ریاضیاتی کوڈ
1482,11:2,The Quran: Messenger of God,11,2,Kuran: Tanrı'nın Elçisi,Le Coran : Le Messager de Dieu,Der Koran: Gesandter Gottes,Al-Quran: Utusan Tuhan,قرآن: پیام‌آور خدا,குர்ஆன்: கடவுளின் தூதர்,Koranen: Guds sändebud,Коран: Посланник Бога,কুরআন: ঈশ্বরের দূত,El Corán: Mensajero de Dios,قرآن: خدا کا پیغامبر
1500,11:20,The Disbelievers,11,20,İnkâr Edenler,Les mécréants,Die Ungläubigen,Orang-orang yang kafir,کافران,நம்பமறுப்போர்,De icke-troende,Неверующие,অবিশ্বাসীরা,Los incrédulos,کافر
1503,11:23,The Believers,11,23,İmanlılar,Les croyants,Die Gläubigen,Orang-orang yang beriman,باورمندان,நம்பிக்கையாளர்கள்,De troende,Верующие,বিশ্বাসীরা,Los creyentes,مومن
1505,11:25,Noah,11,25,Nuh,Noah,Noah,Nuh,نوح,நோவா,Noah,Ной,নূহ,Noah,نوح
1511,11:31,All Power Belongs to God,11,31,Tüm Güç Tanrı'ya Aittir,Tout pouvoir appartient à Dieu,Alle Macht geht von Gott aus,Segala kuasa milik Tuhan,تمام قدرت از آنِ خداست,சக்திகள் அனைத்தும் கடவுளுக்குரியது,All makt tillhör Gud,Вся власть принадлежит Богу,সমস্ত ক্ষমতা ঈশ্বরের,Todo el poder pertenece a Dios,تمام طاقت خدا کی ہے
1518,11:38,He Who Laughs Last Laughs Best,11,38,Son Gülen İyi Güler,Celui qui rit le dernier rit le mieux,"Wer zuletzt lacht, lacht am besten","Yang ketawa terakhir, ketawanya paling sedap.",خنده‌ی آخر، بهترین خنده است.,இறுதியாகச் சிரிப்பவனின் சிரிப்பே சிறந்தது,Den som skrattar sist skrattar bäst,"Тот, кто смеется последним, смеется лучше всех","যে শেষ হাসি হাসে, সে-ই সবচেয়ে ভালো হাসে।",El que ríe el último ríe mejor,جو آخر میں ہنستا ہے، وہ سب سے اچھا ہنستا ہے۔
1524,11:44,Where Did the Ark Land,11,44,Gemi Nereye İndi,Où l'arche a-t-elle atterri ?,Wo ist die Arche gelandet?,Di manakah Bahtera itu Berlabuh?,کشتی نوح کجا فرود آمد؟,படகு எங்கு கரை சேர்ந்தது,Var hamnade arken?,Где приземлился ковчег,নৌকাটি কোথায় অবতরণ করেছিল?,¿Dónde cayó el Arca?,کشتی نوح کہاں اتری؟
1526,11:46,The Myth of Intercession*,11,46,Şefaat Efsanesi,Le mythe de l'intercession*,Der Mythos der Fürbitte*,Mitos Perantaraan*,افسانه شفاعت*,சிபாரிசு எனும் கட்டுக் கதை*,Myten om förbön*,Миф о заступничестве*,শাফাআতের মিথকথা*,El mito de la intercesión*.,شفاعت کا افسانہ*
1530,11:50,Hûd: One and the Same Message,11,50,Hud: Bir ve Aynı Mesaj,Hûd : Un seul et même message,Hûd: Ein und dieselbe Botschaft,Hûd: Satu dan Mesej yang Sama,هود: یک پیام واحد,ஹூத்: அதே ஒரே தூதுச் செய்தி,Hûd: Ett och samma budskap,Хюд: Одно и то же послание,হুদ: এক ও অভিন্ন বার্তা,Hûd: Un mismo mensaje,ہود: ایک ہی پیغام
1486,11:6,Provisions Guaranteed,11,6,Rızıklar Garantilidir,Provisions garanties,Garantierte Rückstellungen,Peruntukan Dijamin,تدارکات تضمین‌شده,வாழ்வாதாரங்கள் உத்தரவாதமளிக்கப்படுகின்றன,Avsättningar Garanterade,"Положения, гарантированные",প্রাধান্য নিশ্চিত,Provisiones garantizadas,فراہمی کی ضمانت
1541,11:61,Sãleh: One and the Same Message,11,61,Salih: Bir ve Aynı Mesaj,Sãleh : Un seul et même message,Sãleh: Ein und dieselbe Botschaft,Sãleh: Satu dan Mesej yang Sama,ساله: یک پیام واحد,ஸாலிஹ்: அதே ஒரே தூதுச் செய்தி,Sãleh: Ett och samma budskap,Sãleh: Одно и то же послание,সালেহ: এক ও অভিন্ন বার্তা,Sãleh: Un mismo mensaje,صالح: ایک ہی پیغام
1543,11:63,The Disbelievers Always Losers,11,63,Kaybedenler Daima İnkârcılardır,Les incrédules toujours perdants,Die Ungläubigen sind immer Verlierer,Orang-orang yang kafir sentiasa kalah,کافران همیشه بازنده هستند,நம்பமறுப்போர் எப்பொழுதும் நஷ்டவாளிகளே,De icke-troende alltid förlorare,Неверующие всегда проигрывают,অবিশ্বাসীরা সর্বদা পরাজিত,Los incrédulos siempre pierden,کافر ہمیشہ ہارنے والے
1549,11:69,Abraham and Lot,11,69,İbrahim ve Lut,Abraham et Lot,Abraham und Lot,Abraham dan Lot,ابراهیم و لوط,ஆபிரஹாமும் லோத்தும்,Abraham och Lot,Авраам и Лот,আব্রাহাম এবং লোট,Abraham y Lot,ابراہیم اور لوط
1557,11:77,Homosexuality Condemned,11,77,Eşcinsellik Kınanmıştır,L'homosexualité condamnée,Verurteilung der Homosexualität,Homoseksual Dikenapui,محکومیت همجنس‌گرایی,ஓரினச் சேர்க்கை கண்டனம் செய்யப்படுகின்றது,Homosexualitet fördöms,Гомосексуальность осуждена,সমকামিতার নিন্দা,Condena de la homosexualidad,ہم جنس پرستی کی مذمت
1562,11:82,Sodom & Gomorrah Destroyed,11,82,Sodom & Gomore Yok Edildi,Destruction de Sodome et Gomorrhe,Sodom & Gomorrah vernichtet,Sodom dan Gomora Musnah,سدوم و عموره ویران شدند,ஸாடமும் கோமர்ராவும் நிலைகுலைகின்றது,Sodom & Gomorra förstörda,Содом и Гоморра разрушены,সদোম ও গোমোর্রা ধ্বংস,Sodoma y Gomorra destruidas,سدوم اور گomorrah تباہ ہوئے
1564,11:84,Shu'aib: One and the Same Message,11,84,Şuayb: Bir ve Aynı Mesaj,Shu'aib : Un seul et même message,Shu'aib: Ein und dieselbe Botschaft,Shu'aib: Satu dan Sama Pesan,شعیب: یک پیام واحد,ஷுஐப்: அதே ஒரே தூதுச்செய்தி,Shu'aib: Ett och samma budskap,Шу'айб: Одно и то же послание,শুআয়ব: একই বার্তা,Shu'aib: Un mismo mensaje,شعیب: ایک ہی پیغام
1576,11:96,Moses,11,96,Musa,Moïse,Moses,Musa,موسی,மோஸஸ்,Moses,Мозес,মোশে,Moisés,موسیٰ
6319,110:0,(Last Sura Revealed)*,110,0,(Son Sure İndi)*,(Dernière sourate révélée)*,(Letzte Offenbarte Sure)*,(Surah terakhir yang diturunkan),(آخرین سوره نازل‌شده),(Last Sura Revealed)*,(Sista suran avslöjad)*,(Последняя раскрытая сура)*.,(শেষ সূরা অবতীর্ণ),(Última sura revelada)*,(آخری سورت نازل شدہ)
1707,12:103,The Majority of People Do Not Believe,12,103,İnsanların Çoğu İman Etmezler,La majorité des gens ne croient pas,Die Mehrheit der Menschen ist nicht gläubig,Kebanyakan orang tidak percaya,اکثریت مردم باور ندارند,மனிதர்களில் பெரும்பாலோர் நம்பிக்கை கொள்வதில்லை,Majoriteten av människor tror inte på,Большинство людей не верят,অধিকাংশ মানুষ বিশ্বাস করে না,La mayoría de la gente no cree,زیادہ تر لوگ یقین نہیں رکھتے
1710,12:106,The Majority of Believers Destined for Hell,12,106,İmanlıların Çoğu Cehennemle Mukadderdir,La majorité des croyants voués à l'enfer,Die Mehrheit der Gläubigen ist für die Hölle bestimmt,Kebanyakan orang percaya yang ditakdirkan ke neraka,اکثریت مؤمنان محکوم به جهنم,நம்பிக்கை கொண்டவர்களில் பெரும்பாலோர் நரகத்திற்கென விதிக்கப்பட்டுள்ளனர்,Majoriteten av de troende ödesbestämda för helvetet,Большинство верующих обречены на ад,অধিকাংশ বিশ্বাসী যারা নরকের জন্য নির্ধারিত,La mayoría de los creyentes destinados al infierno,ایمان والوں کی اکثریت دوزخ کے لیے مقدر
1714,12:110,"Victory, Ultimately, Belongs to the Believers",12,110,Galibiyet Eninde Sonunda İmanlılara Aittir,"La victoire, en fin de compte, appartient aux croyants",Der Sieg gehört letztlich den Gläubigen,"Kemenangan, akhirnya, adalah milik orang-orang yang beriman.",پیروزی، در نهایت، از آنِ مؤمنان است.,"வெற்றியானது, இறுதியில், நம்பிக்கையாளர்களுக்கு உரியதாகின்றது",Segern tillhör i slutändan de troende,"Победа, в конечном счете, принадлежит верующим",অবশেষে বিজয় বিশ্বাসীদেরই।,"La victoria, en última instancia, pertenece a los creyentes",آخرکار فتح مومنوں کی ہوتی ہے۔
1715,12:111,The Quran is All We Need,12,111,"Kuran, İhtiyacımız Olan Her Şeydir",Le Coran est tout ce dont nous avons besoin,"Der Koran ist alles, was wir brauchen",Al-Quran adalah segala yang kita perlukan,قرآن کافی است,நமக்கு வேண்டியதெல்லாம் குர்ஆன்தான்,Koranen är allt vi behöver,"Коран - это все, что нам нужно",কুরআনই আমাদের সব প্রয়োজন,El Corán es todo lo que necesitamos,قرآن ہی ہماری تمام ضروریات کے لیے کافی ہے۔
1619,12:15,Believers are Blessed with God's Assurances,12,15,İmanlılar Tanrı'nın Güvenceleriyle Nimetlendirilirler,Les croyants bénéficient des assurances de Dieu,Gläubige sind mit Gottes Zusicherungen gesegnet,Orang percaya diberkati dengan jaminan-jaminan Tuhan,مؤمنان به وعده‌های خدا موهبت یافته‌اند,நம்பிக்கையாளர்கள் கடவுளின் உறுதிமொழிகள் கொண்டு ஆசீர்வதிக்கப்படுகின்றனர்,Troende är välsignade med Guds försäkringar,Верующие благословлены Божьими заверениями,বিশ্বাসীরা ঈশ্বরের আশ্বাস দ্বারা আশীর্বাদপ্রাপ্ত।,Los creyentes son bendecidos con las garantías de Dios,مومن اللہ کی ضمانتوں سے خوش نصیب ہیں
1623,12:19,Joseph is Taken to Egypt,12,19,Yusuf Mısır'a Alınıyor,Joseph est emmené en Égypte,Joseph wird nach Ägypten verschleppt,Yusuf dibawa ke Mesir,یوسف به مصر برده می‌شود,ஜோஸஃப் எகிப்திற்கு எடுத்துச் செல்லப்படுகின்றார்,Josef förs till Egypten,Иосифа забирают в Египет,যোসেফকে মিশরে নিয়ে যাওয়া হয়,José es llevado a Egipto,یوسف مصر لے جایا گیا
1627,12:23,God Protects the Believers From Sin,12,23,Tanrı İmanlıları Günah İşlemekten Korur,Dieu protège les croyants du péché,Gott beschützt die Gläubigen vor der Sünde,Tuhan melindungi orang-orang yang beriman daripada dosa,خداوند مؤمنان را از گناه محافظت می‌کند,பாவங்களிலிருந்து நம்பிக்கையாளர்களை கடவுள் பாதுகாக்கின்றார்,Gud skyddar de troende från synd,Бог защищает верующих от греха,ঈশ্বর বিশ্বাসীদের পাপ থেকে রক্ষা করেন,Dios protege a los creyentes del pecado,خدا مومنوں کو گناہ سے محفوظ رکھتا ہے۔
1647,12:43,The King's Dream,12,43,Kralın Rüyası,Le rêve du roi,Der Traum des Königs,Mimpi Raja,رویای پادشاه,மன்னரின் கனவு,Kungens dröm,Мечта короля,রাজা স্বপ্ন দেখলেন,El sueño del rey,بادشاہ کا خواب
1650,12:46,Joseph Interprets the King's Dream,12,46,Yusuf Kralın Rüyasını Yorumluyor,Joseph interprète le rêve du roi,Josef deutet den Traum des Königs,Yusuf Menafsirkan Mimpi Raja,یوسف تعبیر خواب پادشاه را بیان می‌کند,ஜோஸஃப் மன்னரின் கனவுக்கு விளக்கமளிக்கிறார்,Josef tolkar kungens dröm,Иосиф толкует сон царя,যোসেফ রাজার স্বপ্ন ব্যাখ্যা করেন,José interpreta el sueño del rey,یوسف بادشاہ کے خواب کی تعبیر کرتا ہے
1658,12:54,Joseph Attains Prominence,12,54,Yusuf Önem Kazanıyor,Joseph accède à la notoriété,Joseph erlangt Berühmtheit,Joseph Mencapai Ketenaran,جوزف به شهرت می‌رسد,ஜோஸஃப் முக்கியத்துவம் அடைகின்றார்,Joseph når en framträdande position,Джозеф достигает известности,জোসেফ খ্যাতি অর্জন করেন,Joseph alcanza la prominencia,یوسف کو شہرت حاصل ہوتی ہے۔
1672,12:68,Jacob Senses Joseph,12,68,"Yakup, Yusuf'u Hissediyor",Jacob sent Joseph,Jakob spürt Joseph,Yakub merasakan Yusuf,یعقوب یوسف را حس می‌کند,ஜோஸஃபை ஜேகப் புலன்களால் உய்த்தறிகிறார்,Jacob känner Joseph,Иаков чувствует Иосифа,যাকুব যোসেফকে অনুভব করেন,Jacob percibe a José,یعقوب نے یوسف کو محسوس کیا
1673,12:69,Back in Egypt,12,69,Mısır'a Geri Dönüş,Retour en Égypte,Zurück in Ägypten,Kembali ke Mesir,بازگشت به مصر,மீண்டும் எகிப்தில்,Tillbaka i Egypten,Возвращение в Египет,মিশরে ফিরে,De vuelta a Egipto,مصر واپس
1674,12:70,Joseph Keeps His Brother,12,70,Yusuf Kardeşini Tutuyor,Joseph garde son frère,Joseph hält seinen Bruder fest,Yusuf menjaga saudaranya,یوسف برادرش را نگه می‌دارد,ஜோஸஃப் தன் சகோதரனை தக்க வைத்துக்கொள்கின்றார்,Josef behåller sin bror,Иосиф хранит своего брата,জোসেফ তার ভাইকে রক্ষা করে,José se queda con su hermano,یوسف اپنے بھائی کا خیال رکھتا ہے
1685,12:81,Back In Palestine,12,81,Filistin'e Dönüş,Retour en Palestine,Zurück in Palästina,Kembali ke Palestin,بازگشت به فلسطین,மீண்டும் பாலஸ்தீனத்தில்,Tillbaka i Palestina,Возвращение в Палестину,ফিলিস্তিনে ফিরে,De vuelta a Palestina,فلسطین واپس
1692,12:88,Israel Goes to Egypt,12,88,İsrail Mısır'a Gidiyor,Israël se rend en Égypte,Israel geht nach Ägypten,Israel Pergi ke Mesir,اسرائیل به مصر می‌رود,இஸ்ரவேல் எகிப்திற்குச் செல்கின்றார்,Israel åker till Egypten,Израиль отправляется в Египет,ইস্রায়েল মিশরে যায়,Israel va a Egipto,اسرائیل مصر گیا
1613,12:9,Joseph's Fate Already Decided by God*,12,9,Yusuf'un Kaderine Tanrı Tarafından Önceden Karar Verilmişti,Le destin de Joseph déjà décidé par Dieu*,Josephs Schicksal wurde bereits von Gott entschieden*,Nasib Joseph Sudah Diputuskan oleh Tuhan*,سرنوشت یوسف از پیش توسط خدا تعیین شده است*,ஜோஸஃபின் விதி கடவுளால் முன்னரே தீர்மானிக்கப்பட்டு விட்டது*,Josefs öde redan bestämt av Gud*,Судьба Иосифа уже решена Богом*,জোসেফের ভাগ্য ইতিমধ্যেই ঈশ্বরের দ্বারা নির্ধারিত হয়েছে*,El destino de José ya está decidido por Dios*.,یوسف کی تقدیر پہلے ہی خدا کے پاس طے شدہ ہے*
1703,12:99,In Egypt,12,99,Mısır'da,En Egypte,In Ägypten,Di Mesir,در مصر,எகிப்தில்,I Egypten,В Египте,মিশরে,En Egipto,مصر میں
1731,13:15,All Creation Has Submitted to God,13,15,Tüm Yaratılış Tanrı'ya Teslim Olmuştur,Toute la création s'est soumise à Dieu,Die ganze Schöpfung hat sich Gott unterworfen,Segala ciptaan telah tunduk kepada Tuhan,تمام خلقت تسلیم خدا شده‌اند,எல்லாப் படைப்பும் கடவுளுக்குச் சரணடைந்து விட்டது,Hela skapelsen har underkastat sig Gud,Все творение покорилось Богу,সমস্ত সৃষ্টিই ঈশ্বরের কাছে আত্মসমর্পণ করেছে,Toda la creación se ha sometido a Dios,تمام کائنات نے خدا کے سامنے سر تسلیم خم کیا ہے۔
1733,13:17,The Truth vs Falsehood,13,17,Batıla Karşı Hak,Vérité et mensonge,Wahrheit und Unwahrheit,Kebenaran vs Kebohongan,حقیقت در برابر دروغ,சத்தியமும் அசத்தியமும்,Sanning kontra osanning,Правда против лжи,সত্য বনাম মিথ্যা,La verdad frente a la mentira,سچائی بمقابلہ جھوٹ
1735,13:19,Believers Versus Disbelievers (1) The Believers,13,19,İnkârcılar karşı İmanlılar (1) İmanlılar,Les croyants et les mécréants (1) Les croyants,Die Gläubigen und die Ungläubigen (1) Die Gläubigen,Orang Beriman Menentang Orang Kafir (1) Orang Beriman,مؤمنان در برابر کافران (۱) مؤمنان,நம்பிக்கையாளர்களும் நம்பமறுப்பவர்களும் (1) நம்பிக்கையாளர்கள்,De troende och de icke-troende (1) De troende,Верующие против неверующих (1) Верующие,বিশ্বাসীরা বনাম অবিশ্বাসীরা (১) বিশ্বাসীরা,Creyentes contra incrédulos (1) Los creyentes,مومن اور کافر (1) مومن
1741,13:25,(2) The Disbelievers,13,25,(2) İnkârcılar,(2) Les mécréants,(2) Die Ungläubigen,(2) Orang-orang yang tidak beriman,(۲) کافران,(2) நம்பமறுப்பவர்கள்,(2) De icke-troende,(2) Неверующие,(২) অবিশ্বাসীরা,(2) Los infieles,(2) کافر
1742,13:26,God Controls All Provisions,13,26,Tüm Rızıkları Tanrı Kontrol Eder,Dieu contrôle toutes les dispositions,Gott steuert alle Bestimmungen,Tuhan mengawal segala rezeki.,خداوند همهٔ روزی‌ها را کنترل می‌کند,வாழ்வாதாரங்கள் அனைத்தையும் கடவுள் கட்டுப்படுத்துகின்றார்,Gud kontrollerar alla bestämmelser,Бог контролирует все положения,ঈশ্বর সমস্ত প্রবিধান নিয়ন্ত্রণ করেন,Dios controla todas las provisiones,خدا تمام روزیوں کا کنٹرول رکھتا ہے۔
1746,13:30,God's Messenger of the Covenant*,13,30,Tanrı'nın Antlaşma Elçisi,Le messager de l'alliance de Dieu*,Gottes Gesandter des Bundes*,Pembawa Perjanjian Tuhan*,پیام‌آور عهد خدا*,கடவுளின் உடன்படிக்கைத் தூதர்*,Guds budbärare av förbundet*,Посланник Божьего Завета*.,আহদ-এর ঈশ্বরের দূত*,Mensajero de Dios de la Alianza*.,عہد کا خدا کا رسول*
1747,13:31,Mathematical Miracle of the Quran,13,31,Kuran'ın Matematiksel Mucizesi,Le miracle mathématique du Coran,Das mathematische Wunder des Korans,Mukjizat Matematik Al-Quran,معجزه ریاضی قرآن,குர்ஆனின் கணித அற்புதம்,Koranens matematiska mirakel,Математическое чудо Корана,কুরআনের গাণিতিক অলৌকিকতা,El milagro matemático del Corán,قرآن کا ریاضیاتی معجزہ
1748,13:32,All Messengers Must Be Ridiculed,13,32,Mutlaka Tüm Elçilerle Alay Edilmiştir,Tous les messagers doivent être ridiculisés,Alle Boten müssen lächerlich gemacht werden,Semua utusan mesti diejek,تمام پیام‌آوران باید مسخره شوند,தூதர்கள் அனைவரும் கேலி செய்யப்படுவார்கள்,Alla budbärare måste förlöjligas,Все посланники должны быть осмеяны,সব বার্তাবাহকদের উপহাস করতে হবে,Todos los mensajeros deben ser ridiculizados,تمام پیغام رساں کا مذاق اڑایا جانا چاہیے
1751,13:35,Heaven Allegorically Described,13,35,Cennet Alegorik Olarak Tanımlanmıştır,Le paradis décrit de manière allégorique,Allegorische Beschreibung des Himmels,Syurga Digambarkan Secara Alegori,بهشت به صورت تمثیلی توصیف شده,சுவனம் உருவகமாக வர்ணிக்கப்படுகிறது,Himlen allegoriskt beskriven,Аллегорическое описание рая,রূপকভাবে স্বর্গের বর্ণনা,Descripción alegórica del Cielo,جنت کی تمثیلی وضاحت
1753,13:37,Divine Authorization of the Quran's Mathematical Code*,13,37,Kuran'ın Matematiksel Kodunun İlahi Yetkilendirmesi,Autorisation divine du code mathématique du Coran* (en anglais),Die göttliche Autorisierung des mathematischen Codes des Korans*,Autorisasi Ilahi bagi Kod Matematik Al-Quran*,مجوز الهی کد ریاضی قرآن*,குர்ஆனின் கணிதக் குறியீட்டுக்கு தெய்வீக அங்கீகாரம்*,Gudomlig auktorisering av Koranens matematiska kod*,Божественное разрешение математического кода Корана*,কুরআনের গাণিতিক কোডের ঐশ্বরিক অনুমোদন*,Autorización divina del código matemático del Corán*.,قرآن کے ریاضیاتی کوڈ کی الٰہی اجازت*
1721,13:5,Belief in the Hereafter Required For Salvation,13,5,Kurtuluş için Ahiret İnancı Gereklidir,La croyance en l'au-delà est nécessaire au salut,Der Glaube an das Jenseits ist Voraussetzung für die Erlösung,Kepercayaan kepada Hari Akhirat Diperlukan untuk Keselamatan,ایمان به آخرت برای نجات ضروری است,மறுவுலகின் மீது நம்பிக்கை கொள்வது மீட்சிக்கு அவசியமாகின்றது,Tron på det härefter krävs för frälsning,Вера в будущее необходима для спасения,মোক্ষের জন্য পরকালের বিশ্বাস অপরিহার্য,La creencia en el más allá es necesaria para la salvación,نجات کے لیے آخرت پر ایمان ضروری ہے
1770,14:10,Following Our Parents Blindly: A Great Human Tragedy,14,10,Atalarımızı Körü Körüne Takip Etmek Büyük Bir İnsan Trajedisi,Suivre aveuglément nos parents : Une grande tragédie humaine,Unseren Eltern blind folgen: Eine große menschliche Tragödie,Mengikuti Orang Tua Kita Secara Buta: Tragedi Manusiawi yang Hebat,پیروی کورکورانه‌ی والدین‌مان: یک تراژدی بزرگ انسانی,நமது பெற்றோர்களைக் கண்மூடிப் பின்பற்றுதல்: ஒரு மாபெரும் மானிட சோகம்,Att följa våra föräldrar blint: En stor mänsklig tragedi,Слепое следование за родителями: Великая человеческая трагедия,আমাদের পিতামাতাকে অন্ধভাবে অনুসরণ: একটি মহান মানবিক ট্র্যাজেডি,Seguir ciegamente a nuestros padres: Una gran tragedia humana,اپنے والدین کی اندھا اندھا تقلید: ایک عظیم انسانی المیہ
1779,14:19,Worship Only the Omnipotent One,14,19,Sadece Her Şeye Gücü Yetene Tap,N'adorez que l'Omnipotent,Verehre nur den Allmächtigen,Sembahlah hanya Yang Maha Kuasa,تنها قادر متعال را پرستش کنید,சர்வ சக்தியும் உள்ள ஒருவரை மட்டுமே வழிபடுங்கள்,Dyrka endast den allsmäktige,Поклоняйтесь только Всемогущему,শুধুমাত্র সর্বশক্তিমানকে উপাসনা করো,Adora sólo al Omnipotente,صرف قادرِ مطلق کی عبادت کرو
1781,14:21,On the Day of Resurrection,14,21,Diriliş Günü'nde,Le jour de la résurrection,Am Tag der Auferstehung,Pada Hari Kebangkitan,در روز قیامت,உயிர்த்தெழுப்பப்படும் நாள் அன்று,På uppståndelsens dag,В день воскресения,পুনরুত্থানের দিনে,El día de la Resurrección,روزِ قیامت
1782,14:22,Satan Disowns His Followers,14,22,"Şeytan, Takipçilerine Sahip Çıkmaz",Satan renie ses disciples,Satan verstößt seine Anhänger,Satan menafikan pengikutnya,شیطان از پیروانش اعلام برائت می‌کند,தன்னைப் பின்பற்றியவர்களைச் சாத்தான் கைவிட்டு விடுகின்றான்,Satan förskjuter sina anhängare,Сатана отрекается от своих последователей,শয়তান তার অনুসারীদের অস্বীকার করে,Satanás repudia a sus seguidores,شیطان اپنے پیروکاروں سے انکار کرتا ہے
1784,14:24,Truth vs Falsehood,14,24,Batıla Karşı Hak,Vérité et mensonge,Wahrheit vs. Unwahrheit,Kebenaran vs Kebohongan,حقیقت در برابر دروغ,சத்தியமும் அசத்தியமும்,Sanning kontra osanning,Правда против лжи,সত্য বনাম মিথ্যা,Verdad vs. Falsedad,سچائی بمقابلہ جھوٹ
1788,14:28,They Remove Their Families From God's Protection,14,28,Onlar Ailelerini Tanrı'nın Korumasından Çıkarırlar,Ils soustraient leur famille à la protection de Dieu,Sie entziehen ihre Familien dem Schutz Gottes,Mereka Mengeluarkan Keluarga Mereka Dari Perlindungan Tuhan,آنها خانواده‌های خود را از حمایت خدا خارج می‌کنند,கடவுளின் பாதுகாப்பிலிருந்து தங்கள் குடும்பத்தினரை அவர்கள் அகற்றி விடுகின்றனர்,De tar bort sina familjer från Guds beskydd,Они лишают свои семьи Божьей защиты,তারা তাদের পরিবারকে ঈশ্বরের সুরক্ষার বাইরে নিয়ে যায়।,Apartan a sus familias de la protección de Dios,وہ اپنے خاندانوں کو خدا کی حفاظت سے نکال دیتے ہیں۔
1789,14:29,Idol Worship: The Mother of All Evil,14,29,Puta Tapmak: Tüm Kötülüklerin Anası,L'adoration des idoles : La mère de tous les maux,Götzenanbetung: Die Mutter allen Übels,Penyembahan berhala: Induk segala kejahatan,بت‌پرستی: مادر همهٔ شرور,Idol Worship: The Mother of All Evil,Idoldyrkan: Modern till all ondska,Поклонение идолам: Мать всех зол,মূর্তি পূজা: সমস্ত অশুভের জননী,Adoración de ídolos: La madre de todos los males,بت پرستی: تمام برائیوں کی ماں
1763,14:3,What is Your Priority?,14,3,Sizin Önceliğiniz Nedir?,Quelle est votre priorité ?,Was ist Ihre Priorität?,Apakah keutamaan anda?,اولویت شما چیست؟,உங்களுடைய முன்னுரிமை எது?,Vad är din prioritet?,Что для вас является приоритетом?,আপনার অগ্রাধিকার কী?,¿Cuál es su prioridad?,آپ کی ترجیح کیا ہے؟
1790,14:30,Crucial Commandments,14,30,Kritik Buyruklar,Commandements cruciaux,Entscheidende Gebote,Perintah-perintah Penting,فرمان‌های حیاتی,போலித்தெய்வ வழிபாடு: எல்லாப் பாவங்களுக்கும் தாய்,Viktiga budord,Важнейшие заповеди,গুরুত্বপূর্ণ আদেশসমূহ,Mandamientos cruciales,اہم احکام
1795,14:35,Abraham,14,35,İbrahim,Abraham,Abraham,Abraham,ابراهیم,ஆப்ரஹாம்,Abraham,Авраам,আব্রাহাম,Abraham,ابراہیم
1764,14:4,The Messenger's Language,14,4,Elçinin Dili,La langue du messager,Die Sprache des Boten,Bahasa Utusan,زبان پیامبر,தூதரின் மொழி,Budbärarens språk,Язык посланника,বার্তাবাহকের ভাষা,El lenguaje del mensajero,رسول کی زبان
1800,14:40,The Contact Prayers: Gift From God,14,40,İletişim Duaları: Tanrı'dan Armağan,Les prières de contact : Don de Dieu,Die Kontaktgebete: Geschenk von Gott,Doa Hubungan: Hadiah dari Tuhan,نمازهای تماس: هدیه‌ای از جانب خدا,தொடர்புத் தொழுகைகள்: கடவுளிடமிருந்து வரம்,Kontaktbönerna: Gåva från Gud,Контактные молитвы: Подарок от Бога,যোগাযোগ প্রার্থনা: ঈশ্বরের উপহার,Las Oraciones de Contacto: Regalo de Dios,رابطہ کی دعائیں: خدا کی جانب سے تحفہ
1804,14:44,God Sends His Commands Through His Messengers,14,44,"Tanrı, Emirlerini Elçileri Vasıtasıyla Gönderir",Dieu envoie ses ordres par l'intermédiaire de ses messagers,Gott sendet seine Befehle durch seine Boten,Tuhan menghantar perintah-Nya melalui para utusan-Nya,خدا فرمان‌هایش را از طریق پیامبرانش می‌فرستد,கடவுள் தன் கட்டளைகளைத் தன் தூதர்கள் மூலம் அனுப்புகின்றார்,Gud sänder sina befallningar genom sina budbärare,Бог передает Свои повеления через Своих посланников,ঈশ্বর তাঁর দূতদের মাধ্যমে তাঁর আদেশ পাঠান।,Dios envía sus órdenes a través de sus mensajeros,خدا اپنے پیغامبروں کے ذریعے اپنے احکام بھیجتا ہے۔
1807,14:47,Guaranteed Victory for God's Messengers,14,47,Tanrı'nın Elçileri için Garanti Edilmiş Galibiyet,Victoire garantie pour les messagers de Dieu,Garantierter Sieg für die Boten Gottes,Kemenangan Dijamin untuk Para Utusan Tuhan,پیروزی قطعی پیامبران خدا,கடவுளின் தூதர்களுக்கு உத்தரவாதமான வெற்றி,Garanterad seger för Guds budbärare,Гарантированная победа для Божьих посланников,ঈশ্বরের দূতদের জন্য নিশ্চিত বিজয়,Victoria garantizada para los mensajeros de Dios,خدا کے پیغامبرین کی یقینی فتح
1808,14:48,New Heavens and New Earth*,14,48,Yeni Gökler ve Yeni Yeryüzü,Nouveaux cieux et nouvelle terre*,Neuer Himmel und neue Erde*,Syurga Baru dan Bumi Baru*,آسمان‌های نو و زمین نو*,புதிய வானங்களும் புதிய பூமியும்,Nya himlar och ny jord*,Новые небеса и новая земля*,নতুন স্বর্গ ও নতুন পৃথিবী*,Cielos nuevos y Tierra nueva*.,نئے آسمان اور نئی زمین*
1765,14:5,Moses,14,5,Musa,Moïse,Moses,Musa,موسی,மோஸஸ்,Moses,Мозес,মোশে,Moisés,موسیٰ
1766,14:6,The Importance of Being Appreciative,14,6,Minnettar Olmanın Önemi,L'importance d'être reconnaissant,Die Bedeutung der Wertschätzung,Kepentingan Bersikap Apresiatif,اهمیت قدردان بودن,நன்றியுடையவர்களாக இருக்க வேண்டியதன் முக்கியத்துவம்,Vikten av att vara uppskattande,Важность быть благодарным,কৃতজ্ঞ হওয়ার গুরুত্ব,La importancia de ser agradecido,قدر دانی کی اہمیت
1767,14:7,Appreciative vs Unappreciative,14,7,Nanköre Karşı Minnettar,Appréciatif ou non appréciatif,Wertschätzend vs. nicht-wertschätzend,Menghargai vs Tidak menghargai,قدردان در مقابل بی‌قدردان,நன்றியுடையவர்களும் நன்றியற்றவர்களும்,Uppskattande kontra ickeuppskattande,Ценящий и не ценящий,কৃতজ্ঞ বনাম অকৃতজ্ঞ,Apreciativo vs No apreciativo,قدردان بمقابلہ بے قدردان
1769,14:9,Egotistic Defiance: A Human Trait,14,9,Egoistçe Karşı Koyma: Bir İnsan Özelliği,Défiance égoïste : Un trait humain,Egoistischer Trotz: Eine menschliche Eigenschaft,Kebangkangan Egoistik: Ciri Manusiawi,سرسختی خودشیفته‌وار: یک ویژگی انسانی,அகம்பாவம் காரணமாக எதிர்ப்பது: ஒரு மனிதப்பண்பு,Egoistiskt trots: Ett mänskligt karaktärsdrag,Эгоистическая непокорность: Человеческая черта,আত্মকেন্দ্রিক অবাধ্যতা: একটি মানবিক বৈশিষ্ট্য,Desafío egoísta: Un rasgo humano,خودپسندی پر مبنی سرکشی: ایک انسانی صفت
1839,15:26,The Human Race,15,26,İnsan Irkı,La race humaine,Die menschliche Ethnie,Perlumbaan Manusia,نژاد بشر,மனித இனம்,Den mänskliga rasen,Человеческая раса,মানব জাতি,La raza humana,انسانی نسل
1864,15:51,Angels Visit Abraham,15,51,Melekler İbrahim'i Ziyaret Ediyor,Les anges rendent visite à Abraham,Engel besuchen Abraham,Malaikat Melawat Ibrahim,فرشتگان به دیدار ابراهیم می‌آیند,வானவர்கள் ஆப்ரஹாமைப் பார்க்கச் செல்கின்றனர்,Angels Visit Abraham,Ангелы посещают Авраама,ফেরেশতারা আব্রাহামের কাছে আসে,Los ángeles visitan a Abraham,فرشتوں کا ابراہیم کے پاس آنا
1874,15:61,Lot,15,61,Lut,Lot,Los,Lot,لوت,லோத்,Lot,Лот,লট,Lote,حصہ
1898,15:85,End of the World Unveiled*,15,85,Dünya'nın Sonu Açığa Çıkarıldı,La fin du monde dévoilée*,Das Ende der Welt wird enthüllt*,Pengungkapan Akhir Dunia*,پایان جهان فاش شد*,உலகமுடிவு திரை விலக்கப்படுகின்றது*,Världens undergång avtäckt*,Конец света раскрыт*,বিশ্বের শেষ উন্মোচিত*,Desvelado el fin del mundo*.,دنیا کے خاتمے کا انکشاف*
1822,15:9,God's Messenger of the Covenant*,15,9,Tanrı'nın Antlaşma Elçisi,Le messager de l'alliance de Dieu*,Gottes Gesandter des Bundes*,Pembawa Perjanjian Tuhan*,پیام‌آور عهد خدا*,கடவுளின் உடன்படிக்கைத் தூதர்*,Guds budbärare av förbundet*,Посланник Божьего Завета*.,আহদ-এর ঈশ্বরের দূত*,Mensajero de Dios de la Alianza*.,عہد کا خدا کا رسول*
2016,16:103,The Quran Is Not Copied From The Bible,16,103,"Kuran, Kitab-ı Mukaddes'ten Kopyalanmamıştır",Le Coran n'est pas une copie de la Bible,Der Koran ist nicht von der Bibel abgeschrieben,Al-Quran tidak disalin daripada Injil,قرآن از کتاب مقدس کپی نشده است,குர்ஆன் பைபிளிலிருந்து நகல் எடுக்கப்பட்டதல்ல,Koranen är inte kopierad från Bibeln,Коран не скопирован с Библии,কুরআন বাইবেল থেকে অনুলিপি করা হয়নি।,El Corán no es una copia de la Biblia,قرآن کپی شدہ بائبل نہیں ہے۔
2019,16:106,Lip Service Does Not Count,16,106,Lafta Bağlılık Hesaba Katılmaz,Les belles paroles ne comptent pas,Lippenbekenntnisse zählen nicht,Layanan bibir tidak dikira,قول و حرف حساب نمی‌شود,உதட்டளவுப்பேச்சு கணக்கில் கொள்ளப்படாது,Läpparnas bekännelse räknas inte,Липовая служба не в счет,শব্দিয় প্রতিশ্রুতি গণ্য হয় না,La palabrería no cuenta,لفظی وعدے کا کوئی اعتبار نہیں
2020,16:107,Preoccupation With This Life Leads to Exile From God,16,107,Zihnin Sürekli Bu Hayatla Meşgul Olması Tanrı'dan Sürülmeye Yol Açar,La préoccupation de cette vie mène à l'exil loin de Dieu,Die Beschäftigung mit diesem Leben führt zur Verbannung von Gott,Terlalu sibuk dengan kehidupan ini membawa kepada pengasingan daripada Tuhan,مشغله با این زندگی به تبعید از خدا می‌انجامد,இந்த வாழ்க்கையில் மூழ்கிவிடுவது கடவுளிடமிருந்து துரத்தப்படக் காரணமாகின்றது,Upptagenhet med detta liv leder till exil från Gud,Озабоченность этой жизнью ведет к изгнанию от Бога,এই জীবনের প্রতি অতিরিক্ত আসক্তি ঈশ্বর থেকে বিচ্ছিন্নতার দিকে নিয়ে যায়।,La preocupación por esta vida conduce al exilio de Dios,اس زندگی میں مصروف رہنا خدا سے جلاوطنی کا باعث بنتا ہے۔
2025,16:112,Prohibiting Lawful Food Brings Deprivation,16,112,Helal Yiyecekleri Haram Kılmak Yoksulluk Getirir,L'interdiction d'une alimentation licite entraîne une privation,Verbot rechtmäßiger Lebensmittel bringt Entbehrungen mit sich,Mengharamkan Makanan yang Halal Membawa Kemelaratan,ممنوع کردن غذای قانونی باعث محرومیت می‌شود,அனுமதிக்கப்பட்ட உணவுகளைத் தடைசெய்து கொள்வது அவை பறிக்கப்படக் காரணமாகின்றது,Förbud mot laglig mat leder till berövande,Запрет законной пищи приводит к лишениям,আইনসঙ্গত খাদ্য নিষিদ্ধ করলে বঞ্ছনা সৃষ্টি হয়।,Prohibir alimentos lícitos conlleva privación,حلال غذا پر پابندی لگانا تنگدستی لاتا ہے۔
2028,16:115,Only Four Foods Prohibited,16,115,Sadece Dört Yiyecek Haram Kılınmıştır,Seulement quatre aliments interdits,Nur vier verbotene Lebensmittel,Hanya Empat Makanan Dilarang,تنها چهار غذا ممنوع است,நான்கு உணவுகள் மட்டுமே தடைசெய்யப்பட்டவை,Endast fyra livsmedel förbjudna,Запрещены только четыре продукта,শুধুমাত্র চারটি খাবার নিষিদ্ধ,Sólo cuatro alimentos prohibidos,صرف چار غذائیں ممنوع ہیں
2033,16:120,Abraham,16,120,İbrahim,Abraham,Abraham,Abraham,ابراهیم,ஆப்ரஹாம்,Abraham,Авраам,আব্রাহাম,Abraham,ابراہیم
2036,16:123,Muhammad: A Follower of Abraham*,16,123,Muhammed: İbrahim'in Bir Takipçisi,Muhammad : Un disciple d'Abraham*,Muhammad: Ein Gefolgsmann Abrahams*,Muhammad: Pengikut Ibrahim*,محمد: پیرو ابراهیم*,முஹம்மத்: ஆப்ரஹாமைப் பின்பற்றிய ஒருவர்*,Muhammed: En efterföljare till Abraham*,Мухаммад: Последователь Авраама*,মুহাম্মদ: ইব্রাহিমের একজন অনুসারী*,Mahoma: Un seguidor de Abraham*,محمد: ابراہیم کا پیروکار*
2037,16:124,The Sabbath Abrogated,16,124,Şabat Günü Yürürlükten Kaldırıldı,L'abrogation du sabbat,Der abgeschaffte Sabbat,Hari Sabat telah dinasakhkan,شنبه منسوخ شد,ஸப்பாத் ரத்து செய்யப்படுகின்றது,Sabbaten upphävd,Отмена субботы,সাব্বাত বাতিল,Abrogación del sábado,سبت منسوخ ہو چکا ہے
2038,16:125,How to Spread God's Message,16,125,Tanrı'nın Mesajını Nasıl Yaymalı?,Comment diffuser le message de Dieu,Wie man die Botschaft Gottes verbreitet,Cara Menyebarkan Perutusan Tuhan,چگونه پیام خدا را منتشر کنیم,கடவுளின் தூதுச் செய்தியை பரப்புவது எவ்வாறு?,Hur man sprider Guds budskap,Как распространять Божью весть,ঈশ্বরের বাণী কীভাবে ছড়িয়ে দেবেন,Cómo difundir el mensaje de Dios,خدا کا پیغام کیسے پھیلائیں
1933,16:20,The Dead Prophets and Saints,16,20,Ölmüş Peygamberler ve Azizler,Les prophètes et les saints morts,Die toten Propheten und Heiligen,Para Nabi dan Wali yang Mati,پیامبران و قدیسان مرده,மரணித்துவிட்ட நபிமார்களும் மகான்களும்,De döda profeterna och helgonen,Умершие пророки и святые,মৃত নবী ও সন্তগণ,Profetas y santos muertos,مردہ پیغمبر اور اولیاء
1941,16:28,Death for the Disbelievers,16,28,İnkârcılar için Ölüm,La mort pour les mécréants,Tod für die Ungläubigen,Kematian bagi orang-orang kafir,مرگ برای کافران,நம்பமறுப்பவர்களுக்குரிய மரணம்,Död för de icke-troende,Смерть для неверующих,অবিশ্বাসীদের জন্য মৃত্যু,Muerte para los infieles,کافروں کے لیے موت
1943,16:30,The Believers Do Not Really Die*,16,30,İmanlılar Gerçekte Ölmezler,Les croyants ne meurent pas vraiment*,Die Gläubigen sterben nicht wirklich*,Orang-orang yang beriman sebenarnya tidak mati*,مؤمنان در واقع نمی‌میرند*,நம்பிக்கையாளர்கள் உண்மையில் மரணிப்பதில்லை*,De troende dör inte på riktigt*,Верующие на самом деле не умирают*,বিশ্বাসীরা আসলে মারা যায় না*,Los creyentes no mueren realmente*,مومن درحقیقت مرتے نہیں ہیں*
1945,16:32,They Go Straight to Paradise,16,32,Onlar Direkt Cennete Giderler,Ils vont directement au paradis,Sie gehen direkt ins Paradies,Mereka terus ke syurga,آنها مستقیم به بهشت می‌روند,அவர்கள் நேரடியாகச் சுவனம் செல்கின்றனர்,De går raka vägen till paradiset,Они попадают прямо в рай,তারা সরাসরি স্বর্গে চলে যায়,Van directos al paraíso,وہ سیدھے جنت میں جاتے ہیں
1946,16:33,The Disbelievers,16,33,İnkârcılar,Les mécréants,Die Ungläubigen,Orang-orang yang tidak beriman,کافران,நம்பமறுப்பவர்கள்,De icke-troende,Неверующие,অবিশ্বাসীরা,Los incrédulos,کافر
1947,16:34,Famous Excuse,16,34,Ünlü Bahane,Excuses célèbres,Berühmte Ausrede,Alasan Terkenal,بهانه‌ی مشهور,Famous Excuse,Berömd ursäkt,Знаменитое оправдание,বিখ্যাত অজুহাত,Excusa célebre,مشہور بہانہ
1951,16:38,Deep In Their Minds,16,38,Fikirlerine Saplanmışlar,Au plus profond de leur esprit,Tief in ihren Köpfen,Dalam Sanubari Mereka,در اعماق ذهنشان,அவர்களுடைய மனங்களின் அடி ஆழத்தில்,Djupt inne i deras sinnen,В глубине их сознания,তাদের মনের গভীরে,En lo más profundo de sus mentes,ان کے ذہنوں میں گہرا
1953,16:40,To Resurrect the Dead,16,40,Ölüyü Diriltmek,Ressusciter les morts,Tote auferstehen lassen,Untuk Membangkitkan Orang Mati,برای زنده کردن مردگان,மரணித்தவர்களை உயிர்ப்பித்தெழுப்ப,Att återuppväcka de döda,Воскресить мертвого,মৃতদের পুনরুত্থিত করা,Resucitar a los muertos,مردوں کو زندہ کرنے کے لیے
1970,16:57,Bigoted Bias Against Baby Girls,16,57,Kız Bebeklere Karşı Yobaz Ön Yargı,Les préjugés contre les bébés filles,Bigotte Vorurteile gegen kleine Mädchen,Sikap prasangka bermotif kebencian terhadap bayi perempuan,تبعیض متعصبانه علیه دختران نوزاد,பெண் சிசுக்களுக்கெதிரான வெறித்தனமான பாரபட்சம்,Fördomsfulla fördomar mot småflickor,Предвзятое отношение к девочкам,কন্যাশিশুদের বিরুদ্ধে পক্ষপাতমূলক বিদ্বেষ,Prejuicios intolerantes contra las niñas,بچیوں کے خلاف تعصبی جانبداری
1974,16:61,The Original Sin,16,61,İlk Günah,Le péché originel,Die Erbsünde,Dosa Asli,گناه اصلی,ஆதி பாவம்,Den ursprungliga synden,Первородный грех,আদি পাপ,El pecado original,اصلی گناہ
1978,16:65,Additional Proofs From God,16,65,Tanrı'dan İlave Kanıtlar,Des preuves supplémentaires de l'existence de Dieu,Zusätzliche Beweise von Gott,Bukti Tambahan Daripada Tuhan,مدارک اضافی از جانب خدا,கடவுளிடமிருந்து கூடுதல் சான்றுகள்,Ytterligare bevis från Gud,Дополнительные доказательства от Бога,ঈশ্বরের অতিরিক্ত প্রমাণ,Pruebas adicionales de Dios,خدا کی جانب سے اضافی شواہد
1981,16:68,The Bee,16,68,Arı,L'Abeille,Die Biene,Lebah,زنبور,தேனீ,The Bee,Пчела,মৌমাছি,La Abeja,مکھّی
1920,16:7,God's Blessings,16,7,Tanrı'nın Nimetleri,Bénédictions de Dieu,Gottes Segnungen,Berkat Tuhan,برکت‌های خداوند,கடவுளின் ஆசீர்வாதங்கள்,Guds välsignelser,Божьи благословения,ঈশ্বরের আশীর্বাদ,Bendiciones de Dios,خدا کی برکتیں
1984,16:71,No Partners With God,16,71,Tanrı'nın Ortağı Yoktur,Pas de partenaires avec Dieu,Keine Partner mit Gott,Tiada Rakan Dengan Tuhan,با خدا شریک نداشته باش,கடவுளுடன் பங்குதாரர்கள் இல்லை,Ingen partner med Gud,Нет партнеров у Бога,ঈশ্বরের কোনো অংশীদার নেই,Sin socios en Dios,خدا کے ساتھ کوئی شریک نہیں
1986,16:73,Idol Worship: Not Very Intelligent,16,73,Puta Tapmak: Pek Akıllıca Değil,Le culte des idoles : Pas très intelligent,Götzenanbetung: Nicht sehr intelligent,Penyembahan berhala: Tidak sangat bijak,بت‌پرستی: چندان هوشمندانه نیست,போலித்தெய்வ வழிபாடு: மிகவும் புத்தசாலித்தனம் அன்று,Idoldyrkan: Inte särskilt intelligent,Поклонение идолам: Не очень умно,মূর্তি পূজা: খুব বুদ্ধিমানের কাজ নয়,Adoración de ídolos: Poco inteligente,بت پرستی: زیادہ عقلمندی نہیں
1988,16:75,The Rich Believer is Better than the Poor Believer,16,75,Zengin İmanlı Fakir İmanlıdan Daha İyidir,Le croyant riche vaut mieux que le croyant pauvre,Der reiche Gläubige ist besser als der arme Gläubige,Orang Percaya yang Kaya Lebih Baik Daripada Orang Percaya yang Miskin,مؤمن ثروتمند بهتر از مؤمن فقیر است,செல்வந்தரான நம்பிக்கையாளர் ஏழையான நம்பிக்கையாளரை விட சிறந்தவர்,Den rika troende är bättre än den fattiga troende,Богатый верующий лучше бедного,ধনী বিশ্বাসী দরিদ্র বিশ্বাসীর চেয়ে উত্তম।,El creyente rico es mejor que el creyente pobre,امیر مومن غریب مومن سے بہتر ہے
1990,16:77,This Life is Very Short,16,77,Bu Hayat Çok Kısadır,Cette vie est très courte,Das Leben ist sehr kurz,Kehidupan ini sangat singkat,این زندگی بسیار کوتاه است,இந்த வாழ்வு மிகவும் குறுகியது,Detta liv är mycket kort,Эта жизнь очень коротка,এই জীবন খুবই সংক্ষিপ্ত,Esta vida es muy corta,یہ زندگی بہت مختصر ہے
1996,16:83,The Disbelievers Unappreciative,16,83,İnkârcılar Nankördürler,Les incrédules n'apprécient pas,Die Ungläubigen sind undankbar,Orang-orang kafir yang tidak menghargai,کافران قدرنشناس,நம்பமறுப்பவர்கள் நன்றிகெட்டவர்கள்,De icke-troende är inte tacksamma,Неверующие недооценивают,অবিশ্বাসীরা কৃতজ্ঞতাহীন,Los incrédulos desagradecidos,کافر ناشکر
1997,16:84,On The Day of Resurrection,16,84,Diriliş Günü'nde,Le jour de la résurrection,Am Tag der Auferstehung,Pada Hari Kebangkitan,در روز قیامت,உயிர்த்தெழுப்பப்படும் நாள் அன்று,På uppståndelsens dag,В день воскресения,পুনরুত্থানের দিনে,El día de la resurrección,روزِ قیامت
1999,16:86,The Idols Disown Their Idolizers,16,86,Putlar Kendilerine Tapanları Sahiplenmezler,Les idoles désavouent leurs idolâtres,Die Idole verleugnen ihre Götzendiener,Para penyembah menafikan dewa mereka,بت‌ها از پرستندگان خود بیزاری جستند,போலித் தெய்வங்கள் தங்களை வழிபட்டவர்களைக் கைவிட்டு விடுகின்றன,Idolerna förnekar sina idoliserare,Кумиры отрекаются от своих кумиров,প্রতিমাগুলো তাদের পূজারীরা পরিত্যাগ করে,Los ídolos repudian a sus idólatras,مورتوں نے اپنے پوجنیوالوں سے انکار کر دیا
2004,16:91,You Shall Keep Your Word,16,91,Sözünüzü Tutmalısınız,Tu tiendras ta parole,Du sollst dein Wort halten,Engkau akan memelihara firman-Mu,کلامت را نگاه خواهی داشت,உங்கள் வார்த்தைகளை நீங்கள் காக்க வேண்டும்,Du skall hålla ditt ord,Ты будешь держать свое слово,তুমি তোমার বাক্য পালন করবে।,Cumplirás tu palabra,آپ اپنے کلام کی پاسداری کریں گے
2007,16:94,Violating Your Oath: A Serious Offense,16,94,Yeminlerinizi Bozmak: Ciddi Bir Suç,Violation du serment : Une infraction grave,Verletzung des Eides: Ein schwerwiegendes Vergehen,Melanggar Sumpah Anda: Satu Kesalahan yang Serius,نقض سوگند شما: یک تخلف جدی,உங்கள் உறுதிமொழிகளை மீறுதல்: ஓர் ஆபத்தான குற்றம்,Att bryta mot sin ed: Ett allvarligt brott,Нарушение присяги: Серьезное преступление,আপনার শপথ লঙ্ঘন: একটি গুরুতর অপরাধ,Violar su juramento: Un delito grave,آپ کی حلف کی خلاف ورزی: ایک سنگین جرم
2010,16:97,Guaranteed Happiness Now and Forever,16,97,Şimdi ve Sonsuza Dek Garanti Edilmiş Mutluluk,"Le bonheur garanti, aujourd'hui et pour toujours",Garantiertes Glück jetzt und für immer,Kebahagiaan Dijamin Sekarang dan Selamanya,خوشبختی تضمین‌شده، اکنون و برای همیشه,உத்தரவாதமுள்ள மகிழ்ச்சி: இப்பொழுதும் எப்பொழுதும்,Garanterad lycka nu och för alltid,Гарантированное счастье сейчас и навсегда,এখন এবং চিরতরে নিশ্চিত সুখ,Felicidad garantizada ahora y siempre,اب اور ہمیشہ کے لیے خوشی کی ضمانت
2011,16:98,An Important Commandment*,16,98,Önemli Bir Buyruk,Un commandement important*,Ein wichtiges Gebot*,Saboh Perintah Penting*,یک فرمان مهم*,ஒரு முக்கிய கட்டளை*,Ett viktigt budord*,Важная заповедь*,একটি গুরুত্বপূর্ণ আদেশ*,Un mandamiento importante*.,ایک اہم حکم*
2143,17:101,Moses and Pharaoh,17,101,Musa ve Firavun,Moïse et Pharaon,Mose und der Pharao,Musa dan Firaun,موسی و فرعون,மோஸஸும் ஃபேரோவும்,Moses och Farao,Моисей и фараон,মোশে ও ফেরাউন,Moisés y el Faraón,موسیٰ اور فرعون
2147,17:105,The Quran Released Slowly To Facilitate Memorization,17,105,Ezberlemeyi Kolaylaştırmak için Kuran Yavaş Yavaş Bırakıldı,Le Coran est publié lentement pour faciliter sa mémorisation,"Der Koran wird langsam veröffentlicht, um das Auswendiglernen zu erleichtern",Al-Quran diturunkan secara beransur-ansur untuk memudahkan penghafalan.,قرآن به تدریج نازل شد تا حفظ آن آسان‌تر شود.,மனனம் செய்வதை எளிதாக்குவதற்காக குர்ஆன் மெதுவாக வெளிப்படுத்தப்பட்டது,Koranen släpps långsamt för att underlätta memorering,"Коран издается медленно, чтобы облегчить заучивание",কুরআন ধীরে ধীরে অবতীর্ণ করা হয়েছিল যাতে মুখস্থ করা সহজ হয়।,El Corán se publica lentamente para facilitar su memorización,قرآن کو آسانی سے یاد کرنے کے لیے آہستہ آہستہ نازل کیا گیا۔
2152,17:110,Tone of the Contact Prayers (Salat),17,110,İletişim Dualarının (Namaz) Ses Tonu,Ton des prières de contact (Salat),Klang der Kontaktgebete (Salat),Nada Doa Kontak (Salat),لحن نمازهای تماس (صلات),தொடர்புத் தொழுகை (ஸலாத்) களின் தொனி,Tonen i kontaktbönerna (Salat),Тон контактных молитв (салят),সংযোগ প্রার্থনা (সলাত)-এর স্বর,Tono de las oraciones de contacto (Salat),نمازِ تماس (صلات) کا لحن
2055,17:13,The Video Tape*,17,13,Videokaset,La cassette vidéo*,Das Videoband*,Kaset Video*,کاست ویدئویی*,ஒளிநாடா*,Videobandet*,Видеокассета*,ভিডিও টেপ*,La cinta de vídeo,ویڈیو ٹیپ*
2060,17:18,Choose Your Priorities Carefully This Life,17,18,Bu Hayatta Önceliklerini Dikkatle Seç,Choisissez bien vos priorités dans la vie,Wählen Sie Ihre Prioritäten in diesem Leben mit Bedacht,Pilih keutamaan anda dengan berhati-hati dalam hidup ini,در این زندگی، اولویت‌های خود را با دقت انتخاب کنید.,இவ்வுலகில் உங்கள் முன்னுரிமைகளைக் கவனமாகத் தேர்ந்தெடுங்கள்,Välj dina prioriteringar med omsorg i detta liv,Внимательно выбирайте приоритеты в этой жизни,এই জীবনে আপনার অগ্রাধিকারগুলো সাবধানে বেছে নিন,Elige cuidadosamente tus prioridades en esta vida,اس زندگی میں اپنی ترجیحات احتیاط سے منتخب کریں۔
2061,17:19,The Hereafter,17,19,Ahiret,L'au-delà,Das Jenseits,Kehidupan Akhirat,آخرت,மறுவுலகம்,Livet efter detta,Загробный мир,পরকাল,El Más Allá,آخرت
2064,17:22,Major Commandments,17,22,Başlıca Buyruklar,Les grands commandements,Die wichtigsten Gebote,Perintah-perintah Utama,فرمان‌های اصلی,முக்கியக் கட்டளைகள்,De stora budorden,Основные заповеди,প্রধান আদেশসমূহ,Mandamientos principales,اہم احکام
2071,17:29,Stinginess Condemned,17,29,Cimrilik Kınanmıştır,L'avarice condamnée,Geiz ist geil,Kekikiran Dikecam,انکار محکوم شد,கஞ்சத்தனம் கண்டனம் செய்யப்படுகின்றது,Snålhet fördömd,Скупость осуждается,কৃপণতার নিন্দা,Condena de la tacañería,کنجوسی کی مذمت
2073,17:31,Abortion is Murder,17,31,Kürtaj Cinayettir,L'avortement est un meurtre,Abtreibung ist Mord,Aborsi adalah pembunuhan,سقط جنین قتل است,கருக்கலைப்பு கொலையே ஆகும்,Abort är mord,Аборт - это убийство,গর্ভপাত হত্যা,El aborto es un asesinato,اسقاطِ حمل قتل ہے
2078,17:36,Crucial Advice,17,36,Çok Önemli Tavsiye,Conseils cruciaux,Entscheidende Hinweise,Nasihat Penting,نصیحت حیاتی,முக்கியமான உபதேசம்,Viktiga råd,Важнейший совет,গুরুত্বপূর্ণ পরামর্শ,Consejos cruciales,اہم مشورہ
2081,17:39,Quran Is Wisdom,17,39,Kuran Bilgeliktir,Le Coran est une sagesse,Koran ist Weisheit,Al-Quran adalah kebijaksanaan,قرآن حکمت است,குர்ஆன்தான் ஞானம்,Koranen är visdom,Коран - это мудрость,কুরআন জ্ঞান,El Corán es sabiduría,قرآن حکمت ہے
2086,17:44,Everything Glorifies God,17,44,Her Şey Tanrı'yı Yüceltir,Tout glorifie Dieu,Alles zur Verherrlichung Gottes,Segala-galanya memuliakan Tuhan,هر چیز خدا را جلال می‌دهد,ஒவ்வொன்றும் கடவுளைத் துதிக்கின்றது,Allt förhärligar Gud,Все прославляет Бога,সবকিছু ঈশ্বরকে মহিমান্বিত করে,Todo glorifica a Dios,ہر چیز خدا کی تسبیح کرتی ہے
2087,17:45,Disbelievers Cannot Understand Quran,17,45,İnkârcılar Kuran'ı Anlayamazlar,Les incrédules ne peuvent pas comprendre le Coran,Ungläubige können den Koran nicht verstehen,Orang-orang yang kafir tidak dapat memahami al-Quran.,کافران نمی‌توانند قرآن را درک کنند,நம்பமறுப்பவர்கள் குர்ஆனைப் புரிந்து கொள்ள முடியாது,Icke-troende kan inte förstå Koranen,Неверующие не могут понять Коран,অবিশ্বাসীরা কুরআন বুঝতে পারে না,Los incrédulos no entienden el Corán,کافر قرآن کو سمجھ نہیں سکتے
2088,17:46,Quran: The ONLY Source,17,46,Kuran: TEK Kaynak,Le Coran : L'UNIQUE source,Koran: Die EINZIGE Quelle,Al-Quran: Satu-satunya Sumber,قرآن: تنها منبع,குர்ஆன்: ஒரே மார்க்க ஆதாரம்,Koranen: Den ENDA källan,Коран: Единственный источник,কুরআন: একমাত্র উৎস,Corán: La ÚNICA Fuente,قرآن: واحد ماخذ
2095,17:53,Treat Each Other Amicably,17,53,Birbirinize Dostça Davranın,Traiter les autres de manière amicale,Behandeln Sie einander freundschaftlich,Bersikap mesra antara satu sama lain,با یکدیگر مهربان باشید,ஒருவரை ஒருவர் இணக்கத்துடன் நடத்திக் கொள்ளுங்கள்,Behandla varandra vänskapligt,Относитесь друг к другу дружелюбно,পরস্পরের সাথে সৌহার্দ্যপূর্ণ আচরণ করুন,Tratarse amistosamente,ایک دوسرے کے ساتھ خوش طبعیت سے پیش آئیں
2099,17:57,The Righteous Idols Worship God Alone,17,57,Doğruluk Üzere Olan Putlar Yalnızca Tanrı'ya Taparlar,Les idoles justes adorent Dieu seul,Die gerechten Götzen beten Gott allein an,Berhala-berhala yang benar menyembah Tuhan sahaja,بت‌های صالح تنها خدا را می‌پرستند,போலித் தெய்வங்களாக்கப்பட்ட நல்லோர்கள் கடவுளை மட்டுமே வழிபடுகின்றனர்,De rättfärdiga idolerna dyrkar Gud ensam,Праведные идолы поклоняются только Богу,ন্যায়পরায়ণ মূর্তিগুলো একমাত্র ঈশ্বরকে উপাসনা করে।,Los Ídolos Justos Adoran Sólo a Dios,نیک بت صرف خدا کی عبادت کرتے ہیں۔
2101,17:59,Old Kind of Miracles Made Obsolete,17,59,Modası Geçmiş Eski Tür Mucizeler,L'ancien type de miracles devenu obsolète,Die alte Art von Wundern wird überflüssig,Jenis Keajaiban Lama Menjadi Kuno,معجزه‌های قدیمی که منسوخ شده‌اند,பழைய வகையான அற்புதங்கள் வழக்கொழிந்ததாக ஆக்கப்பட்டுவிட்டன,Den gamla sortens mirakel har blivit överflödiga,Старые виды чудес устарели,পুরনো ধরনের অলৌকিক ঘটনা অকার্যকর হয়ে গেছে,Los viejos milagros han quedado obsoletos,پرانے قسم کے معجزے منسوخ ہو گئے
2103,17:61,Satan Dupes the People,17,61,Şeytan İnsanları Aldatır,Satan trompe le peuple,Satan täuscht die Menschen,Satan Menipu Rakyat,شیطان مردم را فریب می‌دهد,சாத்தான் மனிதர்களை ஏய்க்கின்றான்,Satan lurar folket,Сатана обманывает людей,শয়তান মানুষকে প্রতারিত করে,Satanás engaña al pueblo,شیطان لوگوں کو دھوکہ دیتا ہے
2109,17:67,Bad Weather Friends,17,67,Kötü Gün Dostları,Amis du mauvais temps,Bad Weather Friends,Teman Cuaca Buruk,دوستان هوای بد,கஷ்ட காலத்தில் நண்பர்கள்,Vänner i dåligt väder,Друзья по плохой погоде,খারাপ আবহাওয়ার বন্ধুরা,Amigos del mal tiempo,خراب موسم کے دوست
2115,17:73,God Strengthens the Messenger,17,73,Tanrı Elçisini Sağlamlaştırır,Dieu renforce le messager,Gott stärkt den Boten,Tuhan memperkuat utusan,خدا پیامبر را تقویت می‌کند,கடவுள் தூதரை பலப்படுத்துகின்றார்,Gud stärker budbäraren,Бог укрепляет посланника,ঈশ্বর বার্তাবাহককে শক্তিশালী করেন,Dios fortalece al mensajero,خدا پیغامبر کو مضبوط کرتا ہے
2120,17:78,The Noon Prayer,17,78,Öğlen Namazı,La prière de midi,Das Mittagsgebet,Solat Tengah Hari,نماز ظهر,நண்பகல் தொழுகை,Middagsbönen,Полуденная молитва,মধ্যাহ্ন প্রার্থনা,La oración del mediodía,دوپہر کی نماز
2121,17:79,Meditation,17,79,Meditasyon,Méditation,Meditation,Meditasi,مدیتیشن,தியானம்,Meditation,Медитация,ধ্যান,Meditación,مراقبہ
2124,17:82,Healing and Mercy,17,82,Şifa ve Rahmet,Guérison et miséricorde,Heilung und Barmherzigkeit,Penyembuhan dan Belas Kasihan,شفا و رحمت,நிவாரணமும் கருணையும்,Läkning och barmhärtighet,Исцеление и милосердие,আরোগ্য ও দয়া,Curación y misericordia,شفا اور رحم
2127,17:85,Divine Revelation: The Source of All Knowledge,17,85,İlahi Vahiy: Tüm Bilginin Kaynağı,Révélation divine : La source de toute connaissance,Göttliche Offenbarung: Die Quelle allen Wissens,Wahyu Ilahi: Sumber Segala Pengetahuan,وحی الهی: منبع همه دانش,இறைவெளிப்பாடு: அனைத்து அறிவின் மூலாதாரம்,Gudomlig uppenbarelse: Källan till all kunskap,Божественное откровение: Источник всех знаний,দৈব প্রকাশ: সমস্ত জ্ঞানের উৎস,La Revelación Divina: La fuente de todo conocimiento,الٰہی وحی: تمام علم کا ماخذ
2130,17:88,Mathematical Composition of the Quran,17,88,Kuran'ın Matematiksel Kompozisyonu,Composition mathématique du Coran,Mathematische Komposition des Korans,Komposisi Matematik Al-Quran,ترکیب ریاضی قرآن,குர் ஆனுடைய கணிதக் கட்டமைப்பு,Matematisk sammansättning av Koranen,Математическая композиция Корана,কুরআনের গাণিতিক রচনা,Composición matemática del Corán,قرآن کی ریاضیاتی ترکیب
2051,17:9,Quran: Our Means to Salvation,17,9,Kuran: Kurtuluş Aracımız,Le Coran : Notre moyen de salut,Koran: Unser Mittel zur Erlösung,Al-Quran: Wasilah Kita ke Penyelamatan,قرآن: وسیله‌ی نجات ما,குர்ஆன்: மீட்சிக்குரிய நமது உபாயம்,Koranen: Vårt medel till frälsning,Коран: Средство спасения,কুরআন: আমাদের মুক্তির উপায়,El Corán: Nuestro medio de salvación,قرآن: ہماری نجات کا ذریعہ
2132,17:90,God's Messengers Challenged,17,90,Tanrı'nın Elçilerine Meydan Okundu,Les messagers de Dieu mis au défi,Gottes Boten herausgefordert,Utusan-utusan Tuhan Dicabar,پیامبران خدا به چالش کشیده شدند,கடவுளின் தூதர்கள் சவால் விடப்படுகின்றனர்,Guds budbärare utmanas,Божьи посланники бросают вызов,ঈশ্বরের দূতদের চ্যালেঞ্জ,Los mensajeros de Dios desafiados,خدا کے پیغامبر چیلنج
2136,17:94,Messengership: An Essential Test,17,94,Elçilik: Temel Bir Test,La messagerie : Un test essentiel,Messengership: Ein wichtiger Test,Kebangsaan Pemesej: Ujian Penting,مسئولیت‌پذیری: یک آزمون ضروری,தூதுத்துவம்: ஓர் அடிப்படையான சோதனை,Budbärarskap: Ett viktigt test,Мессенджерство: Важнейший тест,বার্তাবাহকত্ব: একটি অপরিহার্য পরীক্ষা,Mensajería: Una prueba esencial,پیغام‌رسانی: ایک ضروری امتحان
2138,17:96,God Is My Witness,17,96,Tanrı Benim Şahidimdir,Dieu est mon témoin,Gott ist mein Zeuge,Tuhan adalah saksi saya,خدا شاهد من است,கடவுள்தான் எனது சாட்சி,Gud är mitt vittne,Бог - мой свидетель,ঈশ্বর আমার সাক্ষী,Dios es mi testigo,خدا میرا گواہ ہے
2140,17:98,Their Innermost Thoughts,17,98,Onların En İçteki Düşünceleri,Leurs pensées intimes,Ihre innersten Gedanken,Pemikiran Paling Dalam Mereka,درونی‌ترین افکارشان,அவர்களுடைய உள்ளார்ந்த எண்ணங்கள்,Deras innersta tankar,Их сокровенные мысли,তাদের অন্তরের ভাবনা,Sus pensamientos más íntimos,ان کے گہرے ترین خیالات
2257,18:103,Examine Yourself,18,103,Kendinizi Gözden Geçirin,Examinez-vous,Untersuchen Sie sich selbst,Periksa Diri Anda,خودتان را بیازمایید,உங்களையே பரிசோதித்துக் கொள்ளுங்கள்,Undersök dig själv,Изучите себя,নিজেকে পরীক্ষা করুন,Examínese,اپنے آپ کا جائزہ لیں
2263,18:109,The Quran: Everything We Need,18,109,Kuran: İhtiyacımız Olan Her Şey,Le Coran : Tout ce dont nous avons besoin,"Der Koran: Alles, was wir brauchen",Al-Quran: Segala yang Kita Perlukan,قرآن: هر آنچه نیاز داریم,குர்ஆன்: நமக்குத் தேவையான அனைத்தும்,Koranen: Allt vi behöver,"Коран: Все, что нам нужно",কুরআন: আমাদের যা কিছু প্রয়োজন,El Corán: Todo lo que necesitamos,قرآن: ہر وہ چیز جو ہمیں درکار ہے
2170,18:16,The Seven Sleepers of Ephesus*,18,16,Efes'in Yedi Uyuyanları,Les sept dormeurs d'Éphèse*,Die sieben Schläfer von Ephesus*,Tujuh Pemimpi Ephesus*,هفت خفتهٔ افسوس*,எஃபிஸஸில் உறங்கிய எழுவர்*,De sju sömngångarna i Efesos*,Семь спящих в Эфесе*,এফেসাসের সাত ঘুমন্ত*,Los siete durmientes de Éfeso,ایفیس کے سات شپھرے*
2171,18:17,A Guiding Teacher is a Prerequisite,18,17,Bir Rehber Öğretmen bir Ön-Şarttır,Un enseignant guide est une condition préalable,Eine leitende Lehrkraft ist eine Voraussetzung,Guru Pembimbing adalah prasyarat,معلم راهنما یک پیش‌نیاز است,வழிகாட்டும் ஓர் ஆசிரியர் அத்தியாவசியம் ஆகிறார்,En vägledande lärare är en förutsättning,Наличие учителя-руководителя - обязательное условие,একজন পথপ্রদর্শক শিক্ষক অপরিহার্য।,Un profesor guía es un requisito previo,ایک رہنما استاد لازمی شرط ہے۔
2175,18:21,Connection With the End of the World*,18,21,Dünya'nın Sonu İle Bağlantı,Lien avec la fin du monde*,Verbindung mit dem Ende der Welt*,Hubungan Dengan Akhir Dunia*,ارتباط با پایان جهان*,உலக முடிவுடனான தொடர்பு*,Samband med världens undergång*,Связь с концом света*,বিশ্বের শেষের সাথে সংযোগ*,Conexión con el fin del mundo*,دنیا کے خاتمے کے ساتھ تعلق*
2177,18:23,Remembering God Every Chance We Get,18,23,Her Fırst Bulduğumuzda Tanrı'yı Hatırlamak,Se souvenir de Dieu chaque fois que l'occasion se présente,Bei jeder sich bietenden Gelegenheit an Gott denken,Mengingat Tuhan pada setiap kesempatan yang kita peroleh,به یاد خدا بودن در هر فرصتی,நமக்குக் கிடைக்கும் ஒவ்வொரு சந்தர்ப்பத்திலும் கடவுளை நினைவு கூர்தல்,Att minnas Gud varje gång vi får chansen,Вспоминать о Боге при каждом удобном случае,প্রত্যেক সুযোগেই ঈশ্বরকে স্মরণ করা,Recordar a Dios cada vez que podemos,ہر موقع پر خدا کو یاد کرنا
2179,18:25,(300 + 9)*,18,25,300 + 9,(300 + 9)*,(300 + 9)*,(300 + 9)*,(۳۰۰ + ۹)*,(300+9)*,(300 + 9)*,(300 + 9)*,(৩০০ + ৯)*,(300 + 9)*,(300 + 9)*
2182,18:28,Quranic Study Groups,18,28,Kuran Çalışma Grupları,Groupes d'étude du Coran,Koran-Studiengruppen,Kumpulan Kajian Al-Quran,گروه‌های مطالعات قرآنی,குர்ஆனைப் பயிலும் குழுக்கள்,Studiegrupper för Koranen,Группы по изучению Корана,কুরআনী অধ্যয়ন গোষ্ঠীসমূহ,Grupos de estudio del Corán,قرآنی مطالعاتی گروپس
2183,18:29,Absolute Freedom of Religion,18,29,Mutlak Din Özgürlüğü,Liberté absolue de religion,Absolute Religionsfreiheit,Kebebasan Mutlak Beragama,آزادی مطلق دین,பரிபூரணமான மார்க்கச் சுதந்திரம்,Absolut religionsfrihet,Абсолютная свобода вероисповедания,ধর্মের সম্পূর্ণ স্বাধীনতা,Libertad religiosa absoluta,مطلق مذہبی آزادی
2186,18:32,Property as an Idol*,18,32,Bir Put Olarak Mal-Mülk,La propriété comme idole*,Eigentum als Idol*,Harta sebagai berhala,مالکیت به مثابه بت*,சொத்து ஓரு போலித் தெய்வமாக*,Fastigheten som förebild*,Собственность как идол*,সম্পত্তি একটি মূর্তিরূপে,La propiedad como ídolo,جائیداد بطور بت
2193,18:39,Important Commandment,18,39,Önemli Buyruk,Un commandement important,Wichtiges Gebot,Perintah Penting,فرمان مهم,முக்கியமான கட்டளை,Viktigt budord,Важная заповедь,গুরুত্বপূর্ণ আদেশ,Mandamiento importante,اہم حکم
2200,18:46,Rearranging Our Priorities,18,46,Önceliklerimizi Yeniden Düzenlemek,Réorganiser nos priorités,Neuordnung unserer Prioritäten,Mengatur semula keutamaan kita,بازتنظیم اولویت‌های ما,நமது முன்னுரிமைகளைச் சரிவர மாற்றி அமைத்தல்,Omläggning av våra prioriteringar,Изменение наших приоритетов,আমাদের অগ্রাধিকারের পুনর্বিন্যাস,Reorganizar nuestras prioridades,اپنی ترجیحات کا ازسرنو ترتیب دینا
2204,18:50,Classification of God's Creatures,18,50,Tanrı'nın Yarattığı Varlıkların Sınıflandırılması,Classification des créatures de Dieu,Klassifizierung der Geschöpfe Gottes,Klasifikasi Makhluk-makhluk Tuhan,طبقه‌بندی مخلوقات خدا,கடவுளின் படைப்பினங்கள் வகைப்படுத்தப்படுதல்,Klassificering av Guds skapelser,Классификация Божьих существ,ঈশ্বরের সৃষ্টির শ্রেণীবিন্যাস,Clasificación de las criaturas de Dios,خدا کی مخلوقات کی درجہ بندی
2208,18:54,Disbelievers Refuse to Accept the Completeness of the Quran,18,54,İnkârcılar Kuran'ın Tam Oluşunu Kabul Etmeyi Reddederler,Les incrédules refusent d'accepter l'intégralité du Coran,"Ungläubige weigern sich, die Vollständigkeit des Korans zu akzeptieren",Orang-orang kafir enggan menerima kesempurnaan al-Quran,کافران از پذیرش کمال قرآن امتناع می‌کنند,நம்பமறுப்பவர்கள் குர்ஆனின் பூரணத் தன்மையை ஏற்றுக்கொள்ள மறுக்கின்றனர்,Icke-troende vägrar att acceptera Koranens fullständighet,Неверующие отказываются признавать полноту Корана,অবিশ্বাসীরা কুরআনের পরিপূর্ণতা মেনে নিতে অস্বীকার করে।,Los incrédulos se niegan a aceptar la integridad del Corán,کافر قرآن کی تکمیل کو قبول کرنے سے انکار کرتے ہیں۔
2211,18:57,Divine Intervention,18,57,İlahi Müdahale,Intervention divine,Göttliches Eingreifen,Campur Tangan Ilahi,مداخله الهی,தெய்வீகத் தலையீடு,Gudomlig intervention,Божественное вмешательство,দৈব হস্তক্ষেপ,Intervención divina,الہی مداخلت
2214,18:60,Valuable Lessons from Moses and His Teacher,18,60,Musa ve Öğretmeninden Değerli Dersler,De précieuses leçons tirées de Moïse et de son maître,Wertvolle Lektionen von Moses und seinem Lehrer,Pengajaran Berharga daripada Musa dan Gurunya,درس‌های ارزشمند از موسی و استادش,மோஸஸ் மற்றும் அவருடைய குருவிடமிருந்து மதிப்பு வாய்ந்த படிப்பினைகள்,Värdefulla lärdomar från Moses och hans lärare,Ценные уроки Моисея и его учителя,মোশি ও তাঁর শিক্ষকের মূল্যবান শিক্ষা,Valiosas lecciones de Moisés y su maestro,موسیٰ اور ان کے استاد سے قیمتی اسباق
2161,18:7,The End of the World*,18,7,Dünya'nın Sonu,La fin du monde*,Das Ende der Welt*,Akhir Dunia*,پایان دنیا*,உலக முடிவு,Världens undergång*,Конец света*,বিশ্বের শেষ*,El fin del mundo,دنیا کا خاتمہ*
2232,18:78,There is a Good Reason for Everything,18,78,Her Şey İçin İyi Bir Sebep Var,Il y a une bonne raison à tout,Es gibt für alles einen guten Grund,Ada sebab yang baik untuk segala-galanya.,برای هر چیزی یک دلیل خوب وجود دارد,ஒவ்வொன்றுக்கும் ஒரு தக்க காரணம் உள்ளது,Det finns en god anledning till allt,Для всего есть веская причина,প্রত্যেককিছুরই একটি ভাল কারণ আছে।,Hay una buena razón para todo,ہر چیز کی ایک اچھی وجہ ہوتی ہے۔
2237,18:83,Zul-Qarnain: The One With the Two Horns or Two Generations,18,83,Zu'l-Karneyn: İki Boynuzu veya İki Nesli Olan,Zul-Qarnain : Celui qui a deux cornes ou deux générations,Zul-Qarnain: Der mit den zwei Hörnern oder Zwei Generationen,Zul-Qarnain: Yang Mempunyai Dua Tandan atau Dua Generasi,ذوالقرنین: کسی که دو شاخ یا دو نسل دارد,ஜுல்-கர்னைன்: இரு கொம்புகள் அல்லது இரு தலைமுறைகளை உடையவர்,Zul-Qarnain: Den med de två hornen eller Två generationer,"Зуль-Карнайн: Тот, у кого два рога, или Два поколения",জুলকারনাইন: দুই শিং বা দুই প্রজন্মের অধিকারী,Zul-Qarnain: El de los dos cuernos o Dos generaciones,ذوالقرنین: دو سینگوں والا یا دو نسلوں والا
2163,18:9,The Dwellers of the Cave,18,9,Mağara Sakinleri,Les habitants de la grotte,Die Bewohner der Höhle,Para penghuni gua,ساکنان غار,குகை வாசிகள்,Invånarna i grottan,Обитатели пещеры,গুহার বাসিন্দারা,Los habitantes de la cueva,غار کے باشندے
2248,18:94,Gog and Magog*,18,94,Yecüc ve Mecüc,Gog et Magog*,Gog und Magog*,Gog dan Magog,یأجوج و مأجوج*,காக் மற்றும் மேகாக்*,Gog och Magog*,Гог и Магог*,গগ ও মাগোগ,Gog y Magog*,یأجوج ماجوج*
2281,19:16,Mary,19,16,Meryem,Marie,Maria,Mary,مری,மேரி,Mary,Мэри,মেরি,Mary,مریم
2267,19:2,Zachariah,19,2,Zekeriya,Zacharie,Zacharias,Zachariah,زکریا,ஜகரிய்யா,Zachariah,Захария,জাকারিয়া,Zachariah,زکریا
2287,19:22,The Birth of Jesus,19,22,İsa'nın Doğuşu,La naissance de Jésus,Die Geburt von Jesus,Kelahiran Yesus,تولد عیسی,ஜீஸஸின் தோற்றம்,Jesu födelse,Рождение Иисуса,যিশুর জন্ম,El nacimiento de Jesús,حضرت عیسیٰ کی ولادت
2294,19:29,The Infant Makes a Statement,19,29,Bebek Bir Açıklama Yapıyor,Le nourrisson fait une déclaration,Das Kleinkind gibt ein Statement ab,Bayi Membuat Kenyataan,نوزاد بیانیه‌ای صادر می‌کند,அந்தச் சிசு ஒரு வாக்குமூலம் அளிக்கின்றது,Spädbarnet gör ett uttalande,Младенец заявляет о себе,শিশুটি একটি বিবৃতি দেয়,El bebé se hace notar,بچہ ایک بیان دیتا ہے
2299,19:34,The Proven Truth,19,34,Kanıtlanmış Gerçek,La vérité prouvée,Die bewiesene Wahrheit,Kebenaran Terbukti,حقیقت اثبات‌شده,நிரூபிக்கப்பட்ட சத்தியம்,Den bevisade sanningen,Доказанная правда,প্রমাণিত সত্য,La verdad probada,ثابت شدہ سچ
2306,19:41,Abraham,19,41,İbrahim,Abraham,Abraham,Abraham,ابراهیم,ஆப்ரஹாம்,Abraham,Авраам,আব্রাহাম,Abraham,ابراہیم
2316,19:51,Moses,19,51,Musa,Moïse,Moses,Musa,موسی,மோஸஸ்,Moses,Мозес,মোশে,Moisés,موسیٰ
2324,19:59,Losing the Contact Prayers (Salat),19,59,İletişim Dualarını (Namaz) Kaybetmek,Perdre les prières de contact (Salat),Der Verlust des Kontaktgebets (Salat),Kehilangan Solat Kontak,از دست دادن نمازهای قضا,(ஸலாத்) தொடர்புத் தொழுகைகளைத் தொலைத்து விடுதல்,Förlorar kontaktbönerna (Salat),Потеря контактной молитвы (Салат),সংযোগ বিচ্ছিন্ন হওয়ার কারণে নামাজ (সলাত) ছুটে যাওয়া,Perder las oraciones de contacto (Salat),کانٹیکٹ پرینگز (سلاٹ) کا ضائع ہونا
2333,19:68,Special Warning to the Leaders,19,68,Önderlere Özel Uyarı,Avertissement spécial aux dirigeants,Besondere Warnung an die Führer,Amaran Khusus kepada Para Pemimpin,هشدار ویژه به رهبران,தலைவர்களுக்கு விசேஷ எச்சரிக்கை,Särskild varning till ledarna,Особое предупреждение лидерам,নেতাদের জন্য বিশেষ সতর্কবার্তা,Advertencia especial a los dirigentes,رہنماؤں کے لیے خصوصی انتباہ
2272,19:7,John,19,7,Yahya,Jean,John,John,جان,ஜான்,John,Джон,জন,John,جان
2336,19:71,Everyone Sees Hell*,19,71,Herkes Cehennemi Görür,Tout le monde voit l'enfer*,Jeder sieht die Hölle*,Semua Orang Melihat Neraka*,همه جهنم را می‌بینند*,ஒவ்வொருவரும் நரகத்தைக் காண்பார்கள்*,Alla ser helvetet*,Все видят ад*,প্রত্যেকেই নরক দেখে*,Todo el mundo ve el infierno*,ہر کوئی جہنم دیکھتا ہے*
2338,19:73,The Majority,19,73,Çoğunluk,La majorité,Die Mehrheit,Kebanyakan,اکثریت,பெரும்பான்மையினர்,Majoriteten,Большинство,সংখ্যাগরিষ্ঠতা,La mayoría,اکثریت
2347,19:82,The Idols Disown Their Worshipers,19,82,Putlar Kendilerine Tapanları Sahiplenmezler,Les idoles renient leurs adorateurs,Die Götzen verleugnen ihre Verehrer,Para berhala menafikan penyembah mereka,بت‌ها از پرستندگان خود انکار می‌کنند,போலித்தெய்வங்கள் தங்களை வழிபட்டவர்களைக் கைவிட்டு விடுகின்றன,Idolerna förskjuter sina tillbedjare,Идолы отрекаются от своих поклонников,মূর্তিগুলো তাদের উপাসকদের অস্বীকার করে,Los ídolos repudian a sus adoradores,مورتوں نے اپنے پوجنیوالوں سے انکار کر دیا
2353,19:88,Gross Blasphemy,19,88,Büyük Küfür,Blasphème grossier,Grobe Blasphemie,Kufur Terang-terangan,کفرگویی آشکار,மிகப்பெரும் இறைநிந்தனை,Grov hädelse,Грубое богохульство,গুরুতর ধর্ম অবমাননা,Blasfemia grave,سنگین توہینِ مذہب
109,2:101,Disregarding God's Scripture,2,101,Tanrı'nın Kutsal Yazılarını Umursamamak,Ne pas tenir compte de l'Écriture de Dieu,Missachtung von Gottes Schrift,Mengabaikan Kitab Suci Tuhan,نادیده گرفتن کتاب مقدس خدا,கடவுளின் வேதத்தை அலட்சியம் செய்தல்,Att bortse från Guds heliga skrift,Пренебрежение Божьим Писанием,ঈশ্বরের শাস্ত্র উপেক্ষা করা,Desatender la Escritura de Dios,خدا کی کتاب کو نظر انداز کرنا
110,2:102,Witchcraft Condemned,2,102,Büyücülük Kınandı,La sorcellerie condamnée,Verurteilung der Hexerei,Sihir Ditolak,جادوگری محکوم شد,சூனியக்கலை கண்டனம் செய்யப்படுகின்றது,Häxkonst fördömd,Колдовство осуждено,জাদুটোনা নিন্দিত,Condenada la brujería,جادو ٹونے کی مذمت
112,2:104,Twisting the Words of Supplication,2,104,Yakarış Sözlerini Eğip Bükmek,Déformer les mots de la supplication,Die Verdrehung der Worte des Flehens,Memutarbelitkan Doa Permohonan,تحریف کلمات دعا,வேண்டுதலின் வார்த்தைகளைத்திரித்துக் கூறுதல்,Att vrida på bönens ord,Искажение слов прошения,অনুরোধের বাক্যগুলোকে বিকৃত করা,Retorcer las palabras de súplica,دعا کے الفاظ میں تحریف
113,2:105,Jealousy Condemned,2,105,Kıskançlık Kınandı,La jalousie condamnée,Eifersucht verurteilt,Kecemburuan Ditolak,محکومیت حسادت,பொறாமை கண்டனம் செய்யப்படுகின்றது,Avundsjuka fördöms,Ревность осуждена,ইর্ষা নিন্দিত,Celos condenados,حسد کی مذمت
114,2:106,The Ultimate Miracle: The Quran's Mathematical Code*,2,106,Nihai Mucize: Kur'an'ın Matematiksel Kodu,L'ultime miracle : le code mathématique du Coran* (en anglais),Das ultimative Wunder: Der mathematische Code des Korans*,Mukjizat Terhebat: Kod Matematik Al-Quran*,معجزه نهایی: کد ریاضی قرآن*,உச்சபட்ச அற்புதம் : குர்ஆனின் கணிதக் குறியீடு*,Det ultimata miraklet: Koranens matematiska kod*,Высшее чудо: математический код Корана*,সর্বোচ্চ অলৌকিক: কুরআনের গাণিতিক কোড*,El milagro supremo: el código matemático del Corán*.,حتمی معجزہ: قرآن کا ریاضیاتی کوڈ*
119,2:111,"All Believers Are Redeemed, Regardless of the Name of Their Religion",2,111,Dinlerinin İsmi Ne Olursa Olsun Tüm İmanlılar Günahlarından Kurtarılır,"Tous les croyants sont rachetés, quel que soit le nom de leur religion","Alle Gläubigen sind erlöst, ungeachtet des Namens ihrer Religion","Semua orang percaya ditebus, tanpa mengira nama agama mereka.",تمام مؤمنان نجات یافته‌اند، صرف‌نظر از نام دینشان,"அவர்களுடைய மார்க்கத்தின் பெயரைப் பொருட்படுத்தாது, நம்பிக்கையாளர்கள் அனைவரும் மீட்டுக் கொள்ளப்படுகின்றனர்","Alla troende är frälsta, oavsett vilken religion de tillhör","Все верующие искуплены, независимо от названия их религии","সকল বিশ্বাসী মুক্তিপ্রাপ্ত, তাদের ধর্মের নাম যাই হোক।","Todos los creyentes son redimidos, independientemente del nombre de su religión",تمام ایمان لانے والے نجات پاتے ہیں، چاہے ان کے مذہب کا نام کچھ بھی ہو۔
120,2:112,Submission: The Only Religion,2,112,Teslimiyet: Tek Din,La soumission : La seule religion,Unterwerfung: Die einzige Religion,Penghantaran: Satu-satunya Agama,ارسال: تنها دین,சரணடைதல்: ஒரே மார்க்கம்,Underkastelse: Den enda religionen,Покорность: Единственная религия,সমর্পণ: একমাত্র ধর্ম,La sumisión: La única religión,جمع کرائی گئی: واحد مذہب
122,2:114,You Shall Frequent the Masjid,2,114,Mescitlere  Sık Sık Gidin,Vous fréquenterez le Masjid,Du sollst in die Masjid gehen,Kamu hendaklah kerap ke masjid,در مسجد رفت‌وآمد کنید,நீங்கள் பள்ளிவாசலுக்கு அடிக்கடி செல்ல வேண்டும்,Du skall besöka masjid,Вы должны часто посещать Масджид,তুমি মসজিদে নিয়মিত উপস্থিত থাকবে।,Frecuentarás la mezquita,تم مسجد کی باقاعدگی سے حاضری دو گے
124,2:116,Gross Blasphemy,2,116,Büyük Küfür,Blasphème grossier,Grobe Blasphemie,Kufur Terang-terangan,کفرگویی آشکار,மாபெரும் இறைநிந்தனை,Grov hädelse,Грубое богохульство,গুরুতর ধর্ম অবমাননা,Blasfemia grave,سنگین توہینِ مذہب
132,2:124,Abraham,2,124,İbrahim,Abraham,Abraham,Abraham,ابراهیم,ஆப்ரஹாம்,Abraham,Авраам,আব্রাহাম,Abraham,ابراہیم
135,2:127,Abraham Delivered All the Practices of Submission,2,127,Teslimiyet'in (İslam'ın) Tüm Pratiklerini İbrahim İletti,Abraham a délivré toutes les pratiques de soumission,Abraham übergab alle Praktiken der Unterwerfung,Abraham melaksanakan semua amalan ketaatan,ابراهیم همه آداب تسلیم را به جا آورد,சரணடைதலின் (இஸ்லாம்) வழிபாட்டு முறைகள் அனைத்தையும் ஆப்ரஹாம் சேர்ப்பித்தார்,Abraham uppfyllde alla krav på underkastelse,Авраам передал все практики подчинения,আব্রাহিম আনুগত্যের সমস্ত অনুশীলন পালন করেছিলেন।,Abraham Entregó Todas las Prácticas de Sumisión,ابراہیم نے اطاعت کے تمام اعمال ادا کیے۔
143,2:135,Submission: Abraham's Religion*,2,135,Teslimiyet (İslam): İbrahim'in Dini,Soumission : La religion d'Abraham*,Unterwerfung: Die Religion Abrahams*,Penghantaran: Agama Abraham*,تسلیم: دین ابراهیم*,சரணடைதல் (இஸ்லாம்): ஆப்ரஹாமின் மார்க்கம் *,Underkastelse: Abrahams religion*,Представление: Религия Авраама*,সমর্পণ: আব্রাহামের ধর্ম*,Sumisión: La religión de Abraham*,جمع کرایا گیا: ابراہیم کا دین*
144,2:136,No Distinction Among God's Messengers,2,136,Tanrı'nın Elçileri Arasında Ayrım Yok,Aucune distinction entre les messagers de Dieu,Keine Unterscheidung zwischen Gottes Gesandten,Tiada Perbezaan Antara Utusan-utusan Allah,تفاوتی میان پیامبران خدا نیست,கடவுளின் தூதர்களுக்கிடையில்பாகுபாடு இல்லை,Ingen åtskillnad mellan Guds budbärare,Нет различий между посланниками Божьими,আল্লাহর প্রেরিতদের মধ্যে কোনো পার্থক্য নেই,No hay distinción entre los mensajeros de Dios,اللہ کے پیغمبروں میں کوئی امتیاز نہیں
150,2:142,Abolition of Bigotry and Prejudice*,2,142,Bağnazlık ve Önyargıya Son Verilmesi,Abolition de la bigoterie et des préjugés*.,Abschaffung von Bigotterie und Vorurteilen*,Penghapusan Kebencian dan Prasangka,نابودی تعصب و پیش‌داوری*,கொள்கை வெறி மற்றும் தப்பபிப்பிராயம் ஆகியவை முடிவு கட்டப்படுதல் *,Avskaffande av trångsynthet och fördomar*,Отмена фанатизма и предрассудков*,অসহিষ্ণুতা ও পক্ষপাতের উচ্ছেদ*,Abolición de la intolerancia y los prejuicios*.,تعصب اور جانب داری کا خاتمہ*
152,2:144,Qiblah Restored to Mecca,2,144,Kıble Mekke'ye Geri Çevrildi,La Qiblah rétablie à la Mecque,Qiblah in Mekka wiederhergestellt,Qiblat dipulihkan ke Makkah,قبله به مکه بازگردانده شد,கிப்லா மீண்டும் மக்காவிற்குத் திருப்பப்படுகின்றது,Qiblah återställd till Mecka,Кибла восстановлена в Мекке,কিবলা মক্কায় পুনঃস্থাপিত,Restablecimiento de la Qiblah en La Meca,قبله کی بحالی مکہ کی جانب
154,2:146,Abuse of the Scripture: Selective Emphasis and Concealment,2,146,Kutsal Yazıların Suistimal Edilmesi: Seçici Vurgu ve Gizleme,L'abus de l'Écriture : Accentuation et dissimulation sélectives,Missbrauch der Heiligen Schrift: Selektives Hervorheben und Verschweigen,Penggunaan Alkitab secara salah: penekanan terpilih dan penyembunyian,سوءاستفاده از کتاب مقدس: تأکید گزینشی و پنهان‌سازی,வேதத்தைத் துஷ்பிரயோகம் செய்தல்: தேர்ந்தெடுத்த முக்கியத்துவமும் மறைத்தலும்,Missbruk av den heliga skrift: Selektiv betoning och fördöljande,Злоупотребление Писанием: Избирательное подчеркивание и сокрытие,ধর্মগ্রন্থের অপব্যবহার: নির্বাচনী গুরুত্বারোপ ও লুকানো,Abuso de la Escritura: Énfasis selectivo y ocultación,مقدس صحیفے کا غلط استعمال: منتخب زور اور چھپانے
157,2:149,Qiblah Restored to Mecca,2,149,Kıble Mekke'ye Geri Çevrildi,La Qiblah rétablie à la Mecque,Qiblah in Mekka wiederhergestellt,Qiblat dipulihkan ke Makkah,قبله به مکه بازگردانده شد,கிப்லா மீண்டும் மக்காவிற்குத் திருப்பப்படுகின்றது,Qiblah återställd till Mecka,Кибла восстановлена в Мекке,কিবলা মক্কায় পুনঃস্থাপিত,Restablecimiento de la Qiblah en La Meca,قبله کی بحالی مکہ کی جانب
162,2:154,Where Do We Go From Here?,2,154,Buradan Nereye Gidiyoruz?,Quelle est la suite des événements ?,Wie geht es jetzt weiter?,Ke Mana Kita Pergi Dari Sini?,از اینجا به کجا می‌رویم؟,இங்கிருந்து நாம் எங்கே செல்கின்றோம்?,Hur går vi vidare nu?,Куда нам двигаться дальше?,এখান থেকে আমরা কোথায় যাব?,¿Adónde vamos ahora?,اب ہم کہاں جائیں؟
166,2:158,Hajj Pilgrimage,2,158,Kutsal Hac Yolculuğu,Pèlerinage Hajj,Hadsch-Pilgerfahrt,Ziarah Haji,زیارت حج,ஹஜ் புனித யாத்திரை,Hajj Pilgrimsfärd,Паломничество Хадж,হজ্ব তীর্থযাত্রা,Peregrinación al Hayy,حج کی زیارت
167,2:159,Gross Offense,2,159,Büyük Cürüm,Grande offensive,Gross Offense,Kejahatan Kasar,تجاوز کلی,மிகப்பெரும் குற்றம்,Grovt brott,Грубое преступление,মোট অপরাধ,Delito grave,مجموعی حملہ
172,2:164,Overwhelming Signs of God,2,164,Tanrı'nın Karşı Konulmaz İşaretleri,Signes accablants de la présence de Dieu,Überwältigende Zeichen Gottes,Tanda-tanda Tuhan yang Mengagumkan,نشانه‌های آشکار خداوند,கடவுளின் மூழ்கடிக்கின்ற அத்தாட்சிகள்,Överväldigande tecken på Gud,Ошеломляющие Божьи знамения,ঈশ্বরের অপ্রতিরোধ্য নিদর্শনসমূহ,Señales sobrecogedoras de Dios,خدا کی زبردست نشانیاں
173,2:165,The Idols Disown Their Idolizers*,2,165,Putlar Kendilerini Putlaştıranları Sahiplenmezler,Les idoles désavouent leurs idolâtres*,Die Idole verleugnen ihre Anbeter*innen,Para pemuja menafikan dewa mereka,بت‌ها از پرستندگان خود انکار می‌کنند*,போலித் தெய்வங்கள் தங்களை இணைவழிபாடு செய்தவர்களைக் கைவிட்டு விடுகின்றன *,Idolerna förnekar sina idoliserare*,Кумиры отрекаются от своих кумиров*,প্রতিমাগুলো তাদের পূজারীরা পরিত্যাগ করে,Los ídolos repudian a sus idólatras*.,بتوں نے اپنے پرستاروں سے انکار کر دیا*
176,2:168,Satan Prohibits Lawful Things,2,168,Şeytan Helal Şeyleri Haram Kılar,Satan interdit les choses licites,Satan verbietet rechtmäßige Dinge,Satan melarang perkara yang halal,شیطان چیزهای حلال را منع می‌کند,அனுமதிக்கப்பட்ட விஷயங்களைச் சாத்தான் தடை செய்கின்றான்,Satan förbjuder lagliga saker,Сатана запрещает законные вещи,শয়তান বৈধ বিষয়গুলো নিষিদ্ধ করে,Satanás prohíbe las cosas lícitas,شیطان جائز چیزوں کی ممانعت کرتا ہے
178,2:170,Maintaining the Status Quo: A Human Tragedy,2,170,Statükonun Sürdürülmesi: Bir İnsan Trajedisi,Maintenir le statu quo : Une tragédie humaine,Die Aufrechterhaltung des Status Quo: Eine menschliche Tragödie,Menjaga Status Quo: Tragedi Kemanusiaan,حفظ وضع موجود: یک تراژدی انسانی,இருக்கின்ற நிலையைப் பராமரித்தல்:ஒரு மானிட சோகம்,Upprätthållande av status quo: En mänsklig tragedi,Сохранение статус-кво: Человеческая трагедия,বর্তমান অবস্থা বজায় রাখা: একটি মানবিক ট্র্যাজেডি,Mantener el statu quo: Una tragedia humana,موجودہ صورتِ حال کو برقرار رکھنا: ایک انسانی المیہ
180,2:172,Only Four Meats Prohibited*,2,172,Sadece Dört Et Haram Kılınmıştır,Seulement quatre viandes interdites*,Nur vier Fleischsorten sind verboten*,Hanya Empat Jenis Daging Dilarang*,تنها چهار نوع گوشت ممنوع*,நான்கு மாமிச உணவுகள் மட்டுமே தடுக்கப்பட்டுள்ளன *,Endast fyra kötträtter förbjudna*,Запрещено только четыре вида мяса*,শুধুমাত্র চারটি মাংস নিষিদ্ধ*,Sólo cuatro carnes prohibidas*.,صرف چار اقسام کے گوشت ممنوع ہیں*
182,2:174,Corrupted Religious Leaders Conceal the Quran's Miracle*,2,174,Bozulmuş Dini Liderler Kur'an'ın Mucizesini Gizliyorlar,Des chefs religieux corrompus dissimulent le miracle du Coran*,Korrumpierte religiöse Führer verbergen das Wunder des Korans*,Pemimpin Agama yang Busuk Menyembunyikan Mukjizat Al-Quran*,رهبران فاسد مذهبی معجزه قرآن را پنهان می‌کنند*,சீர்கெட்ட மார்க்கத் தலைவர்கள் குர்ஆனின் அற்புதத்தை மறைக்கின்றனர்*,Korrumperade religiösa ledare döljer Koranens mirakel*,Коррумпированные религиозные лидеры скрывают чудо Корана*,দুর্নীতিগ্রস্ত ধর্মীয় নেতারা কুরআনের অলৌকিকতা লুকিয়ে রাখে*,Líderes religiosos corruptos ocultan el milagro del Corán*.,بدعنوان مذہبی رہنما قرآن کے معجزے کو چھپاتے ہیں*
185,2:177,Righteousness Defined,2,177,Doğruluk Tanımlandı,Définition de la droiture,Rechtschaffenheit definiert,Kebenaran Ditakrifkan,تعریف تقوا,நன்னெறி வரையறுக்கப்படுகின்றது,Rättfärdighet definierad,Определение праведности,ধর্মনিষ্ঠতার সংজ্ঞা,Rectitud definida,تقویٰ کی تعریف
186,2:178,Discouraging Capital Punishment*,2,178,İdam Cezasının Caydırılması,Décourager la peine capitale*,Entmutigung der Todesstrafe*,Menghalang Hukuman Mati*,رد مجازات اعدام*,மரண தண்டனை ஊக்கம் குறைக்கப்படுதல்*,Att avråda från dödsstraff*,Отказ от смертной казни*,ফাঁসির শাস্তি নিরুৎসাহিতকরণ*,Desalentar la pena capital,سزائے موت کی حوصلہ شکنی*
188,2:180,Write A Will,2,180,Vasiyet Yazmak,Rédiger un testament,Ein Testament schreiben,Tulis wasiat,وصیت‌نامه بنویسید,உயில் ஒன்றை எழுதுங்கள்,Skriva testamente,Написать завещание,একটি উইল লিখুন,Redactar un testamento,وصیت لکھیں
191,2:183,Fasting Emphasized and Modified*,2,183,Oruç Vurgulandı ve Değiştirildi,Le jeûne souligné et modifié*,Fasten hervorgehoben und modifiziert*,Puasa Ditekankan dan Diubah Suai*,تاکید و اصلاح بر روزه*,நோன்பிருத்தல் வலியுறுத்தப்படுகின்றது மேலும் தளர்த்தப்படுகின்றது *,Fasta betonas och modifieras*,Подчеркнутый и измененный пост*,উপবাসের উপর গুরুত্বারোপ এবং সংশোধন*,El ayuno enfatizado y modificado*.,روزے پر زور اور ترمیم*
194,2:186,"God Answers the Prayers of ""His Servants""",2,186,"Tanrı ""Kullarının"" Dualarını Yanıtlar","Dieu répond aux prières de ses ""serviteurs"".","Gott erhört die Gebete ""seiner Diener""","Tuhan menjawab doa-doa ""hamba-hamba-Nya""",خداوند به دعاهای «بندگانش» پاسخ می‌دهد,தன்னுடைய ஊழியர்களின் பிரார்த்தனை களுக்குக் கடவுள் பதிலளிக்கின்றார்,"Gud besvarar bönerna från ""sina tjänare""","Бог отвечает на молитвы ""Своих слуг""",ঈশ্বর তাঁর দাসদের প্রার্থনায় উত্তর দেন।,"Dios responde a las oraciones de ""sus siervos""",خدا اپنے بندوں کی دعائیں قبول کرتا ہے۔
196,2:188,"Bribery, Corruption Condemned",2,188,"Rüşvet, Yolsuzluk Kınandı",Condamnation de la corruption,Bestechung und Korruption verurteilt,Suapan dan rasuah dikecam,محکومیت رشوه‌خواری و فساد,"இலஞ்சம், ஊழல் கண்டனம் செய்யப்படுகின்றது",Mutor och korruption fördöms,Взяточничество и коррупция осуждаются,ঘুষ ও দুর্নীতির নিন্দা,Condena del soborno y la corrupción,رشوت اور بدعنوانی کی مذمت
197,2:189,Do Not Beat Around the Bush,2,189,Lafı Dolandırmayın,Ne pas tourner autour du pot,Nicht um den heißen Brei herumreden,Jangan berbelit-belit,موضوع را کش نده,சுற்றிவளைத்துப் பேசாதீர்கள்,Slå inte runt busken,Не бить вокруг пальца,বেশি ঘুরিয়ে কথা বলবেন না,No se ande con rodeos,پھیر پھیر کر بات نہ کرو
198,2:190,Rules of War*,2,190,Savaş Kuralları,Les règles de la guerre*,Regeln des Krieges*,Peraturan Perang*,قوانین جنگ*,போரின் விதிமுறைகள்*,Krigets regler*,Правила войны*,যুদ্ধের নিয়মাবলী*,Reglas de la guerra,جنگ کے قواعد*
204,2:196,Hajj and 'Umrah Pilgrimage*,2,196,Kutsal Hac ve 'Umre Yolculuğu',Pèlerinage du Hadj et de la Omra* (en anglais),Hadsch und Umrah-Pilgerreise*,Ziarah Haji dan Umrah*,زیارت حج و عمره*,ஹஜ் மற்றும் உம்ரா புனித யாத்திரை*,Pilgrimsresa till Hajj och 'Umrah*,Паломничество Хадж и Умра*,হজ ও ওমরাহ তীর্থযাত্রা*,Peregrinación al Hayy y a la Umrah*.,حج اور عمرہ کا سفر*
205,2:197,"The Four Months of Hajj (Dhul-Hijjah, Muharram, Safar, & Rabi I)",2,197,"Dört Hac Ayı (Zilhicce, Muharrem, Safer & Rebiülevvel)","Les quatre mois du Hajj (Dhul-Hijjah, Muharram, Safar et Rabi I)","Die vier Monate des Hadsch (Dhul-Hijjah, Muharram, Safar, & Rabi I)","Empat Bulan Haji (Dzulhijjah, Muharram, Safar, & Rabi' I)",چهار ماه حج (ذی‌القعده، ذی‌الحجه، محرم، صفر و ربیع الاول),"ஹஜ்ஜின் நான்கு மாதங்கள் (ஜுல் - ஹிஜ்ஜஹ், முஹர்ரம், ஸஃபர், & ரபியுல் அவ்வல்)","De fyra månaderna av Hajj (Dhul-Hijjah, Muharram, Safar och Rabi I)","Четыре месяца хаджа (дхуль-хиджа, мухаррам, сафар и раби I)","হজের চার মাস (জুলহজ্ব, মুহাররাম, সফর ও রবিউল আউয়াল)","Los cuatro meses del Hayy (Dhul-Hijjah, Muharram, Safar y Rabi I)",حج کے چار مہینے (ذی الحجہ، محرم، صفر، اور ربیع الاول)
28,2:20,The Light of Faith,2,20,İmanın Işığı,La lumière de la foi,Das Licht des Glaubens,Cahaya Iman,نور ایمان,விசுவாசத்தின் ஒளி,Trons ljus,Свет веры,বিশ্বাসের আলো,La luz de la fe,ایمان کی روشنی
211,2:203,Mena: Last Rites of Hajj,2,203,Mina: Haccın Son Ritüelleri,Mena : Derniers rites du Hajj,Mena: Die letzten Riten der Haddsch,Mena: Upacara Penutup Haji,منا: آخرین آیین‌های حج,மினா: ஹஜ்ஜின் இறுதிச் சடங்குகள்,Mena: Hajjs sista riter,Мена: Последние обряды хаджа,মেনা: হজের শেষ বিদায় অনুষ্ঠান,Mena: Últimos ritos del Hayy,مینا: حج کی آخری رسومات
212,2:204,Appearances May Be Deceiving,2,204,Görünüşler Aldatıcı Olabilir,Les apparences peuvent être trompeuses,Der Schein kann trügerisch sein,Penampilan boleh menipu,ظاهر ممکن است فریبنده باشد,தோற்றங்கள் ஏமாற்றுவதாக இருக்கக் கூடும்,Det yttre skenet kan vara bedrägligt,Внешний вид может быть обманчив,দেখতে প্রতারণামূলক হতে পারে,Las apariencias engañan,ظاہری صورتیں فریب دے سکتی ہیں
219,2:211,Miracles Bring Greater Responsibility*,2,211,Mucizeler Beraberinde Büyük Sorumluluk Getirir,Les miracles entraînent une plus grande responsabilité*,Wunder führen zu größerer Verantwortung*,Mukjizat Membawa Tanggungjawab yang Lebih Besar*,معجزات مسئولیت بزرگ‌تری به همراه دارند*,அற்புதங்கள் மிகப்பெரும் பொறுப்பினைக் கொண்டு வருகின்றன*,Mirakel ger större ansvar*,Чудеса приносят большую ответственность*,অলৌকিক ঘটনা আরও বড় দায়িত্ব নিয়ে আসে*,Los milagros conllevan una mayor responsabilidad*.,معجزے بڑی ذمہ داری لیتے ہیں*
220,2:212,Shortsightedness,2,212,İleriyi Görememe,La myopie,Kurzsichtigkeit,Penglihatan dekat,دوربینی,குறுகிய பார்வை,Kortsiktighet,Близорукость,দূরদৃষ্টিহীনতা,Miopía,قصرِ نظر
221,2:213,Disastrous Jealousy,2,213,Felaket Getiren Kıskançlık,Jalousie désastreuse,Verhängnisvolle Eifersucht,Kecemburuan Bencana,حسادت فاجعه‌بار,பெரு நாசமுண்டாக்கும் பொறாமை,Katastrofal svartsjuka,Губительная ревность,ভয়াবহ ঈর্ষা,Celos desastrosos,تباه کن حسد
223,2:215,Recipients of Charity,2,215,Bağış Alacak Olan Kimseler,Bénéficiaires de la charité,Empfänger von Wohltätigkeitsleistungen,Penerima Amalan Kebajikan,مستمندان,தர்மத்தைப் பெறுபவர்கள்,Mottagare av välgörenhet,Получатели благотворительной помощи,দাতব্যের প্রাপকগণ,Beneficiarios de la caridad,خیرات کے وصول کنندگان
224,2:216,Believers: The Ultimate Victors,2,216,İmanlılar: Nihai Galipler,Les croyants : Les vainqueurs ultimes,Gläubige: Die ultimativen Sieger,Orang-orang yang beriman: Para pemenang sejati,باورمندان: فاتحان نهایی,நம்பிக்கையாளர்கள்: இறுதி வெற்றியாளர்கள்,De troende: De ultimata segrarna,Верующие: Победители,বিশ্বাসীরা: পরম বিজয়ীরা,Creyentes: Los vencedores finales,مومن: حتمی فاتحین
225,2:217,Oppression Condemned,2,217,Zulüm Kınanmıştır,L'oppression condamnée,Unterdrückung verurteilt,Penindasan Dikecam,محکومیت ستم,அடக்குமுறை கண்டனம் செய்யப்படுகின்றது,Förtryck fördöms,Угнетение осуждено,নিপীড়নের নিন্দা,Opresión condenada,ظلم کی مذمت
227,2:219,Intoxicants and Gambling Prohibited*,2,219,Sarhoş Ediciler ve Kumar Haram Kılındı,Alcools et jeux de hasard interdits*,Rauschmittel und Glücksspiel sind verboten*.,Bahan memabukkan dan perjudian dilarang*,ممنوعیت مواد مست‌کننده و قمار,போதையூட்டுபவையும் சூதாட்டமும் தடை செய்யப்படுகின்றது*,Förbud mot berusningsmedel och spel*,Интоксиканты и азартные игры запрещены*,মাদকদ্রব্য ও জুয়া নিষিদ্ধ*,Prohibidos los tóxicos y el juego*.,نشہ آور اشیاء اور جوئے کی ممانعت*
229,2:221,Do Not Marry Idol Worshipers,2,221,Puta Tapanlarla Evlenmeyin,N'épousez pas les adorateurs de l'idole,Heiraten Sie keine Götzenanbeter,Jangan berkahwin dengan penyembah berhala,با بت‌پرستان ازدواج نکنید,போலித்தெய்வ வழிபாடு செய்கின்றவர்களைத் திருமணம் செய்து கொள்ளாதீர்கள்,Gift dig inte med idoldyrkare,Не выходите замуж за идолопоклонников,মূর্তি পূজকদের সাথে বিবাহ বন্ধ করো,No te cases con adoradores de ídolos,بت پرستوں سے شادی نہ کرو
230,2:222,Menstruation,2,222,Regl,Menstruation,Menstruation,Kejadian haid,قاعدگی,மாதவிடாய்,Menstruation,Менструация,মাসিক,Menstruación,ماہواری
232,2:224,Do Not Take God's Name in Vain,2,224,Tanrı'nın Adını Boş Yere Ağzınıza Almayın,Ne prenez pas le nom de Dieu en vain,Nimm Gottes Namen nicht umsonst an,Jangan menyebut nama Tuhan dengan sia-sia,نام خدا را بیهوده نبر,கடவுளின் பெயரை வீணாகப் பயன்படுத்தாதீர்கள்,Ta inte Guds namn i onödan,Не принимайте Божье имя всуе,ঈশ্বরের নাম বৃথা গ্রহণ করো না,No tomes el nombre de Dios en vano,خدا کا نام بیجا نہ لو
234,2:226,Laws of Divorce,2,226,Boşanma Yasaları,Lois sur le divorce,Recht der Ehescheidung,Undang-undang Perceraian,قوانین طلاق,விவாகரத்தின் சட்டங்கள்,Lagar om äktenskapsskillnad,Законы о разводе,বিবাহবিচ্ছেদের আইনসমূহ,Leyes de divorcio,طلاق کے قوانین
31,2:23,Mathematical Challenge,2,23,Matematiksel Meydan Okuma,Défi mathématique,Mathematische Herausforderung,Cabaran Matematik,چالش ریاضی,கணித ரீதியிலான அறைகூவல்,Matematisk utmaning,Математический вызов,গণিত চ্যালেঞ্জ,Desafío matemático,ریاضیاتی چیلنج
239,2:231,Do Not Throw the Divorcees Out Onto the Streets,2,231,Boşanmış Kimseleri Sokağa Atmayın,Ne pas jeter les divorcés à la rue,Schmeißt die Geschiedenen nicht auf die Straße,Jangan buang orang yang bercerai ke jalanan.,طلاق‌داده‌ها را به خیابان‌ها نیندازید,விவாகரத்தான பெண்களை வீதிகளில் தள்ளப்பட்ட நிலைக்கு உள்ளாக்காதீர்கள்,Kasta inte ut de frånskilda på gatorna,Не выбрасывайте разводящихся на улицу,তালাকপ্রাপ্তদের রাস্তায় ফেলে দেবেন না,No echemos a los divorciados a la calle,طلاق یافتہ افراد کو سڑکوں پر نہ پھینکیں
242,2:234,You Shall Observe the Pre-Marriage Interims,2,234,Evlilik Öncesi Geçiş Dönemlerini Gözetin,Vous observerez les intermèdes prénuptiaux,Du sollst die vorehelichen Interimszeiten einhalten,Kamu hendaklah mematuhi syarat-syarat pra-perkahwinan.,شما باید شرایط پیش از ازدواج را رعایت کنید,திருமணத்திற்கு முந்திய தவணைக் காலங்களை நீங்கள் கடைப்பிடிக்க வேண்டும்,Du ska iaktta de mellanrum som sker före äktenskapet,Вы должны соблюдать предбрачные промежутки,তোমরা বিবাহ-পূর্ব শর্তাবলী পালন করবে।,Observaréis los intervalos prematrimoniales,تم نکاح سے قبل کے وقفوں کا خیال رکھو
244,2:236,Breaking the Engagement,2,236,Nişanı Bozmak,Rompre l'engagement,Auflösung der Verlobung,Memutuskan pertunangan,قطع نامزدی,திருமண ஒப்பந்தத்தை முறித்தல்,Bryta förlovningen,Разрыв помолвки,সাগরিকতা ভঙ্গ করা,Romper el compromiso,منگنی ختم کرنا
246,2:238,You Shall Observe the Contact Prayers*,2,238,İletişim Dualarını Yerine Getirin,Vous observerez les prières de contact*.,Du sollst die Kontaktgebete* einhalten,Kamu hendak menunaikan solat-solat qadha'*,نمازهای قضا را به جا آورید,நீங்கள் தொடர்புத் தொழுகைகளை கடைப்பிடிக்க வேண்டும்*,Du ska iaktta kontaktbönerna*,Вы должны соблюдать контактные молитвы*.,তোমরা যোগাযোগের প্রার্থনাগুলো পালন করবে*,Observaréis las oraciones de contacto*.,آپ جماعت کی نمازیں ادا کریں گے
32,2:24,Allegorical Description of Hell,2,24,Cehennemin Alegorik Tarifi,Description allégorique de l'enfer,Allegorische Beschreibung der Hölle,Keterangan Alegori Neraka,توصیف تمثیلی جهنم,நரகத்தின் உருவக வர்ணனை,Allegorisk beskrivning av helvetet,Аллегорическое описание ада,নরকের রূপক বর্ণনা,Descripción alegórica del infierno,دوزخ کی تمثیلی تفصیل
248,2:240,Alimony For Widows and Divorcees,2,240,Dullar ve Boşanmış Kimseler için Nafaka,Pension alimentaire pour les veuves et les divorcées,Unterhaltszahlungen für Witwen und Geschiedene," Nafkah untuk Balu dan Mereka yang Berpisah",نفقه برای بیوه‌زنان و مطلقه‌ها,விதவைகளுக்கும் விவாகரத்தான பெண்களுக்கும் உரிய ஜீவனாம்சம்,Underhållsbidrag för änkor och frånskilda,Алименты для вдов и разведенных,বিধবা ও তালাকপ্রাপ্তাদের ভরণপোষণ,Pensión alimenticia para viudas y divorciadas,بیواؤں اور طلاق یافتہ خواتین کے لیے نفقہ
251,2:243,Striving in the Cause of God,2,243,Tanrı Uğrunda Çaba Sarf Etmek,Lutter pour la cause de Dieu,Streben für die Sache Gottes,Berjuang di Jalan Allah,کوشش در راه خدا,கடவுளின் நிமித்தம் பாடுபடுதல்,Att sträva för Guds skull,Стремление к Богу,আল্লাহর পথে সংগ্রাম,Luchar por la causa de Dios,اللہ کے دین کی خاطر جدوجہد
254,2:246,Saul*,2,246,Saul,Saul*,Saul*,Saul,شائول,சவுல்*,Saul*,Сол*,সাউল,Saul*,سول
255,2:247,Questioning God's Wisdom,2,247,Tanrı'nın Hikmetini Sorgulamak,Remettre en question la sagesse de Dieu,Gottes Weisheit in Frage stellen,Mertanyakan Kebijaksanaan Tuhan,پرسش از حکمت خدا,கடவுளின் ஞானத்தைச் சந்தேகித்தல்,Ifrågasättande av Guds visdom,Оспаривание Божьей мудрости,ঈশ্বরের প্রজ্ঞা প্রশ্ন করা,Cuestionar la sabiduría de Dios,خدا کی حکمت پر سوال اٹھانا
256,2:248,Ark of the Covenant,2,248,Ahit Sandığı,Arche d'Alliance,Die Bundeslade,Bahtera Perjanjian,صندوق عهد,உடன்படிக்கைப் பேழை,Förbundsarken,Ковчег Завета,নিমিত্তের বাক্স,Arca de la Alianza,عہد نامے کا تابوت
257,2:249,David and Goliath,2,249,Davut ve Golyat,David et Goliath,David und Goliath,Daud dan Goliath,داوود و جالوت,டேவிட்டும் கோலியாத்தும்,David och Goliat,Давид и Голиаф,দাউদ ও গলিয়াথ,David y Goliat,داؤد اور جالوت
33,2:25,Allegorical Description of Paradise,2,25,Cennetin Alegorik Tarifi,Description allégorique du paradis,Allegorische Beschreibung des Paradieses,Deskripsi Alegori Syurga,توصیف تمثیلی بهشت,சுவனத்தின் உருவக வர்ணனை,Allegorisk beskrivning av paradiset,Аллегорическое описание рая,স্বর্গের রূপক বর্ণনা,Descripción alegórica del Paraíso,جنت کی تمثیلی تشریح
261,2:253,Many Messengers / One Message,2,253,Birçok Elçi / Tek Mesaj,Plusieurs messagers / un seul message,Viele Boten / Eine Botschaft,Banyak Utusan / Satu Pesan,پیام‌رسانان بسیار / یک پیام,தூதர்கள் பலர் / தூதுச் செய்தி ஒன்று,Många budbärare / ett budskap,Много посланников / одно послание,অনেক বার্তাবাহক / একটাই বার্তা,Muchos mensajeros / Un mensaje,بہت سے پیغامبر / ایک ہی پیغام
262,2:254,No Intercession*,2,254,Şefaat Yoktur,Pas d'intercession*,Keine Fürbitte*,Tiada Perantaraan*,شفاعتی در کار نیست,சிபாரிசு கிடையாது*,Ingen förbön*,Без заступничества*,কোনও মধ্যস্থতা নয়,No Intercesión*,شفاعت نہیں
264,2:256,No Compulsion in Religion,2,256,Dinde Zorlama Yok,Pas de contrainte en matière de religion,Kein Zwang in der Religion,Tiada Paksaan dalam Agama,در دین هیچ اجباری نیست,மார்க்கத்தில் நிர்ப்பந்தம் இல்லை,Inget tvång i religionen,Никакого принуждения в религии,ধর্মে কোনো জোরজবরি নেই,La religión no obliga,مذہب میں کوئی جبر نہیں
266,2:258,Abraham's Courageous Debate,2,258,İbrahim'in Cesur Tartışması,Le débat courageux d'Abraham,Abrahams mutige Aussprache,Perdebatan Berani Abraham,مناظرهٔ شجاعانهٔ ابراهیم,ஆப்ரஹாமின் துணிச்சலான விவாதம்,Abrahams modiga debatt,Мужественный спор Авраама,আব্রাহামের সাহসী বিতর্ক,El valiente debate de Abraham,ابراہیم کی بہادرانہ بحث
267,2:259,Lesson About Death*,2,259,Ölüm Hakkında Ders,Leçon sur la mort*,Lektion über den Tod*,Pelajaran Tentang Kematian*,درس درباره مرگ*,மரணம் குறித்த படிப்பினை*,Lektion om döden*,Урок о смерти*,মৃত্যু সম্পর্কে পাঠ*,Lección sobre la muerte*.,موت کے بارے میں سبق*
268,2:260,Every Believer Needs Assurance,2,260,Her İmanlı Tatmin Olmaya İhtiyaç Duyar,Chaque croyant a besoin d'assurance,Jeder Gläubige braucht Gewissheit,Setiap orang percaya memerlukan kepastian,هر مؤمنی به اطمینان نیاز دارد,ஒவ்வொரு நம்பிக்கையாளருக்கும் உறுதிப்படுத்துதல் தேவைப்படுகின்றது,Varje troende behöver försäkran,Каждому верующему нужна уверенность,প্রত্যেক বিশ্বাসীর নিশ্চয়তার প্রয়োজন,Todo creyente necesita seguridad,ہر مومن کو یقین کی ضرورت ہے
269,2:261,The Best Investment,2,261,En İyi Yatırım,Le meilleur investissement,Die beste Investition,Pelaburan Terbaik,بهترین سرمایه‌گذاری,மிகச்சிறந்த முதலீடு,Den bästa investeringen,Лучшая инвестиция,সেরা বিনিয়োগ,La mejor inversión,بہترین سرمایہ کاری
273,2:265,Charity,2,265,Bağış,Charité,Wohltätigkeit,Amal,خیریه,தர்மம்,Välgörenhet,Благотворительность,দাতব্য,Caridad,خیرات
275,2:267,What to Give,2,267,Ne Vermeli,Que donner ?,Was man schenken kann,Apa yang hendak diberikan,چه چیزی هدیه دهیم,எதனைக் கொடுப்பது,Vad ska jag ge?,Что дарить,কি উপহার দেব,Qué regalar,کیا دیں
277,2:269,Wisdom: A Great Treasure,2,269,Bilgelik: Büyük Bir Hazine,La sagesse : Un grand trésor,Weisheit: Ein großer Schatz,Kebijaksanaan: Harta Karun Yang Agung,حکمت: گنجی بزرگ,ஞானம்: ஒரு மாபெரும் பொக்கிஷம்,Visdom: En stor skatt,Мудрость: Великое сокровище,জ্ঞান: একটি মহামূল্য রত্ন,La sabiduría: Un gran tesoro,حکمت: ایک عظیم خزانہ
278,2:270,Anonymous Charity Better,2,270,İsimsiz Bağış Daha İyidir,Organisme de bienfaisance anonyme Mieux,Anonyme Wohltätigkeit Besser,Anonymous Charity Better,خیریهٔ ناشناس بهتر,அனாமதேயமான தர்மமே சிறந்தது,Anonym välgörenhet Bättre,Анонимная благотворительность Лучше,অজ্ঞাত দাতব্য সংস্থা বেস্ট,Caridad anónima Mejor,گمنام خیراتی ادارہ بہتر
280,2:272,God is the Only One Who Guides,2,272,Tanrı Tek Rehberlik Edendir,Dieu est le seul à guider,"Gott ist der Einzige, der lenkt",Tuhan adalah satu-satunya yang membimbing,خدا تنها کسی است که هدایت می‌کند,வழிநடத்துபவராக இருக்கின்ற ஒரே ஒருவர் கடவுள்தான்,Gud är den ende som vägleder,"Бог - единственный, кто направляет",ঈশ্বর একমাত্র পথপ্রদর্শক।,Dios es el único que guía,خدا ہی واحد ہے جو رہنمائی کرتا ہے۔
283,2:275,Usury Prohibited*,2,275,Tefecilik Haram Kılındı,L'usure est interdite*,Wucher ist verboten*,Riba Dilarang*,ربا ممنوع است*,அநியாய வட்டி தடுக்கப்படுகின்றது*,Ocker förbjuds*,Ростовщичество запрещено*,সুদ নিষিদ্ধ*,Prohibición de la usura*.,سود کی ممانعت*
285,2:277,Divine Guarantee,2,277,İlahi Garanti,Garantie divine,Göttliche Garantie,Jaminan Ilahi,تضمین الهی,தெய்வீக உத்தரவாதம்,Gudomlig garanti,Божественная гарантия,দৈব নিশ্চয়তা,Garantía Divina,الٰہی ضمانت
36,2:28,Two Deaths and Two Lives for the Disbelievers*,2,28,İnkârcılar için İki Ölüm ve İki Hayat,Deux morts et deux vies pour les mécréants*,Zwei Tode und zwei Leben für die Ungläubigen*,Dua Kematian dan Dua Kehidupan bagi Orang-orang yang Tidak Percaya*,دو مرگ و دو زندگی برای کافران*,நம்பமறுப்போருக்கு இரு மரணங்களும் இரு வாழ்வுகளும்*,Två dödsfall och två liv för de icke-troende*,Две смерти и две жизни для неверующих*.,অবিশ্বাসীদের জন্য দুই মৃত্যু ও দুই জীবন*,Dos muertes y dos vidas para los incrédulos*.,کافروں کے لیے دو اموات اور دو زندگیاں*
290,2:282,Write Down Financial Transactions,2,282,Finansal İşlemleri Kaydedin,Amortissement des transactions financières,Finanztransaktionen abschreiben,Catatkan transaksi kewangan,مبادلات مالی را یادداشت کنید,பொருளாதாரப் பரிவார்த்தனைகளை எழுதி வைத்துக் கொள்ளுங்கள்,Nedskrivning av finansiella transaktioner,Списание финансовых операций,আর্থিক লেনদেনগুলো লিখে রাখুন,Anotar operaciones financieras,مالی لین دین لکھیں
293,2:285,You Shall Not Make Any Distinction Among God's Messengers,2,285,Tanrı'nın Elçileri Arasında Hiçbir Ayrım Yapmayın,Vous ne ferez aucune différence entre les messagers de Dieu.,Ihr sollt keinen Unterschied zwischen den Gesandten Gottes machen,Janganlah kamu membuat sebarang perbezaan antara para utusan Allah.,در میان پیامبران خدا فرق نگذارید,கடவுளின் தூதர்களுக்கிடையில் நீங்கள் எந்தப் பாரபட்சமும் செய்யக்கூடாது,Du skall inte göra någon åtskillnad bland Guds budbärare,Не делайте различий между посланниками Божьими,তুমি ঈশ্বরের প্রেরিতদের মধ্যে কোনো পার্থক্য করবে না।,No Harás Distinción entre los Mensajeros de Dios,تم خدا کے پیغمبروں میں کوئی فرق نہ کرو۔
11,2:3,Three Categories of People (1) The Righteous,2,3,Üç İnsan Kategorisi (1) Doğrular.,Trois catégories de personnes (1) Les justes,Drei Kategorien von Menschen (1) Die Gerechten,Tiga Kategori Orang (1) Orang Saleh,سه دسته از مردم (۱) صالحان,மக்களில் மூன்று வகையினர் (1) நன்னெறியாளர்கள்,Tre kategorier av människor (1) De rättfärdiga,Три категории людей (1) Праведники,তিন ধরনের মানুষ (১) সৎকর্মশীল,Tres categorías de personas (1) Los justos,لوگوں کی تین اقسام (1) نیک لوگ
38,2:30,"Satan: A Temporary ""god""*",2,30,"Şeytan: Geçici bir ""tanrı""","Satan : Un ""dieu"" temporaire *","Satan: Ein vorübergehender ""Gott ""*","Satan: Seorang ""Tuhan"" sementara*",شیطان: یک «خدا»ی موقت*,சாத்தான்: நிலையற்ற ஒரு தெய்வம்*,"Satan: En tillfällig ""gud"" *","Сатана: Временный ""бог ""*.","শয়তান: একটি অস্থায়ী ""ঈশ্বর""*","Satanás: Un ""dios ""* temporal","شیطان: ایک عارضی ""خدا""*"
39,2:31,The Test Begins,2,31,Test Başlıyor,Le test commence,Die Prüfung beginnt,Ujian Bermula,آزمون آغاز می‌شود,சோதனை துவங்குகின்றது,Testet inleds,Испытание начинается,পরীক্ষা শুরু হয়,Comienza la prueba,آزمائش شروع ہوتی ہے
45,2:37,Specific Words*,2,37,Spesifik Kelimeler,Mots spécifiques*,Spezifische Wörter*,Kata-kata Tertentu*,واژه‌های خاص*,பிரத்தியேகமான வார்த்தைகள்*,Specifika ord*,Особые слова*,নির্দিষ্ট শব্দসমূহ*,Palabras específicas,مخصوص الفاظ*
48,2:40,"Divine Commandments to All Jews: ""You Shall Believe in This Quran.""",2,40,"Tüm Yahudilere İlahi Buyruklar: ""Bu Kur'an'a İman Etmelisiniz.""","Commandements divins à tous les juifs : ""Vous croirez en ce Coran"".","Göttliche Gebote an alle Juden: ""Ihr sollt an diesen Koran glauben"".","Perintah Ilahi kepada Semua Orang Yahudi: ""Kamu Harus Beriman kepada Al-Qur'an Ini.""",فرمان‌های الهی به همه یهودیان: «شما باید به این قرآن ایمان بیاورید.»,அனைத்து யூதர்களுக்குமான தெய்வீகக் கட்டளைகள்: நீங்கள் இந்தக் குர்ஆனில் நம்பிக்கை கொள்ள வேண்டும்,"Gudomliga budord till alla judar: ""Ni ska tro på denna Koran.""","Божественные заповеди для всех евреев: ""Вы должны верить в этот Коран"".","সকল ইহুদীর জন্য ঐশ্বরিক আদেশ: ""তোমরা এই কোরআনে বিশ্বাস করবে।""","Mandamientos Divinos a Todos los Judíos: ""Creeréis en este Corán"".","تمام یہودیوں کے لیے الٰہی احکام: ""تم اس قرآن پر ایمان لاؤ۔"""
62,2:54,Kill Your Ego*,2,54,Egonu Öldür,Tuez votre ego*,Töte dein Ego*,Bunuh Ego Anda*,خودت را بکش*,உங்கள் அகந்தையைக் கொல்லுங்கள்*,Döda ditt ego*,Убейте свое эго*,তোমার অহংকারকে হত্যা করো*,Mata tu ego,اپنا انا مار ڈالو*
63,2:55,Physical Evidence*,2,55,Fiziksel Delil,Preuves matérielles*,Physische Beweise*,Bukti Fizikal*,مدرک فیزیکی*,கண்கூடான ஆதாரம்*,Fysisk bevisning*,Вещественные доказательства*,দৈহিক প্রমাণ*,Pruebas físicas,جسمانی ثبوت*
66,2:58,Lack of Confidence in God: They Refuse to Enter Jerusalem,2,58,Tanrı'ya Olan Güven Eksikliği: Kudüs'e Girmeyi Reddettiler,Manque de confiance en Dieu : Ils refusent d'entrer à Jérusalem,"Mangelndes Vertrauen in Gott: Sie weigern sich, Jerusalem zu betreten",Kekurangan keyakinan kepada Tuhan: Mereka enggan memasuki Yerusalem,بی‌اعتمادی به خدا: آنها از ورود به اورشلیم خودداری می‌کنند,கடவுள் மீது உறுதிப்பாட்டின் குறைவு:ஜெருசலேமிற்குள் அவர்கள் நுழைய மறுக்கின்றனர்,Brist på förtroende för Gud: De vägrar att gå in i Jerusalem,Недостаток уверенности в Боге: Они отказываются войти в Иерусалим,ঈশ্বরের প্রতি আস্থার অভাব: তারা যেরুশালেমে প্রবেশ করতে অস্বীকার করে,Falta de confianza en Dios: Se niegan a entrar en Jerusalén,خدا پر اعتماد نہ ہونا: وہ یروشلم میں داخل ہونے سے انکار کرتے ہیں
14,2:6,(2) The Disbelievers,2,6,(2) İnkârcılar,(2) Les mécréants,(2) Die Ungläubigen,(2) Orang-orang yang tidak beriman,(۲) کافران,(2) நம்பமறுப்பவர்கள்,(2) De icke-troende,(2) Неверующие,(২) অবিশ্বাসীরা,(2) Los infieles,(2) کافر
68,2:60,More Miracles,2,60,Daha Fazla Mucize,Plus de miracles,Mehr Wunder,Lebih Banyak Mujizat,معجزات بیشتر,அதிகமான அற்புதங்கள்,Fler mirakel,Больше чудес,আরও অলৌকিক ঘটনা,Más milagros,مزید معجزے
69,2:61,Israel Rebels,2,61,İsrail İsyancıları,Israël Rebelles,Israelische Rebellen,Pemberontak Israel,شورشیان اسرائیل,இஸ்ரவேலர்கள் கலகம் செய்கின்றனர்,Israel Rebeller,Израильские повстанцы,ইসরায়েল বিদ্রোহী,Israel Rebeldes,اسرائیل کے باغی
70,2:62,Unity of All Submitters,2,62,Tüm Teslim Olanların Birliği,Unité de tous les soumissionnaires,Einheit aller Einreicher,Kesatuan Semua Yang Berserah,اتحاد همه تسلیم‌شدگان,சரணடைந்தோர் அனைவருடைய ஒற்றுமை,Enhet för alla inlämnare,Единство всех участников,সমস্ত আত্মসমর্পণকারীদের ঐক্য,Unidad de todos los remitentes,تمام فرمانبرداروں کی یگانگت
71,2:63,Covenant with Israel,2,63,İsrail ile Antlaşma,L'alliance avec Israël,Bund mit Israel,Perjanjian dengan Israel,پیمان با اسرائیل,இஸ்ரவேலர்களுடன் உடன்படிக்கை,Förbundet med Israel,Завет с Израилем,ইস্রায়েলের সাথে চুক্তি,Pacto con Israel,اسرائیل کے ساتھ عہد
75,2:67,The Heifer*,2,67,Düve,The Heifer*,The Heifer*,Si Betina Muda*,گاوچه‌نر*,பசுங்கன்று*,Kvigan*,Телка*,বাছুরটি*,La Vaquilla*,بچھڑی*
80,2:72,Purpose of the Heifer,2,72,Düvenin Amacı,Objectif de la génisse,Zweck der Färse,Tujuan Lembu Betina,منظور از گاو جوان,பசுங்கன்றின் நோக்கம்,Syftet med kvigan,Назначение телки,বাছুরের উদ্দেশ্য,Objetivo de la novillada,بچھڑی کا مقصد
83,2:75,Distorting the Word of God,2,75,Tanrı'nın Sözünü Çarpıtmak,Déformer la parole de Dieu,Verzerrung des Wortes Gottes,Memutarbelitkan Firman Tuhan,تحریف کلام خدا,கடவுளின் வார்த்தையை சிதைத்தல்,Förvrängning av Guds ord,Искажение Слова Божьего,ঈশ্বরের বাক্য বিকৃত করা,Distorsión de la Palabra de Dios,خدا کا کلام مسخ کرنا
84,2:76,Concealing the Word of God,2,76,Tanrı'nın Sözünü Gizlemek,Dissimuler la parole de Dieu,Die Verschleierung des Wortes Gottes,Menyembunyikan Firman Tuhan,پنهان کردن کلام خدا,கடவுளின் வார்த்தையை மறைத்தல்,Att dölja Guds ord,Сокрытие Слова Божьего,ঈশ্বরের বাক্য লুকানো,Ocultar la Palabra de Dios,خدا کا کلام چھپانا
16,2:8,(3) The Hypocrites,2,8,(3) İkiyüzlüler,(3) Les hypocrites,(3) Die Heuchler,(3) Orang Munafik,(۳) ریاکاران,(3) நயவஞ்சகர்கள்,(3) Hycklarna,(3) Лицемеры,(৩) ভণ্ডরা,(3) Los hipócritas,(۳) منافقین
88,2:80,Eternity of Heaven and Hell*,2,80,Cennet ve Cehennemin Sonsuzluğu,L'éternité du paradis et de l'enfer*,Ewigkeit des Himmels und der Hölle*,Kekekalan Syurga dan Neraka*,ابدیّتِ بهشت و دوزخ*,சொர்க்கம் மற்றும் நரகத்தின் நிரந்தரத்தன்மை*,Himlens och helvetets evighet*,Вечность рая и ада*,স্বর্গ ও নরকের অনন্তকাল*,Eternidad del Cielo y del Infierno,جنت و دوزخ کی ابدیت*
91,2:83,The Commandments,2,83,Buyruklar,Les commandements,Die Gebote,Laluan Perintah,فرمان‌ها,கட்டளைகள்,Budorden,Заповеди,আদেশসমূহ,Los Mandamientos,حکم
95,2:87,The Prophets of Israel,2,87,İsrail Peygamberleri,Les prophètes d'Israël,Die Propheten von Israel,Para Nabi Israel,پیامبران اسرائیل,இஸ்ரவேலின் நபிமார்கள்,Israels profeter,Пророки Израиля,ইস্রায়েলের নবীরা,Los profetas de Israel,بنی اسرائیل کے انبیاء
96,2:88,"Tragic Statement: ""My mind is made up!""",2,88,"Trajik İfade: ""Ben Sabit Fikirliyim""","Déclaration tragique : ""Ma décision est prise !""","Tragische Aussage: ""Mein Entschluss steht fest!""","Pernyataan Tragik: ""Saya telah membuat keputusan!""",بیانیه تراژیک: «ذهنم را مصمم کرده‌ام!»,துக்ககரமான வாக்குமூலம்:என் மனம் முடிவெடுத்து விட்டது!,"Tragiskt uttalande: ""Mitt beslut är fattat!""","Трагическое заявление: ""Я все решил!""","দুঃখজনক ঘোষণা: ""আমার মন স্থির হয়ে গেছে!""","Declaración trágica: ""¡Ya he tomado una decisión!""","افسوسناک بیان: ""میرا دل بنا ہوا ہے!"""
97,2:89,The Quran Consummates All Scriptures,2,89,Kur'an Tüm Kutsal Yazıları Tamamına Erdirir,Le Coran résume toutes les écritures,Der Koran ist die Vollendung aller Schriften,Al-Quran menyempurnakan semua kitab suci.,قرآن کتب آسمانی را به کمال می‌رساند,குர்ஆன் அனைத்து வேதங்களையும் பூர்த்தியாக்குகின்றது,Koranen fullbordar alla skrifter,Коран объединяет все Писания,কুরআন সমস্ত ধর্মগ্রন্থকে পরিপূর্ণ করে।,El Corán consuma todas las Escrituras,قرآن تمام صحائف کو مکمل کرتی ہے۔
100,2:92,Learning From Israel's History,2,92,İsrail Tarihinden Öğrenmek,Tirer les leçons de l'histoire d'Israël,Aus der Geschichte Israels lernen,BELAJAR DARI SEJARAH ISRAEL,درس‌هایی از تاریخ اسرائیل,இஸ்ரவேலர்களின் சரித்திரத்திலிருந்து படிப்பினை பெறுதல்,Att lära av Israels historia,Извлечение уроков из истории Израиля,ইস্রায়েলের ইতিহাস থেকে শেখা,Aprender de la historia de Israel,اسرائیل کی تاریخ سے سیکھنا
105,2:97,Gabriel Mediates the Revelation,2,97,Cebrail Vahiyde Aracılık Eder,Gabriel est le médiateur de la Révélation,Gabriel vermittelt die Offenbarung,Gabriel Memediasi Wahyu,جبرئیل واسطهٔ وحی است,கேப்ரியேல் வெளிப்பாடுகளைக் கொண்டு வருகின்றார்,Gabriel förmedlar uppenbarelsen,Гавриил посредничает в откровении,গ্যাব্রিয়েল প্রকাশের মধ্যস্থতা করেন,Gabriel media en la Revelación,جبرائیل نے وحی کی وساطت کی
2469,20:105,On the Day of Resurrection,20,105,Diriliş Günü'nde,Le jour de la résurrection,Am Tag der Auferstehung,Pada Hari Kebangkitan,در روز قیامت,உயிர்த்தெழுப்பப்படும் நாள் அன்று,På uppståndelsens dag,В день воскресения,পুনরুত্থানের দিন,El día de la Resurrección,روزِ قیامت
2479,20:115,Humans Fail to Make a Firm Stand*,20,115,İnsanlar Sağlam Bir Duruş Gösteremediler,Les humains ne parviennent pas à s'imposer*,Die Menschen sind nicht standhaft genug*,Manusia gagal membuat pendirian yang teguh*,انسان‌ها در اتخاذ موضع قاطع ناکام می‌مانند*,மனிதர்கள் ஓர் உறுதியான நிலைப்பாட்டினை எடுக்கத் தவறி விடுகின்றனர்*,Människan klarar inte av att stå stadigt*,Люди не способны занять твердую позицию*,মানুষ দৃঢ় অবস্থান নিতে ব্যর্থ হয়*,Los seres humanos no se mantienen firmes*.,انسان مضبوط موقف اختیار کرنے میں ناکام رہتے ہیں*
2488,20:124,For the Disbelievers: Miserable Life Unavoidable,20,124,İnkârcılar için: Bedbaht Hayat Kaçınılmaz,Pour les incrédules : La vie misérable est inévitable,Für die Ungläubigen: Unglückliches Leben unvermeidlich,Bagi orang-orang yang kafir: kehidupan sengsara tidak dapat dielakkan,برای کافران: زندگی نکبت‌بار اجتناب‌ناپذیر است,நம்பமறுப்பவர்களுக்கு: துன்பகரமான வாழ்வு தவிர்த்து விட முடியாதது,För de icke-troende: Det eländiga livet är oundvikligt,Для неверующих: Неизбежность несчастной жизни,অবিশ্বাসীদের জন্য: দুর্দশাগ্রস্ত জীবন অনিবার্য,Para los incrédulos: La vida miserable es inevitable,کافروں کے لیے: بدبخت زندگی ناگزیر ہے
2496,20:132,The Parents' Responsibility,20,132,Ebeveynlerin Sorumluluğu,La responsabilité des parents,Die Verantwortung der Eltern,Tanggungjawab Ibu Bapa,مسئولیت والدین,பெற்றோர்களின் பொறுப்பு,Föräldrarnas ansvar,Ответственность родителей,অভিভাবকদের দায়িত্ব,La responsabilidad de los padres,والدین کی ذمہ داری
2497,20:133,Why Messengers?,20,133,Neden Elçiler?,Pourquoi des messagers ?,Warum Boten?,Mengapa Pengantar?,چرا پیام‌رسان‌ها؟,தூதர்கள் ஏன்?,Varför budbärare?,Почему именно мессенджеры?,বার্তাবাহকদের কেন?,¿Por qué Mensajeros?,پیغامبر کیوں؟
2379,20:15,End of the World is Not Hidden*,20,15,Dünya'nın Sonu Gizli Değildir,La fin du monde n'est pas cachée*,Das Ende der Welt ist nicht verborgen*,Akhir Dunia Tidak Tersembunyi*,پایان دنیا پنهان نیست*,உலக முடிவு மறைக்கப்பட்டதாக இல்லை*,Världens undergång är inte dold*,Конец света не скрывается*,বিশ্বের শেষ লুকানো নেই*,El fin del mundo no se oculta*.,دنیا کا خاتمہ پوشیدہ نہیں ہے*
2434,20:70,The Experts Recognize The Truth,20,70,Uzmanlar Gerçeği Tanıyor,Les experts reconnaissent la vérité,Die Experten erkennen die Wahrheit an,Para Pakar Mengakui Kebenaran,متخصصان حقیقت را می‌شناسند,வல்லுநர்கள் சத்தியத்தை அடையாளம் காண்கின்றனர்,Experterna erkänner sanningen,Эксперты признают правду,বিশেষজ্ঞরা সত্যকে স্বীকৃতি দেয়,Los expertos reconocen la verdad,ماہرین سچائی کو تسلیم کرتے ہیں
2447,20:83,The Children of Israel Rebel,20,83,İsrailoğulları Asilik Ediyor,Les enfants d'Israël se rebellent,Die Kinder Israels rebellieren,Bani Israil memberontak,بنی‌اسرائیل طغیان کردند,இஸ்ரவேலின் சந்ததியினர் கலகம் செய்கின்றனர்,Israels barn gör uppror,Дети Израиля восстают,ইস্রায়েলের সন্তানরা বিদ্রোহ করে,Los hijos de Israel se rebelan,بنی اسرائیل نے بغاوت کی
2462,20:98,You Have But One God,20,98,Sadece Bir Tanrınız Var,Vous n'avez qu'un seul Dieu,Ihr habt nur einen Gott,Kamu hanya mempunyai satu Tuhan,شما تنها یک خدا دارید,ஒரு கடவுள் அன்றி உங்களுக்கு இல்லை,Du har bara en Gud,У вас есть только один Бог,তোমার কেবল এক ঈশ্বর আছে।,Sólo tienes un Dios,تمہارا صرف ایک خدا ہے
2602,21:102,The Righteous,21,102,Doğrular,Les justes,Die Gerechten,Yang Salih,صالحان,நன்னெறியாளர்கள்,De rättfärdiga,Праведники,সৎকর্মশীল,Los Justos,نیک لوگ
2604,21:104,The Day of Resurrection,21,104,Diriliş Günü,Le jour de la résurrection,Der Tag der Auferstehung,Hari Kebangkitan,روز قیامت,உயிர்த்தெழுப்பப்படும் நாள்,Uppståndelsens dag,День воскресения,পুনরুত্থানের দিন,El Día de la Resurrección,روزِ قیامت
2502,21:2,Opposition to the New Evidence,21,2,Yeni Delile Muhalefet,Opposition aux nouveaux éléments de preuve,Einspruch gegen die neuen Beweise,Penentangan terhadap Bukti Baru,مخالفت با شواهد جدید,புதிய சான்றுகளுக்கு எதிர்ப்பு,Motstånd mot de nya bevisen,Противодействие новым доказательствам,নতুন প্রমাণের বিরোধিতা,Oposición a las nuevas pruebas,نئے ثبوت کی مخالفت
2521,21:21,One God,21,21,Tek Tanrı,Un seul Dieu,Ein Gott,Satu Tuhan,یک خدا,ஒரு கடவுள்,En Gud,Единый Бог,এক ঈশ্বর,Un Dios,ایک خدا
2523,21:23,Never Question God's Wisdom,21,23,Tanrı'nın Hikmetini Asla Sorgulamayın,Ne jamais remettre en question la sagesse de Dieu,Gottes Weisheit nie in Frage stellen,Jangan pernah mempersoalkan kebijaksanaan Tuhan.,هرگز حکمت خدا را به شک نیندازید,கடவுளின் ஞானத்தை ஒருபோதும் கேள்வி கேட்கக் கூடாது,Ifrågasätt aldrig Guds visdom,Никогда не подвергайте сомнению мудрость Бога,ঈশ্বরের প্রজ্ঞা কখনো প্রশ্ন করবেন না,Nunca cuestiones la sabiduría de Dios,خدا کی حکمت پر کبھی سوال نہ کریں
2525,21:25,One God / One Message / One Religion,21,25,Tek Tanrı / Tek Mesaj / Tek Din,Un seul Dieu / Un seul message / Une seule religion,Ein Gott / Eine Botschaft / Eine Religion,Satu Tuhan / Satu Pesan / Satu Agama,یک خدا / یک پیام / یک دین,ஒரே கடவுள்/ஒரே தூதுச் செய்தி/ ஒரே மார்க்கம்,En Gud / Ett budskap / En religion,Один Бог / Одно послание / Одна религия,এক ঈশ্বর / এক বার্তা / এক ধর্ম,Un Dios / Un Mensaje / Una Religión,ایک خدا / ایک پیغام / ایک مذہب
2528,21:28,The Myth of Intercession,21,28,Şefaat Efsanesi,Le mythe de l'intercession,Der Mythos der Fürbitte,Mitos Perantaraan,افسانه شفاعت,பரிந்துரை எனும் புராணம்,Myten om förbön,Миф о заступничестве,শাফা'তের মিথকথা,El mito de la intercesión,شفاعت کا افسانہ
2530,21:30,The Big Bang Theory Confirmed*,21,30,Big Bang Teorisi Doğrulandı,La théorie du Big Bang confirmée*,The Big Bang Theory bestätigt*,Teori Big Bang Disahkan*,نظریه بیگ بنگ تأیید شد*,பெருவெடிப்புக் கொள்கை உறுதிப்படுத்தப்படுகின்றது*,The Big Bang Theory bekräftad*,Теория большого взрыва подтверждена*,দ্য বিগ ব্যাং থিওরি নিশ্চিত*,The Big Bang Theory Confirmado*,دی بگ بینگ تھیوری کی تصدیق*
2536,21:36,All Messengers Ridiculed,21,36,Tüm Elçilerle Alay Edildi,Tous les messagers ridiculisés,Alle Boten lächerlich gemacht,Semua Utusan Diejek,تمسخر همه پیامبران,தூதர்கள் அனைவரும் பரிகசிக்கப்பட்டனர்,Alla budbärare förlöjligade,Все посланники подвергаются насмешкам,সমস্ত বার্তাবাহকদের উপহাস করা হয়,Todos los Mensajeros Ridiculizados,تمام پیغامبر مذاق اڑائے گئے
2542,21:42,Priorities Confused,21,42,Öncelikler Karışmış,Confusion des priorités,Prioritäten verwirrt,Keutamaan Keliru,اولویت‌ها مغشوش,முன்னுரிமைகள் குழம்பி விட்டன,Prioriteringar förvirrade,Приоритеты спутаны,অগ্রাধিকারগুলো বিভ্রান্ত,Prioridades confusas,ترجیحات میں الجھن
2548,21:48,Prophets Moses and Aaron,21,48,Musa ve Harun Peygamberler,Prophètes Moïse et Aaron,Die Propheten Moses und Aaron,Nabi Musa dan Harun,پیامبران موسی و هارون,நபிமார்கள்களான மோஸஸும் ஆரோனும்,Profeterna Mose och Aron,Пророки Моисей и Аарон,নবী মুসা ও হারুন,Profetas Moisés y Aarón,حضرت موسیٰ اور حضرت ہارون
2551,21:51,Abraham,21,51,İbrahim,Abraham,Abraham,Abraham,ابراهیم,ஆப்ரஹாம்,Abraham,Авраам,আব্রাহাম,Abraham,ابراہیم
2563,21:63,Abraham Proves His Point,21,63,İbrahim Bakış Açısını Kanıtlıyor,Abraham prouve son point de vue,Abraham beweist seinen Standpunkt,Abraham membuktikan hujahnya,ابراهیم حق خود را ثابت می‌کند,ஆப்ரஹாம் தன் வாதத்தை நிரூபிக்கின்றார்,Abraham bevisar sin poäng,Авраам доказывает свою правоту,আব্রাহাম তাঁর যুক্তি প্রমাণ করেন,Abraham demuestra su punto,ابراہیم نے اپنا نقطہ ثابت کیا
2568,21:68,Profound Miracle,21,68,Esaslı Mucize,Miracle profond,Das große Wunder,Mukjizat Mendalam,معجزه ژرف,ஆழ்ந்த அற்புதம்,Djupgående mirakel,Глубокое чудо,গভীর অলৌকিক ঘটনা,Profundo milagro,گہرا معجزہ
2573,21:73,Abraham: Delivered All Religious Duties of Submission,21,73,İbrahim: İslam’ın Tüm Dini Görevlerini İletti,Abraham : a délivré tous les devoirs religieux de la soumission,Abraham: Befreit von allen religiösen Pflichten der Unterwerfung,Abraham: Menunaikan semua kewajipan keagamaan dengan sikap tunduk,ابراهیم: انجام تمام فرایض دینی تسلیم,ஆப்ரஹாம்: இஸ்லாத்தின் மார்க்கக் கடமைகள் அனைத்தையும் சேர்ப்பித்தவர்,Abraham: Befriade alla religiösa skyldigheter av underkastelse,Авраам: Освободил всех от религиозных обязанностей подчинения,আব্রাহাম: আনুগত্যের সকল ধর্মীয় কর্তব্য পালন করেছিলেন,Abraham Cumplió todos los deberes religiosos de sumisión,ابراہیم: تمام عبادتی فرائض ادا کیے
2574,21:74,Lot,21,74,Lut,Lot,Los,Lot,لوت,லோத்,Lot,Лот,লট,Lote,حصہ
2576,21:76,Noah,21,76,Nuh,Noah,Noah,Nuh,نوح,நோவா,Noah,Ной,নূহ,Noah,نوح
2578,21:78,David and Solomon,21,78,Davud ve Süleyman,David et Salomon,David und Salomo,Daud dan Sulaiman,داوود و سلیمان,டேவிட்டும் ஸாலமனும்,David och Salomo,Давид и Соломон,দাউদ ও সুলায়মান,David y Salomón,داؤد اور سلیمان
2583,21:83,Job,21,83,Eyüp,Emploi,Job,Kerja,کار,ஜோப்,Jobb,Работа,চাকরি,Empleo,ملازمت
2587,21:87,Jonah,21,87,Yunus,Jonas,Jona,Yunus,یونس,ஜோனா,Jonah,Иона,যোনা,Jonás,یونس
2589,21:89,Zachariah and John,21,89,Zekeriya ve Yahya,Zacharie et Jean,Zacharias und Johannes,Zachariah dan John,زکریا و یوحنا,ஜகரிய்யாவும் ஜானும்,Zachariah och John,Захария и Иоанн,জাকারিয়া এবং জন,Zacarías y Juan,زکریا اور یوحنا
2591,21:91,Mary and Jesus,21,91,Meryem ve İsa,Marie et Jésus,Maria und Jesus,Maria dan Yesus,مریم و عیسی,மேரியும் ஜீஸஸும்,Maria och Jesus,Мария и Иисус,মেরি ও যিশু,María y Jesús,مریم اور یسوع
2592,21:92,One God / One Religion,21,92,Tek Tanrı / Tek Din,Un seul Dieu / Une seule religion,Ein Gott / Eine Religion,Satu Tuhan / Satu Agama,یک خدا / یک دین,ஒரு கடவுள் / ஒரு மார்க்கம்,En Gud / En religion,Единый Бог / Единая религия,এক ঈশ্বর / এক ধর্ম,Un Dios / Una Religión,ایک خدا / ایک مذہب
2596,21:96,The End of the World*,21,96,Dünya'nın Sonu,La fin du monde*,Das Ende der Welt*,Akhir Dunia*,پایان دنیا*,உலகத்தின் முடிவு*,Världens undergång*,Конец света*,বিশ্বের শেষ*,El fin del mundo,دنیا کا خاتمہ*
2598,21:98,The Hereafter,21,98,Ahiret,L'au-delà,Das Jenseits,Kehidupan Akhirat,آخرت,மறுவுலகம்,Livet efter detta,Загробный мир,পরকাল,El Más Allá,آخرت
2624,22:11,Fair Weather Friends,22,11,İyi Gün Dostları,Amis du beau temps,Schönwetterfreunde,Rakan Cuaca Baik,دوستان هوای صاف,நல்ல காலத்தில் நண்பர்கள்,Vänner i rätt väder,Друзья по несчастью,সুন্দর আবহাওয়ার বন্ধুরা,Amigos del buen tiempo,خوش دلی کے دوست
2628,22:15,"Happiness Now, and Forever",22,15,Şimdi ve Sonsuza Dek Mutluluk,Le bonheur aujourd'hui et pour toujours,Glück jetzt und für immer,Kebahagiaan Sekarang dan Selamanya,شادی اکنون و برای همیشه,"மகிழ்ச்சி இப்பொழுதும், எப்பொழுதும்",Lycka nu och för evigt,Счастье сейчас и навсегда,"এখন সুখ, এবং চিরতরে",Felicidad ahora y siempre,خوشی اب اور ہمیشہ کے لیے
2630,22:17,God: The Only Judge,22,17,Tanrı: Tek Yargıç,Dieu : Le seul juge,Gott: Der einzige Richter,Tuhan: Satu-satunya Hakim,خدا: تنها داور,கடவுள்: ஒரே நீதிபதி,Gud - den ende domaren Den ende domaren,Бог: Единственный судья,ঈশ্বর: একমাত্র বিচারক,Dios: El Único Juez,خدا: واحد حاکم
2632,22:19,How Terrible is Hell!*,22,19,Cehennem Ne Kadar da Korkunç!,"L'enfer, c'est terrible !",Wie schrecklich ist die Hölle!*,Betapa Dahsyatnya Neraka!*,جهنم چقدر وحشتناک است!*,நரகம் எவ்வளவு பயங்கரமானது*,Hur fruktansvärt är helvetet!,Как ужасен ад!,নরক কতটা ভয়ঙ্কর!*,¡Qué terrible es el infierno!,جہنم کتنی بھیانک ہے!*
2636,22:23,The Bliss of Heaven,22,23,Cennet Saadeti,Le bonheur du paradis,Die Glückseligkeit des Himmels,Kebahagiaan Syurga,سرور آسمان,சுவனத்தின் ஆனந்தம்,Himlens lycksalighet,Райское блаженство,স্বর্গের পরম আনন্দ,La dicha del cielo,جنت کی لذت
2639,22:26,"Pilgrimage, Like All Duties in Submission, Decreed Through Abraham*",22,26,İslam'daki Tüm Görevler Gibi Kutsal Yolculuk da İbrahim Aracılığıyla Hükme Bağlandı,"Le pèlerinage, comme tous les devoirs de soumission, a été décrété par Abraham*.","Die Pilgerfahrt, wie alle Pflichten in der Unterwerfung, ist durch Abraham* entstanden","Ziarah, seperti semua kewajipan dalam ketaatan, diperintahkan melalui Abraham*",زیارت، همچون همه وظایف در تسلیم، به واسطه ابراهیم مقرر شد.,"இஸ்லாத்தின் அனைத்துக் கடமைகளைப் போலவே, புனிதயாத்திரையும், ஆப்ரஹாமின்* மூலமே விதிக்கப்பட்டது","Pilgrimsfärden, liksom alla plikter i underkastelse, föreskrevs genom Abraham*.","Паломничество, как и все обязанности в подчинении, передано через Авраама*.","তির্থযাত্রা, আনুগত্যের সকল কর্তব্যের মতো, আব্রাহামের মাধ্যমে নির্ধারিত।","La peregrinación, como todos los deberes en la sumisión, decretada a través de Abraham*.",حج، اطاعت میں تمام فرائض کی طرح، ابراہیم کے ذریعے مقرر کیا گیا۔
2646,22:33,Livestock Offerings During Pilgrimage*,22,33,Kutsal Yolculuk Sırasındaki Çiftlik Hayvanı Sunuları,Offrandes de bétail pendant le pèlerinage*,Viehopfer während der Pilgerfahrt*,Tawaran ternakan semasa ziarah*,عرضه دام در حین زیارت*,புனிதப்பயணத்தின் போது பிராணிப்பலிகள்*,Offergåvor av boskap under pilgrimsfärden*,Подношение скота во время паломничества*,তীর্থযাত্রার সময় গবাদিপশু উৎসর্গ*,Ofrendas de ganado durante la peregrinación*.,حج کے دوران مویشیوں کی قربانیاں*
2651,22:38,God Defends the Believers,22,38,Tanrı İmanlıları Müdafaa Eder,Dieu défend les croyants,Gott verteidigt die Gläubigen,Tuhan membela orang-orang yang beriman,خداوند از مؤمنان دفاع می‌کند,நம்பிக்கையாளர்களைக் கடவுள் காக்கின்றார்,Gud försvarar de troende,Бог защищает верующих,ঈশ্বর বিশ্বাসীদের রক্ষা করেন,Dios defiende a los creyentes,خدا مومنوں کا دفاع کرتا ہے
2652,22:39,"Synagogues, Churches, and Masjids",22,39,"Sinagoglar, Kiliseler ve Mescitler","Synagogues, églises et mosquées","Synagogen, Kirchen und Masjiden","Sinagog, Gereja dan Masjid",کنیسه‌ها، کلیساها و مساجد,"யூத ஆலயங்கள், தேவாலயங்க, மற்றும் மஸ்ஜித்கள்","Synagogor, kyrkor och masjider","Синагоги, церкви и масджиды","সিনেগগ, গির্জা এবং মসজিদ","Sinagogas, iglesias y mezquitas",کنیسہ، گرجا گھر اور مساجد
2662,22:49,God's Messenger of the Covenant,22,49,Tanrı'nın Antlaşma Elçisi,Le messager de l'alliance de Dieu,Gottes Gesandter des Bundes,Pembawa Perjanjian Tuhan,پیامبر عهد خدا,கடவுளின் உடன்படிக்கைத் தூதர்,Guds budbärare av förbundet,Посланник Божьего завета,চুক্তির ঈশ্বরের দূত,El Mensajero de Dios de la Alianza,عہد کا رسولِ خدا
2618,22:5,Where Did We Come From?,22,5,Nereden Geldik?,D'où venons-nous ?,Woher kommen wir?,Dari Mana Kita Datang?,ما از کجا آمدیم؟,நாம் எங்கிருந்து வந்தோம்?,Var kom vi ifrån?,Откуда мы взялись?,আমরা কোথা থেকে এসেছি?,¿De dónde venimos?,ہم کہاں سے آئے؟
2665,22:52,The System*,22,52,Sistem,Le système*,Das System*,Sistem*,سیستم*,வழிமுறை*,Systemet*,Система*,সিস্টেম*,El sistema,نظام*
2666,22:53,The Hypocrites Drop Out,22,53,İkiyüzlüler Ayrılırlar,The Hypocrites Drop Out,The Hypocrites Drop Out,Para Munafik Menyerah,ریاکاران کناره‌گیری می‌کنند,நயவஞ்சகர்கள் விலகிக் கொள்கின்றனர்,Hycklarna hoppar av,Лицемеры выбывают,ভণ্ডরা প্রতিযোগিতা থেকে বাদ পড়ে,Los hipócritas abandonan,منافقین دستبردار ہو گئے
2669,22:56,Satan's Temporary Kingship,22,56,Şeytan'ın Geçici Saltanatı,La royauté temporaire de Satan,Satans vorübergehendes Königtum,Kerajaan Sementara Syaitan,پادشاهی موقت شیطان,சாத்தானின் தற்காலிக அரசுரிமை,Satans temporära kungadöme,Временное царствование сатаны,শয়তানের অস্থায়ী রাজত্ব,El reinado temporal de Satán,شیطان کی عارضی بادشاہی
2671,22:58,Striving in the Cause of God,22,58,Tanrı Uğrunda Çaba Sarf Etmek,Lutter pour la cause de Dieu,Streben für die Sache Gottes,Berjuang di Jalan Allah,کوشش در راه خدا,கடவுளுக்காகப் பாடுபடுதல்,Att sträva för Guds skull,Стремление к Богу,আল্লাহর পথে সংগ্রাম,Luchar por la causa de Dios,اللہ کی راہ میں جہاد
2673,22:60,Divine Help for the Oppressed,22,60,Ezilenlere İlahi Yardım,Aide divine aux opprimés,Göttliche Hilfe für die Unterdrückten,Bantuan Ilahi untuk yang Teraniaya,یاری الهی برای ستمدیدگان,அடக்குமுறை செய்யப்பட்டோருக்கு தெய்வீக உதவி,Gudomlig hjälp för de förtryckta,Божественная помощь угнетенным,নিপীড়িতদের জন্য ঐশ্বরিক সাহায্য,Ayuda divina a los oprimidos,ظلم سہنے والوں کے لیے الٰہی مدد
2674,22:61,God's Omnipotence,22,61,Tanrı'nın Her Şeye Gücü Yetmesi,L'omnipotence de Dieu,Gottes Omnipotenz,Kebesaran Tuhan Yang Maha Kuasa,قدرت مطلق خدا,கடவுளின் சர்வ வல்லமை,Guds allsmäktighet,Божье всемогущество,ঈশ্বরের সর্বশক্তিমানতা,La omnipotencia de Dios,خدا کی قادرِ مطلقیت
2685,22:72,Violence & Belligerence: Signs of Disbelief,22,72,Şiddet & Münakaşacılık: İnkârcılık Belirtileri,Violence et belligérance : Signes d'incrédulité,Gewalt und Aggression: Anzeichen von Unglauben,Kekerasan & Sifat Suka Berperang: Tanda-tanda Kekafiran,خشونت و جنگ‌طلبی: نشانه‌های کفر,வன்முறை & சண்டைகுணம்:,Våld och stridslystnad: Tecken på misstroende,Насилие и воинственность: Признаки неверия,হিংসা ও যুদ্ধবাজ মনোভাব: অবিশ্বাসের লক্ষণ,Violencia y beligerancia: Señales de incredulidad,تشدد اور جارحیت: کفر کی علامات
2686,22:73,Can They Create a Fly?,22,73,Onlar Bir Sinek Yaratabilirler Mi?,Peuvent-ils créer une mouche ?,Können sie eine Fliege erzeugen?,Bolehkah Mereka Mencipta Lalat?,آیا آنها می‌توانند یک مگس بسازند؟,அவர்களால் ஒரு ஈயைப் படைக்க முடியுமா?,Kan de skapa en fluga?,Могут ли они создать муху?,তারা কি একটি মাছি তৈরি করতে পারবে?,¿Pueden crear una mosca?,کیا وہ ایک مکھّی بنا سکتے ہیں؟
2691,22:78,Abraham: Original Messenger of Submission*,22,78,İbrahim: İslam'ın İlk Elçisi,Abraham : Le premier messager de la soumission*,Abraham: Ursprünglicher Bote der Unterwerfung*,Abraham: Utusan Asli Keserahaan*,ابراهیم: پیامبر اصیل تسلیم*,ஆப்ரஹாம்:ஆப்ரஹாம்: இஸ்லாமின் ஆரம்ப தூதர்*,Abraham: Den ursprungliga budbäraren av underkastelse*,Абрахам: Первоначальный посланник покорности*,ইব্রাহিম: আত্মসমর্পণের মূল দূত*,Abraham: Mensajero original de la sumisión*.,ابراہیم: تسلیم کے اصل پیغامبر*
2621,22:8,A Common Occurrence,22,8,Yaygın Bir Durum,Un phénomène courant,Eine häufige Erscheinung,Kejadian Lazim,یک رخداد شایع,ஒரு சாதாரண நிகழ்வு,En vanlig företeelse,Обычное явление,একটি সাধারণ ঘটনা,Algo habitual,ایک عام واقعہ
2801,23:109,They Ridiculed the Believers,23,109,Onlar İmanlılarla Alay Etmişlerdi,Ils ont ridiculisé les croyants,Sie machten sich über die Gläubigen lustig,Mereka mengejek orang-orang yang beriman.,آنها مؤمنان را مسخره کردند,அவர்கள் நம்பிக்கையாளர்களைக் கேலி செய்தனர்,De förlöjligade de troende,Они высмеивали верующих,তারা বিশ্বাসীদের উপহাস করেছিল,Ridiculizaban a los creyentes,انہوں نے مومنوں کا مذاق اڑایا
2704,23:12,Accurate Embryology,23,12,Doğru Embriyoloji,Embryologie précise,Genaue Embryologie,Embriologi Tepat,جنین‌شناسی دقیق,துல்லியமான கருயியல்,Korrekt embryologi,Точная эмбриология,নির্ভুল ভ্রূণতত্ত্ব,Embriología precisa,دقیق جنینیات
2709,23:17,The Seven Universes,23,17,Yedi Evren,Les sept univers,Die sieben Universen,Tujuh Alam Semesta,هفت جهان,ஏழு பிரபஞ்சங்கள்,De sju universumen,Семь вселенных,সাতটি মহাবিশ্ব,Los siete universos,سات کائناتیں
2710,23:18,Innumerable Blessings From God,23,18,Tanrı'dan Sayısız Nimetler,D'innombrables bénédictions de Dieu,Unzählige Segnungen von Gott,Nikmat yang tidak terhitung daripada Tuhan,برکت‌های بی‌شمار از جانب خدا,கடவுளிடமிருந்து எண்ணற்ற ஆசீர்வாதங்கள்,Otaliga välsignelser från Gud,Неисчислимые благословения от Бога,ঈশ্বরের অসংখ্য আশীর্বাদ,Innumerables bendiciones de Dios,خدا کی بےشمار نعمتیں
2715,23:23,Noah,23,23,Nuh,Noah,Noah,Nuh,نوح,நோவா,Noah,Ной,নোহ,Noah,نوح
2737,23:45,Moses and Aaron,23,45,Musa ve Harun,Moïse et Aaron,Mose und Aaron,Musa dan Harun,موسی و هارون,மோஸஸும் ஆரோனும்,Mose och Aron,Моисей и Аарон,মোশি ও হারুন,Moisés y Aarón,موسیٰ اور ہارون
2743,23:51,One God/One Religion,23,51,Tek Tanrı / Tek Din,Un seul Dieu/une seule religion,Ein Gott/eine Religion,Satu Tuhan/Satu Agama,یک خدا/یک دین,ஒரு கடவுள்/ ஒரு மார்க்கம்,En Gud/En religion,Единый Бог/единая религия,এক ঈশ্বর/এক ধর্ম,Un Dios/Una Religión,ایک خدا/ایک مذہب
2754,23:62,The Disbelievers Unappreciative,23,62,İnkârcılar Nankördür,Les incrédules n'apprécient pas,Die Ungläubigen sind undankbar,Orang-orang kafir yang tidak menghargai,کافران قدرنشناس,நம்பமறுப்பவர்கள் நன்றிகெட்டவர்கள்,De icke-troende är inte tacksamma,Неверующие недооценивают,অবিশ্বাসীরা কৃতজ্ঞতাহীন,Los incrédulos desagradecidos,کافر ناشکر
2776,23:84,Most Believers are Destined for Hell*,23,84,İmanlıların Çoğu Cehennemle Mukadderdir,La plupart des croyants sont voués à l'enfer*.,Die meisten Gläubigen sind für die Hölle bestimmt*,Kebanyakan orang percaya ditakdirkan ke neraka*,اکثر مؤمنان محکوم به جهنم هستند*,நம்பிக்கை கொண்டவர்களில் பெரும்பாலோர் நரகத்திற்கென விதிக்கப்பட்டுள்ளனர்*,De flesta troende är dömda till helvetet*,Большинство верующих обречены на ад*,অধিকাংশ বিশ্বাসীই নরকের জন্য নির্ধারিত*,La mayoría de los creyentes están destinados al infierno*.,زیادہ تر مومن جہنم کے لیے مقدر ہیں*
2789,23:97,To Be Protected From Satan,23,97,Şeytan'dan Korunmak İçin,Être protégé de Satan,Vor Satan beschützt werden,Untuk Dilindungi Daripada Syaitan,برای محافظت در برابر شیطان,சாத்தானிடமிருந்து பாதுகாக்கப்பட,Att vara skyddad från Satan,Быть защищенным от сатаны,শয়তান থেকে সুরক্ষিত থাকা,Protegerse de Satanás,شیطان سے محفوظ رہنے کے لیے
2791,23:99,The Dead Never Come Back Until the Day of Resurrection,23,99,"Ölü Olan, Diriliş Günü'ne Kadar Asla Geri Gelmez",Les morts ne reviennent jamais avant le jour de la résurrection,Die Toten kehren bis zum Tag der Auferstehung nicht zurück,Orang mati tidak akan kembali sehingga hari kiamat,مردگان تا روز قیامت هرگز بازنمی‌گردند,உயிர்தெழுப்பப்படும் நாள் வரை மாண்டவர் ஒருபோதும் மீண்டு வர மாட்டார்,De döda kommer aldrig tillbaka förrän på uppståndelsens dag,Мертвые не возвращаются до дня воскресения,মৃতরা পুনরুত্থানের দিন পর্যন্ত কখনো ফিরে আসে না।,Los muertos no vuelven hasta el día de la resurrección,مردے قیامت کے دن تک کبھی واپس نہیں آتے
2822,24:11,How to Deal With Rumors and Unproven Accusations,24,11,Dedikodular ve Kanıtlanmamış Suçlamalarla Nasıl Başa Çıkılır,Comment faire face aux rumeurs et aux accusations non prouvées ?,Wie man mit Gerüchten und unbewiesenen Anschuldigungen umgeht,Cara Menghadapi Khabar Angin dan Tuduhan yang Belum Terbukti,چگونه با شایعات و اتهامات اثبات‌نشده برخورد کنیم,வதந்திகள் மற்றும் நிரூபணமில்லாத குற்றச்சாட்டுக்களைக் கையாள்வது எப்படி,Hur man hanterar rykten och obevisade anklagelser,Как справиться со слухами и бездоказательными обвинениями,গুজব ও প্রমাণহীন অভিযোগের মোকাবিলা কীভাবে করবেন,Cómo hacer frente a rumores y acusaciones no probadas,افواہوں اور بے ثبوت الزامات سے نمٹنے کا طریقہ
2827,24:16,What to Do,24,16,Ne Yapmalı,Que faire ?,Was zu tun ist,Apa yang perlu dilakukan,چه باید کرد,என்ன செய்வது,Vad ska jag göra?,Что делать,কি করতে হবে,Qué hacer,کیا کرنا ہے
2813,24:2,Adultery,24,2,Zina,Adultère,Ehebruch,Zina,زنا,விபசாரம்,Äktenskapsbrott,Прелюбодеяние,ব্যভিচার,Adulterio,زنا
2832,24:21,The Devil Encourages Baseless Accusations,24,21,Şeytan Asılsız Suçlamaları Teşvik Eder,Le diable encourage les accusations sans fondement,Der Teufel ermutigt zu grundlosen Anschuldigungen,Syaitan Menggalakkan Tuduhan Tanpa Asas,شیطان تشویق به اتهامات بی‌اساس می‌کند,அடிப்படையற்ற குற்றச்சாட்டுக்களைச் சாத்தான் ஊக்குவிக்கின்றான்,Djävulen uppmuntrar till grundlösa anklagelser,Дьявол поощряет необоснованные обвинения,শয়তান ভিত্তিহীন অভিযোগ উত্সাহিত করে,El diablo fomenta las acusaciones infundadas,شیطان بے بنیاد الزامات کی حوصلہ افزائی کرتا ہے۔
2834,24:23,Gross Sin,24,23,Büyük Günah,Péché grave,Grobe Sünde,Dosa Besar,گناه عظیم,மிகப்பெரும் பாவம்,Grov synd,Грубый грех,গুরুতর পাপ,Pecado bruto,بڑا گناہ
2838,24:27,Divine Etiquette,24,27,İlahi Görgü Kuralları,Divine Etiquette,Divine Etiquette,Adab Ilahi,آداب الهی,தெய்வீக இங்கிதம்,Gudomlig etikett,Божественный этикет,ঐশ্বরিক শিষ্টাচার,Etiqueta divina,نبی اکرم ﷺ کی آداب و سنت
2841,24:30,Dress Code for Believers*,24,30,İmanlılar İçin Giyinme Kuralı,Code vestimentaire pour les croyants*,Kleiderordnung für Gläubige*,Kod Pakaian untuk Orang Percaya*,قانون پوشش برای مؤمنان*,நம்பிக்கையாளர்களுக்குரிய ஆடைக் கட்டுப்பாடு*,Klädkod för troende*,Дресс-код для верующих*,বিশ্বাসীদের পোশাক বিধি*,Código de vestimenta para los creyentes*.,مومنوں کے لیے لباس کا ضابطہ*
2843,24:32,Encourage Marriage to Discourage Immorality,24,32,Ahlaksızlığı Caydırmak İçin Evliliği Teşvik Edin,Encourager le mariage pour décourager l'immoralité,"Die Ehe fördern, um der Unmoral entgegenzuwirken",Menggalakkan perkahwinan untuk mencegah kemaksiatan,از ازدواج تشویق کنید تا از بی‌عفتی جلوگیری شود.,ஒழுக்கக் கேட்டை ஊக்கம் குன்றச் செய்ய திருமணத்தை ஊக்கப்படுத்துங்கள்,Uppmuntra äktenskap för att avskräcka från omoral,"Поощряйте брак, чтобы предотвратить безнравственность",অনৈতিকতা নিরসনে বিবাহের প্রচার,Fomentar el matrimonio para desalentar la inmoralidad,بدکاری کی حوصلہ شکنی کے لیے شادی کی حوصلہ افزائی کریں
2846,24:35,God,24,35,Tanrı,Dieu,Gott,Tuhan,خدا,கடவுள்,Gud,Бог,ঈশ্বর,Dios,خدا
2848,24:37,Those Who Frequent the Masjid,24,37,Mescitlere Sıkça Gidenler,Ceux qui fréquentent le Masjid,"Diejenigen, die die Masjid aufsuchen",Mereka yang kerap ke masjid,مردمی که به مسجد رفت‌وآمد می‌کنند,பள்ளிவாசல்களுக்கு அடிக்கடி வருபவர்கள்,De som ofta besöker masjid,"Те, кто часто посещает Масджид",যারা মসজিদে নিয়মিত যান,Los que frecuentan la mezquita,وہ لوگ جو مسجد میں اکثر آتے ہیں
2850,24:39,Chasing A Mirage,24,39,Bir Serabın Peşine Düşmek,À la poursuite d'un mirage,Einem Trugbild nachjagen,Mengejar Fatamorgana,دنبالهٔ سراب,ஒருகானலைத் துரத்திச் செல்லுதல்,Att jaga en hägring,В погоне за миражом,একটি মরীচিকা তাড়া করা,Persiguiendo un espejismo,سراب کا تعاقب
2851,24:40,Exile From God: Total Darkness,24,40,Tanrı'dan Sürgün: Büsbütün Karanlık,Exile From God : L'obscurité totale,Exil vor Gott: Totale Finsternis,Pengasingan dari Tuhan: Kegelapan Mutlak,تبعید از خدا: تاریکی مطلق,கடவுளிடமிருந்து வெளியேற்றம்: முற்றிலும் இருட்டு,Exil från Gud: Totalt mörker,Изгнание от Бога: Полная тьма,ঈশ্বরের নির্বাসন: চিরন্তন অন্ধকার,Exilio de Dios: Oscuridad Total,خدا سے جلاوطنی: مکمل اندھیرا
2858,24:47,God Sends Instructions Through His Messenger,24,47,"Tanrı, Elçisi Yoluyla Talimatlar Gönderir",Dieu envoie des instructions par l'intermédiaire de son messager,Gott sendet Anweisungen durch seinen Gesandten,Tuhan Menghantar Arahan Melalui Utusan-Nya,خداوند از طریق پیامبرش دستور می‌فرستد,கடவுள் தன் தூதரின் மூலம் கட்டளைகளை அனுப்புகின்றார்,Gud sänder instruktioner genom sin budbärare,Бог передает указания через Своего посланника,ঈশ্বর তাঁর দূতের মাধ্যমে নির্দেশনা পাঠান,Dios envía instrucciones a través de Su Mensajero,خدا اپنے رسول کے ذریعے ہدایات بھیجتا ہے
2862,24:51,Believers Unhesitatingly Obey God and His Messenger,24,51,İmanlılar Tanrı'ya ve Elçisine Tereddüt Etmeden İtaat Ederler,Les croyants obéissent sans hésitation à Dieu et à son messager,Gläubige gehorchen Gott und seinem Gesandten ohne Zögern,Orang-orang yang beriman taat kepada Allah dan Rasul-Nya tanpa ragu-ragu.,مؤمنان بی‌درنگ از خدا و پیامبرش اطاعت می‌کنند,நம்பிக்கையாளர்கள் கடவுளுக்கும் அவருடைய தூதருக்கும் தயக்கமின்றிக் கீழ்ப்படிகின்றனர்,De troende lyder utan tvekan Gud och Hans sändebud,Верующие безоговорочно повинуются Богу и Его посланнику,বিশ্বাসীরা দ্বিধাহীনভাবে ঈশ্বর ও তাঁর প্রেরিতকে আজ্ঞা পালন করে।,Los creyentes obedecen sin vacilar a Dios y a Su Mensajero,مومن بلا تردید خدا اور اس کے رسول کی اطاعت کرتے ہیں
2866,24:55,God's Promise Kings and Queens on Earth,24,55,"Tanrı'nın Vaadi ""Yeryüzünde Krallar ve Kraliçeler""",La promesse de Dieu Rois et reines sur terre,Gottes Verheißung Könige und Königinnen auf Erden,Janji Tuhan: Raja dan Ratu di Bumi,وعدهٔ خدا: پادشاهان و ملکه‌های روی زمین,கடவுளின் வாக்குறுதி பூமி மீது ராஜாக்களாகவும் ராணிகளாகவும்,Guds löfte Kungar och drottningar på jorden,Божье обетование Короли и королевы на земле,পৃথিবীতে ঈশ্বরের প্রতিশ্রুত রাজা ও রানী,La promesa de Dios Reyes y reinas en la Tierra,خدا کا وعدہ: زمین پر بادشاہ اور ملکہ
2867,24:56,Formula for Success,24,56,Başarının Formülü,Formule de réussite,Formel für Erfolg,Formula Kejayaan,فرمول موفقیت,வெற்றியின் சூத்திரம்,Formel för framgång,Формула успеха,সফলতার সূত্র,Fórmula del éxito,کامیابی کا فارمولا
2869,24:58,Etiquette Two Prayers Mentioned by Name,24,58,Görgü Kuralları İsmiyle Bahsedilen İki Namaz,Etiquette Deux prières citées par leur nom,Etikette Zwei namentlich erwähnte Gebete,Adab Dua Doa yang Disebut Nama,آداب: دو دعای نام‌برده,இங்கிதம் இரு தொழுகைகள் பெயர் குறிப்பிடப்படுகின்றன,Etikett Två böner som nämns vid namn,"Этикет Две молитвы, упомянутые по имени",আদব: নাম উল্লেখ করে দুইটি প্রার্থনা,Etiqueta Dos oraciones mencionadas por su nombre,آداب: دو دعائیں جن کا نام لیا گیا
2871,24:60,You Shall Dress Modestly,24,60,Mütevazı Giyinin,Tu t'habilleras modestement,Du sollst dich bescheiden kleiden,Kamu hendak berpakaian dengan sopan,پوشش خود را شایسته و باوقار نگه دارید,நீங்கள் ஒழுக்கமாக ஆடையணிய வேண்டும்,Du skall klä dig anständigt,Вы должны одеваться скромно,তুমি শালীনভাবে পোশাক পরিধান করবে।,Vestirás con modestia,تم باحیا لباس پہنو
2872,24:61,Be Sure Your Meal is Lawful,24,61,Yemeğinizin Helal Olduğundan Emin Olun,Assurez-vous que votre repas est licite,"Seien Sie sicher, dass Ihre Mahlzeit rechtmäßig ist",Pastikan Hidangan Anda Halal,مطمئن شوید غذایتان حلال است,உங்களுடைய உணவு சட்டபூர்வமானது என்பதை நிச்சயப்படுத்திக் கொள்ளுங்கள்,Se till att din måltid är laglig,"Убедитесь, что ваша еда законна",নিশ্চিত করুন আপনার খাবার আইনসম্মত,Asegúrese de que su comida es legal,یقینی بنائیں کہ آپ کا کھانا حلال ہو۔
2887,25:11,The Real Reason,25,11,Gerçek Sebep,La vraie raison,Der wahre Grund,Sebab Sebenar,دلیل واقعی,மெய்யான காரணம்,Det verkliga skälet,Настоящая причина,আসল কারণ,La verdadera razón,اصل وجہ
2888,25:12,Retribution for the Disbelievers,25,12,İnkârcılar için Azap,Le châtiment des mécréants,Vergeltung für die Ungläubigen,Balasan bagi orang-orang kafir,کیفر برای کافران,நம்பமறுப்பவர்களுக்கான தண்டனை,Vedergällning för de otrogna,Возмездие для неверующих,অবিশ্বাসীদের জন্য প্রতিদান,Castigo para los infieles,کافروں کے لیے بدلہ
2891,25:15,Reward for the Righteous,25,15,Doğrular için Ödül,Récompense pour les justes,Belohnung für die Gerechten,Balas bagi orang yang berbuat baik,پاداش برای نیکان,நன்னெறியாளர்களுக்கான வெகுமதி,Belöning för de rättfärdiga,Награда для праведников,সৎকর্মীদের পুরস্কার,Recompensa para los justos,نیکوں کے لیے انعام
2896,25:20,Messengers Are Just Human Beings,25,20,Elçiler Sadece İnsandırlar,Les messagers ne sont que des êtres humains,Messengers Are Just Human Beings,Utusan hanyalah manusia,پیام‌رسان‌ها فقط انسان هستند,தூதர்களும் மனிதர்களே,Budbärare är bara människor,Посланники - это просто люди,বার্তাবাহকরা কেবলই মানুষ।,Los mensajeros son seres humanos,پیغامبر صرف انسان ہیں
2903,25:27,God's Messenger of the Covenant*,25,27,Tanrı'nın Antlaşma Elçisi,Le messager de l'alliance de Dieu*,Gottes Gesandter des Bundes*,Pembawa Janji Tuhan*,پیام‌آور عهد خدا*,கடவுளின் உடன்படிக்கைத் தூதர்*,Guds budbärare av förbundet*,Посланник Божьего Завета*.,আহদ-এর ঈশ্বরের দূত*,Mensajero de Dios de la Alianza*.,عہد کا خدا کا رسول*
2909,25:33,God's Evidence is Overwhelming,25,33,Tanrı'nın Delili Karşı Konulamazdır,Les preuves de Dieu sont accablantes,Gottes Beweise sind überwältigend,Bukti Tuhan amat meyakinkan,شواهد خدا قاطع و غیرقابل انکار است,கடவுளின் சான்றுகள் மூழ்கடிப்பவை,Guds bevis är överväldigande,Доказательства Бога ошеломляют,ঈশ্বরের প্রমাণ অপ্রতিরোধ্য,Las pruebas de Dios son abrumadoras,خدا کے دلائل بےمثال ہیں
2880,25:4,The Disbelievers Rebutted by the Quran's Mathematical Code,25,4,İnkârcıların Yanlış Olduğu Kuran'ın Matematiksel Kodu Tarafından Kanıtlandı,Les mécréants réfutés par le code mathématique du Coran,Die Ungläubigen werden durch den mathematischen Code des Korans widerlegt,Penolakan Orang-Orang Kafir oleh Kod Matematik Al-Quran,کافران با کد ریاضی قرآن رد می‌شوند,குர்ஆனின் கணிதக் குறியீட்டின் மூலம் நம்பமறுப்பவர்கள் வாயடைத்துப் போகின்றனர்,De otroende motbevisas av Koranens matematiska kod,Неверующие опровергают математический код Корана,কুরআনের গাণিতিক কোড দ্বারা অবিশ্বাসীদের খণ্ডন,Los incrédulos refutados por el código matemático del Corán,قرآن کے عددی کوڈ کے ذریعے کافروں کا رد
2917,25:41,Messengers Ridiculed,25,41,Elçilerle Alay Edildi,Les messagers ridiculisés,Lächerlich gemachte Boten,Utusan Dihina,رسولان مسخره شدند,தூதர்கள் கேலி செய்யப்பட்டனர்,Budbärare förlöjligade,Посланники высмеиваются,বার্তাবাহকদের উপহাস,Mensajeros ridiculizados,پیغامبروں کا مذاق اڑایا گیا
2919,25:43,The Ego as a god,25,43,Bir tanrı Olarak Ego,L'ego en tant que dieu,Das Ego als Gott,Ego sebagai dewa,ایگو به‌عنوان یک خدا,அகந்தை ஒரு தெய்வமாக,Jaget som en gud,Эго как бог,ঈগোকে একজন দেবতা হিসেবে,El yo como dios,اَنا بطورِ خدا
2921,25:45,Infinite Blessings From God,25,45,Tanrı’dan Sonsuz Nimetler,Bénédictions infinies de Dieu,Unendliche Segnungen von Gott,Berkat tanpa batas daripada Tuhan,برکت‌های بی‌پایان از جانب خدا,முடிவுறா அருட்கொடைகள் கடவுளிடமிருந்து,Oändliga välsignelser från Gud,Бесконечные благословения от Бога,ঈশ্বরের অসীম আশীর্বাদ,Bendiciones infinitas de Dios,خدا کی جانب سے لامتناہی برکتیں
2934,25:58,The Prophets and the Saints Are Dead,25,58,Peygamberler ve Azizler Ölüdürler,Les prophètes et les saints sont morts,Die Propheten und die Heiligen sind tot,Para nabi dan orang-orang suci telah mati,پیامبران و اولیا مرده‌اند,நபிமார்களும் மகான்களும் இறந்து விட்டவர்களே,Profeterna och de heliga är döda,Пророки и святые мертвы,নবীরা এবং সন্তরা মৃত,Los profetas y los santos han muerto,انبیاء اور اولیاء فوت ہو چکے ہیں
2936,25:60,The Unappreciative Human,25,60,Nankör İnsan,L'homme qui n'apprécie pas,Der undankbare Mensch,Manusia yang tidak menghargai,انسان قدرنشناس,நன்றிகெட்ட மானிடன்,Den ouppskattande människan,Неблагодарный человек,অকৃতজ্ঞ মানুষ,El ser humano desagradecido,ناقدردان انسان
2939,25:63,Traits of the Righteous,25,63,Doğruların Özellikleri,Traits de caractère des justes,Eigenschaften der Gerechten,Sifat-sifat orang yang soleh,ویژگی‌های صالحان,நன்னெறியாளர்களின் பண்புகள்,Den rättfärdiges egenskaper,Черты праведника,সৎলোকদের বৈশিষ্ট্য,Rasgos de los justos,نیک لوگوں کی خصوصیات
2883,25:7,Typical Utterances of Disbelievers,25,7,İnkârcıların Tipik Sözleri,Propos typiques des mécréants,Typische Äußerungen von Ungläubigen,Ungkapan Biasa Orang Yang Tidak Percaya,گفتارهای معمول کافران,நம்பமறுப்பவர்களுடைய ஒரே விதமான கூற்றுக்கள்,Typiska uttalanden från icke-troende,Типичные высказывания неверующих,অবিশ্বাসীদের সাধারণ উক্তি,Expresiones típicas de los incrédulos,کافروں کے عام اقوال
2948,25:72,Additional Traits of the Righteous,25,72,Doğruların İlave Özellikleri,Autres caractéristiques des justes,Weitere Eigenschaften der Gerechten,Sifat Tambahan Orang-Orang Saleh,ویژگی‌های اضافی صالحان,நன்னெறியாளர்களின் கூடுதல் பண்புகள்,Ytterligare egenskaper hos de rättfärdiga,Дополнительные черты праведников,সৎলোকদের অতিরিক্ত বৈশিষ্ট্যসমূহ,Otros rasgos de los justos,نیک لوگوں کی اضافی خصوصیات
2964,26:10,Moses,26,10,Musa,Moïse,Moses,Musa,موسی,மோஸஸ்,Moses,Мозес,মোশে,Moisés,موسیٰ
3059,26:105,Noah,26,105,Nuh,Noah,Noah,Nuh,نوح,நோவா,Noah,Ной,নোহ,Noah,نوح
3077,26:123,Hûd,26,123,Hud,Hûd,Hûd,Hûd,هود,ஹூத்,Hûd,Hûd,হূদ,Hûd,ہود
3095,26:141,Sãleh,26,141,Salih,Sãleh,Sãleh,Saleh,صالح,ஸாலிஹ்,Sãleh,Sãleh,সালেহ,Sãleh,صالح
3114,26:160,Lot,26,160,Lut,Lot,Los,Lot,لوت,லோத்,Lot,Лот,লট,Lote,حصہ
3130,26:176,Shu'aib,26,176,Şuayb,Shu'aib,Scho'aib,Syuaib,شعیب,ஷுஐப்,Shu'aib,Шу'айб,শুআইব,Shu'aib,شعیب
3146,26:192,The Quran,26,192,Kuran,Le Coran,Der Koran,Al-Quran,قرآن,குர்ஆன்,Koranen,Коран,কুরআন,El Corán,قرآن
3152,26:198,The Quran Must Be Translated,26,198,"Kuran, Tercüme Edilmelidir",Le Coran doit être traduit,Der Koran muss übersetzt werden,Al-Quran mesti diterjemahkan,قرآن باید ترجمه شود,குர்ஆன் மொழி பெயர்க்கப்பட்டாக வேண்டும்,Koranen måste översättas,Коран должен быть переведен,কুরআন অবশ্যই অনুবাদ করতে হবে,El Corán debe traducirse,قرآن کا ترجمہ ہونا چاہیے
3164,26:210,False Messengers Incapable of Preaching the Worship of God ALONE*,26,210,Yalancı Elçiler YALNIZCA Tanrı'ya Tapmayı Vaaz Etmekten Acizdirler,Les faux messagers incapables de prêcher l'adoration de Dieu SEUL*,"Falsche Boten, die nicht in der Lage sind, die Anbetung Gottes ALLEIN zu predigen*",Pembawa Haba Palsu Tidak Mampu Memberitakan Penyembahan Kepada Allah SAHAJA*,پیامبران دروغین ناتوان از تبلیغ پرستش خداوند به تنهایی*,கடவுளை மட்டும் வழிபடுதலை உபதேசிக்க போலித்தூதர்களால் இயலாது*,Falska budbärare oförmögna att predika Guds tillbedjan ALENE*,"Ложные посланники, не способные проповедовать поклонение Богу в одиночку*",মিথ্যা দূত যারা একমাত্র ঈশ্বরের উপাসনা প্রচার করতে অক্ষম*,Falsos Mensajeros Incapaces de Predicar la Adoración de Dios SOLO*.,جھوٹے پیغامبر جو صرف خدا کی عبادت کی تبلیغ کرنے سے قاصر ہیں*
3168,26:214,God's Messenger of the Covenant*,26,214,Tanrı'nın Antlaşma Elçisi,Le messager de l'alliance de Dieu*,Gottes Gesandter des Bundes*,Pembawa Perjanjian Tuhan*,پیام‌آور عهد خدا*,கடவுளின் உடன்படிக்கைத் தூதர்*,Guds budbärare av förbundet*,Посланник Божьего Завета*.,আহদ-এর ঈশ্বরের দূত*,Mensajero de Dios de la Alianza*.,عہد کا خدا کا رسول*
3000,26:46,The Experts See the Truth,26,46,Uzmanlar Gerçeği Görüyor,Les experts voient la vérité,Die Experten sehen die Wahrheit,Para Pakar Melihat Kebenaran,کارشناسان حقیقت را می‌بینند,நிபுணர்கள் சத்தியத்தைக் காண்கின்றனர்,Experterna ser sanningen,Эксперты видят правду,বিশেষজ্ঞরা সত্য দেখতে পান,Los expertos ven la verdad,ماہرین سچائی دیکھتے ہیں
2959,26:5,The Quran's Mathematical Code,26,5,Kuran'ın Matematiksel Kodu,Le code mathématique du Coran,Der mathematische Code des Korans,Kod Matematik Al-Quran,کد ریاضی قرآن,குர்ஆனின் கணிதக் குறியீடு,Koranens matematiska kod,Математический код Корана,কুরআনের গাণিতিক কোড,El código matemático del Corán,قرآن کا ریاضیاتی کوڈ
3011,26:57,The Inevitable Retribution,26,57,Kaçınılmaz Azap,Le châtiment inévitable,Die unvermeidliche Vergeltung,Balasan yang tidak dapat dielakkan,کیفر اجتناب‌ناپذیر,தவிர்த்து விட முடியாத அந்த தண்டனை,Den oundvikliga vedergällningen,Неизбежное возмездие,অনিবার্য প্রতিদান,El castigo inevitable,ناگزیر بدلہ
3023,26:69,Abraham,26,69,İbrahim,Abraham,Abraham,Abraham,ابراهیم,ஆப்ரஹாம்,Abraham,Авраам,আব্রাহাম,Abraham,ابراہیم
3046,26:92,They Will Disown Their Idols,26,92,Onlar Putlarını Terk Edecekler,Ils renieront leurs idoles,Sie werden ihre Idole verleugnen,Mereka akan menafikan berhala-berhala mereka,آنها بت‌های خود را طرد خواهند کرد,அவர்கள் தங்களுடைய போலித் தெய்வங்களைக் கைவிட்டு விடுவார்கள்,De kommer att förneka sina idoler,Они отрекутся от своих кумиров,তারা তাদের মূর্তিগুলোকে অস্বীকার করবে,Repudiarán a sus ídolos,وہ اپنے معبودوں سے انکار کریں گے
3197,27:15,David and Solomon,27,15,Davut ve Süleyman,David et Salomon,David und Salomo,Daud dan Sulaiman,داوود و سلیمان,டேவிட்டும் ஸாலமனும்,David och Salomo,Давид и Соломон,দাউদ ও সুলায়মান,David y Salomón,داؤد اور سلیمان
3211,27:29,Back in Sheba,27,29,Tekrar Saba'da,Retour à Saba,Zurück in Saba,Kembali ke Sheba,بازگشت به شیبا,ஷீபாவில் நிகழ்ந்தது,Tillbaka i Sheba,Возвращение в Шебу,শেবায় ফিরে,De vuelta a Saba,شِبا میں واپس
3220,27:38,Faster Than the Speed of Light,27,38,Işık Hızından Daha Hızlı,Plus vite que la vitesse de la lumière,Schneller als die Lichtgeschwindigkeit,Lebih pantas daripada kelajuan cahaya,سریع‌تر از سرعت نور,ஒளியின் வேகத்தை விட விரைவாக,Snabbare än ljusets hastighet,"Быстрее, чем скорость света",আলোর গতির চেয়ে দ্রুত,Más rápido que la velocidad de la luz,روشنی کی رفتار سے تیز
3227,27:45,Sãleh,27,45,Salih,Sãleh,Sãleh,Saleh,صالح,ஸாலிஹ்,Sãleh,Sãleh,সালেহ,Sãleh,صالح
3232,27:50,God Protects The Believers,27,50,Tanrı İmanlıları Korur,Dieu protège les croyants,Gott beschützt die Gläubigen,Tuhan melindungi orang-orang yang beriman,خداوند مؤمنان را محافظت می‌کند,நம்பிக்கையாளர்களைக் கடவுள் காக்கின்றார்,Gud beskyddar de troende,Бог защищает верующих,ঈশ্বর বিশ্বাসীদের রক্ষা করেন,Dios protege a los creyentes,خدا مومنوں کی حفاظت کرتا ہے
3236,27:54,Lot,27,54,Lut,Lot,Los,Lot,لوت,லோத்,Lot,Лот,লট,Lote,حصہ
3241,27:59,Make No Distinction Among God's Messengers,27,59,Tanrı'nın Elçileri Arasında Hiçbir Ayrım Yapmayın,Ne pas faire de distinction entre les messagers de Dieu,Keine Unterscheidung zwischen Gottes Gesandten machen,Jangan membuat perbezaan antara para utusan Allah,در میان پیامبران خدا فرق نگذارید,கடவுளின் தூதர்களுக்கிடையில் பேதங்கள் செய்யாதீர்கள்,Gör ingen åtskillnad mellan Guds budbärare,Не делайте различий между посланниками Бога,আল্লাহর প্রেরিতদের মধ্যে পার্থক্য করবেন না,No distingas entre los mensajeros de Dios,اللہ کے پیغمبروں میں فرق نہ کرو
3242,27:60,God ALONE Worthy of Worship,27,60,YALNIZCA Tanrı Tapılmaya Layıktır,Dieu SEUL digne d'être adoré,Gott ALLEIN ist der Anbetung würdig,Hanya Tuhan Saja Yang Layak Disembah,تنها خدا شایستهٔ پرستش است,கடவுள் மட்டுமே வழிபடுவதற்குத் தகுதியானவர்,Gud ALLEN värdig tillbedjan,Бог ОДИН достоин поклонения,কেবল ঈশ্বরই উপাসনার যোগ্য,Sólo Dios es digno de adoración,صرف خدا ہی عبادت کے لائق ہے
3243,27:61,"Jesus, Mary, Muhammad, the Saints, etc. Never Participated",27,61,"İsa, Meryem, Muhammed v. Asla İştirak Etmediler","Jésus, Marie, Mahomet, les saints, etc. N'a jamais participé","Jesus, Maria, Mohammed, die Heiligen, usw. Nie teilgenommen","Yesus, Maria, Muhammad, para orang suci, dan lain-lain tidak pernah mengambil bahagian.",عیسی، مریم، محمد، قدیسان و غیره هرگز شرکت نکردند,"ஜீஸஸ், மேரி, முஹம்மத், மகான்கள், போன்றோர். ஒருபோதும் பங்குபெறவில்லை","Jesus, Maria, Muhammed, helgonen, etc. Aldrig deltagit","Иисус, Мария, Мухаммед, святые и т.д. Никогда не участвовал","যিশু, মেরি, মুহাম্মদ, সন্তগণ ইত্যাদি কখনো অংশগ্রহণ করেনি।","Jesús, María, Mahoma, los Santos, etc. Nunca participó",عیسیٰ، مریم، محمد، اولیاء وغیرہ نے کبھی شرکت نہیں کی۔
3248,27:66,Believing in the Hereafter: Great Obstacle for Most People,27,66,Ahirete İman Etmek: İnsanların Çoğu İçin Büyük Engel,Croire en l'au-delà : Un obstacle de taille pour la plupart des gens,Der Glaube an das Jenseits: Großes Hindernis für die meisten Menschen,Beriman kepada Hari Akhirat: Halangan Besar bagi Kebanyakan Orang,باور به آخرت: مانع بزرگ برای اکثر مردم,மறுவுலகின் மீது நம்பிக்கை: அதிகமான மக்களுக்கு ஒரு மாபெரும் இடர்ப்பாடு,Att tro på livet efter detta: Stort hinder för de flesta människor,Вера в будущее: Большое препятствие для большинства людей,পরকালের প্রতি বিশ্বাস: অধিকাংশ মানুষের জন্য একটি বড় বাধা,Creer en el Más Allá: Un gran obstáculo para la mayoría,آخرت پر ایمان: زیادہ تر لوگوں کے لیے ایک عظیم رکاوٹ
3189,27:7,Moses,27,7,Musa,Moïse,Moses,Musa,موسی,மோஸஸ்,Moses,Мозес,মোশে,Moisés,موسیٰ
3264,27:82,The Computer Is The Creature*,27,82,O Yaratık Bilgisayardır,L'ordinateur est la créature*,Der Computer ist die Kreatur*,Komputer adalah makhluk*,رایانه موجود است*,கணிணிதான் அந்த விலங்கு*,Datorn är den skapade varelsen*,Компьютер - это существо*,কম্পিউটারই সেই প্রাণী*,El ordenador es la criatura,کمپیوٹر ایک مخلوق ہے*
3266,27:84,Study the Quran's Mathematical Code,27,84,Kuran'ın Matematiksel Kodunu İnceleyin,Étudier le code mathématique du Coran,Studieren Sie den mathematischen Code des Korans,Kaji Kod Matematik Al-Quran,کد ریاضی قرآن را مطالعه کنید,குர்ஆனின் கணிதக்குறியீட்டைக் கவனத்துடன் பரிசீலியுங்கள்,Studera Koranens matematiska kod,Изучите математический код Корана,কুরআনের গাণিতিক কোড অধ্যয়ন করুন,Estudiar el código matemático del Corán,قرآن کے ریاضیاتی کوڈ کا مطالعہ کریں
3270,27:88,Earth's Movement: A Scientific Miracle,27,88,Dünya'nın Hareketi: Bilimsel Bir Mucize,Le mouvement de la Terre : Un miracle scientifique,Die Bewegung der Erde: Ein wissenschaftliches Wunder,Pergerakan Bumi: Satu Keajaiban Sains,حرکت زمین: یک معجزه علمی,பூமியின் இயக்கம்: ஒரு விஞ்ஞான அற்புதம்,Jordens rörelse: Ett vetenskapligt mirakel,Движение Земли: Научное чудо,পৃথিবীর গতি: একটি বৈজ্ঞানিক অলৌকিক ঘটনা,El movimiento de la Tierra: Un milagro científico,زمین کی حرکت: ایک سائنسی معجزہ
3271,27:89,The Day of Judgment,27,89,Yargı Günü,Le jour du jugement,Der Tag des Jüngsten Gerichts,Hari Pembalasan,روز قیامت,தீர்ப்பு நாள்,Domedagen,Судный день,কিয়ামত দিবস,El Día del Juicio,روزِ قیامت
3288,28:12,The Infant Returned to His Mother,28,12,Bebek Annesine Döndü,Le nourrisson retourne à sa mère,Der Säugling kehrt zu seiner Mutter zurück,Bayi itu dikembalikan kepada ibunya,نوزاد به مادرش بازگردانده شد,பாலகன் தன்னுடைய தாயாரிடம் திரும்பச் சேர்ப்பிக்கப்படுகின்றார்,Spädbarnet återvände till sin mor,Младенец вернулся к матери,শিশুটি তার মায়ের কাছে ফিরে এলো,El niño devuelto a su madre,بچہ اپنی ماں کے پاس واپس آ گیا
3291,28:15,Moses Commits Manslaughter,28,15,Musa Kazara Adam Öldürüyor,Moïse commet un homicide involontaire,Moses begeht Totschlag,Musa melakukan pembunuhan tidak sengaja,موسی مرتکب قتل غیرعمد می‌شود,மோஸஸ் கொலை செய்கின்றார்,Moses begår dråp,Моисей совершает непредумышленное убийство,মোশে অনিচ্ছাকৃত হত্যা করে,Moisés comete homicidio involuntario,موسیٰ نے غیر ارادی قتل کیا
3295,28:19,Moses' Crime Exposed,28,19,Musa'nın İşlediği Suç Ortaya Çıktı,Le crime de Moïse dévoilé,Moses' Verbrechen aufgedeckt,Kejahatan Musa Terbongkar,جنایت موسی افشا شد,மோஸஸின் குற்றம் வெளிப்படுத்தப்படுகின்றது,Moses brott avslöjat,Преступление Моисея раскрыто,মোশির অপরাধ উন্মোচিত,El crimen de Moisés al descubierto,موسیٰ کا جرم بے نقاب
3298,28:22,In Midyan,28,22,Midyan'da,À Midyan,In Midyan,Di Midian,در مدین,மித்யனில்,I Midyan,В Мидьяне,মিদিয়নে,En Midyan,مِدْیان میں
3302,28:26,Moses Marries,28,26,Musa Evleniyor,Moïse se marie,Mose heiratet,Musa berkahwin,موسی ازدواج می‌کند,மோஸஸ் திருமணம் புரிகின்றார்,Moses gifter sig,Моисей женится,মোশে বিয়ে করেন,Moisés se casa,موسیٰ کی شادی
3305,28:29,Back to Egypt,28,29,Mısır'a Dönüş,Retour à l'Égypte,Zurück zu Ägypten,Kembali ke Mesir,بازگشت به مصر,மீண்டும் எகிப்திற்கு,Tillbaka till Egypten,Назад в Египет,মিশরে ফিরে যাও,Volver a Egipto,مصر واپس
3306,28:30,Moses Appointed,28,30,Musa Görevlendirildi,Moïse nommé,Moses Ernennung,Musa Dilantik,موسى منصوب شد,மோஸஸ் நியமிக்கப்படுகின்றார்,Moses utnämnd,Назначенный Моисей,মোশি নিযুক্ত,Moisés nombrado,موسیٰ کی تقرری
3312,28:36,Pharaoh's Arrogance,28,36,Firavun'un Kibri,L'arrogance du pharaon,Die Arroganz des Pharaos,Kesombongan Firaun,کبر فرعون,ஃபேரோவின் ஆணவம்,Faraos arrogans,Высокомерие фараона,ফেরাউনের অহংকার,La arrogancia del faraón,فرعون کی سرکشی
3319,28:43,The Book of Moses*,28,43,Musa'nın Kitabı,Le livre de Moïse*,Das Buch Mose*,Kitab Musa*,کتاب موسی*,மோஸஸின் புத்தகம்*,Moseboken*,Книга Моисея*,মোশির বই*,El Libro de Moisés,کتابِ موسیٰ*
3320,28:44,Addressing God's Messenger of the Covenant,28,44,Tanrı'nın Antlaşma Elçisi'ne Hitaben,S'adresser au messager de l'alliance de Dieu,Ansprache an den Gesandten Gottes des Bundes,Mengarahkan kepada Utusan Perjanjian Tuhan,خطاب به پیامبر عهد خدا,கடவுளின் உடன்படிக்கைத் தூதரை நோக்கி கூறப்படுகின்றது,Att vända sig till Guds budbärare av förbundet,Обращение к Божьему посланнику завета,ঈশ্বরের প্রতিশ্রুতির দূতকে সম্বোধন,Dirigiéndose al Mensajero de Dios de la Alianza,خدا کے عہد کے رسول کو خطاب کرنا
3323,28:47,No Excuse,28,47,Bahane Yok,Pas d'excuse,Keine Ausrede,Tiada alasan,هیچ بهانه‌ای نیست,மன்னிப்பதற்குக் காரணம் இல்லை,Ingen ursäkt,Без оправданий,কোনও অজুহাত নেই,Sin excusa,کوئی بہانہ نہیں
3324,28:48,The Torah and The Quran,28,48,Tevrat ve Kuran,La Torah et le Coran,Die Thora und der Koran,Taurat dan Al-Quran,تورات و قرآن,தோராவும் குர்ஆனும்,Torah och Koranen,Тора и Коран,তৌরাত এবং কুরআন,La Torá y el Corán,تورات اور قرآن
3281,28:5,God Compensates the Oppressed,28,5,Tanrı Ezilenleri Tazmin Eder,Dieu compense les opprimés,Gott entschädigt die Unterdrückten,Tuhan memberi ganti kepada golongan yang teraniaya,خداوند به ستم‌دیدگان جبران می‌کند,அடக்குமுறை செய்யப்பட்டோருக்குக் கடவுள் நஷ்ட ஈடு செய்கின்றார்,Gud kompenserar de förtryckta,Бог компенсирует угнетенных,ঈশ্বর অত্যাচারিতদের ক্ষতিপূরণ দেন,Dios compensa a los oprimidos,خدا مظلوموں کا حق ادا کرتا ہے
3326,28:50,God Sends His Teachings to us Through His Messengers,28,50,"Tanrı, Öğretilerini Elçileri Vasıtasıyla Bize Gönderir",Dieu nous transmet ses enseignements par l'intermédiaire de ses messagers,Gott sendet seine Lehren durch seine Boten zu uns,Tuhan menghantar ajarannya kepada kita melalui para utusannya,خدا تعالیمش را از طریق پیامبرانش به ما می‌فرستد,கடவுள் தனது போதனைகளை தன் தூதர்கள் வாயிலாக நமக்கு அனுப்புகின்றார்,Gud sänder sina lärdomar till oss genom sina budbärare,Бог посылает нам Свои учения через Своих посланников,ঈশ্বর তাঁর দূতদের মাধ্যমে আমাদের কাছে তাঁর শিক্ষা পাঠান।,Dios nos envía sus enseñanzas a través de sus mensajeros,خدا اپنی تعلیمات ہمیں اپنے پیغمبروں کے ذریعے بھیجتا ہے۔
3327,28:51,All True Believers Accept the Quran,28,51,Gerçek İmanlıların Tamamı Kuran'ı Kabul Ederler,Tous les vrais croyants acceptent le Coran,Alle wahren Gläubigen akzeptieren den Koran,Semua orang yang benar-benar beriman menerima al-Quran,تمام مؤمنان واقعی قرآن را می‌پذیرند,மெய்யான நம்பிக்கையாளர்கள் அனைவரும் குர்ஆனை ஏற்றுக் கொள்கின்றனர்,Alla sanna troende accepterar Koranen,Все истинно верующие принимают Коран,সকল সত্য বিশ্বাসী কুরআন গ্রহণ করে,Todos los verdaderos creyentes aceptan el Corán,تمام سچے مومن قرآن کو قبول کرتے ہیں
3330,28:54,Twice the Reward for Christians & Jews Who Recognize the Truth,28,54,Gerçeği Tanıyan Hrıstiyan & Yahudiler İçin İki Misli Ödül,Deux fois plus de récompenses pour les chrétiens et les juifs qui reconnaissent la vérité,"Doppelte Belohnung für Christen und Juden, die die Wahrheit erkennen",Dua kali ganjaran untuk orang Kristian dan orang Yahudi yang mengakui kebenaran,پاداش دوچندان برای مسیحیان و یهودیانی که حقیقت را می‌شناسند,சத்தியத்தை அடையாளம் காண்கின்ற கிறித்து வர்கள் & யூதர்களுக்கு இரு மடங்கு வெகுமதி,Dubbelt så stor belöning för kristna och judar som erkänner sanningen,"Вдвое большее вознаграждение получат христиане и евреи, признавшие истину",সত্যকে স্বীকৃতি দেওয়া খ্রিস্টান ও ইহুদীদের জন্য পুরস্কার দ্বিগুণ,Doble recompensa para cristianos y judíos que reconocen la verdad,سچائی کو تسلیم کرنے والے مسیحیوں اور یہودیوں کے لیے انعام دگنا
3332,28:56,Only God Guides,28,56,Sadece Tanrı Rehberlik Eder,Seul Dieu guide,Nur Gott lenkt,Hanya Tuhan yang membimbing,تنها خدا هدایت می‌کند,கடவுள் மட்டுமே வழி நடத்துகின்றார்,Endast Gud vägleder,Только Бог направляет,কেবল ঈশ্বরই পথপ্রদর্শন করেন,Sólo Dios guía,صرف خدا ہی رہنمائی کرتا ہے
3338,28:62,The Idols Disown Their Idolizers,28,62,Putlar Kendilerine Tapanları Sahiplenmezler,Les idoles désavouent leurs idolâtres,Die Idole verleugnen ihre Götzendiener,Para penyembah menafikan dewa mereka,بت‌ها از پرستندگان خود بیزاری جستند,போலித் தெய்வங்கள் தம்மை இணைவழிபாடு செய்தவர்களைக் கைவிட்டு விடுகின்றன,Idolerna förnekar sina idoliserare,Кумиры отрекаются от своих кумиров,প্রতিমাগুলো তাদের পূজারীরা পরিত্যাগ করে,Los ídolos repudian a sus idólatras,مورتوں نے اپنے پرستاروں سے انکار کر دیا
3341,28:65,Our Response to the Messengers,28,65,Elçilere Yanıtımız,Notre réponse aux messagers,Unsere Antwort auf die Boten,Tanggapan Kami kepada Para Utusan,پاسخ ما به پیام‌آوران,தூதர்களுக்கு நம்முடைய மறுமொழி,Vårt svar till budbärarna,Наша реакция на посланников,বার্তাবাহকদের প্রতি আমাদের প্রতিক্রিয়া,Nuestra respuesta a los mensajeros,پیغام رسانوں کے جواب میں ہمارا ردعمل
3283,28:7,Confidence in God,28,7,Tanrı'ya Olan Güven,Confiance en Dieu,Vertrauen in Gott,Keyakinan kepada Tuhan,اعتماد به خدا,கடவுள் மீது உறுதியான நம்பிக்கை,Förtroende för Gud,Уверенность в Боге,ঈশ্বরে বিশ্বাস,Confianza en Dios,خدا پر اعتماد
3347,28:71,God's Blessings,28,71,Tanrı'nın Nimetleri,Bénédictions de Dieu,Gottes Segnungen,Berkat Tuhan,برکت‌های خداوند,கடவுளின் ஆசிகள்,Guds välsignelser,Божьи благословения,ঈশ্বরের আশীর্বাদ,Bendiciones de Dios,خدا کی برکتیں
3350,28:74,Idols Possess No Power,28,74,Putarın Hiçbir Gücü Yoktur,Les idoles n'ont aucun pouvoir,Idole haben keine Macht,Berhala tidak mempunyai kuasa.,بت‌ها هیچ قدرتی ندارند,போலித் தெய்வங்கள் சக்தி எதையும் பெற்றிருக்கவில்லை,Idoler besitter ingen makt,Идолы не имеют силы,মূর্তিগুলোর কোনো ক্ষমতা নেই,Los ídolos no tienen poder,بتوں کے پاس کوئی طاقت نہیں ہوتی۔
3352,28:76,Qãroon,28,76,Karun,Qãroon,Qãroon,Ada,وجود دارد,காரூன்,Qãroon,Qãroon,একটি আছে,Qãroon,ہے
3356,28:80,The Real Wealth,28,80,Gerçek Servet,La vraie richesse,Der wahre Reichtum,Kekayaan Sejati,ثروت واقعی,மெய்யான செல்வம்,Den verkliga rikedomen,Настоящее богатство,আসল সম্পদ,La verdadera riqueza,حقیقی دولت
3357,28:81,The Tyrants' Inevitable Fate,28,81,Tiranların Kaçınılmaz Sonu,Le destin inéluctable des tyrans,Das unvermeidliche Schicksal der Tyrannen,Nasib Tak Terelakkan Para Tirani,سرنوشت محتوم ستمگران,கொடுங்கோலர்களின் தவிர்க்க முடியாத விதி,Tyrannernas oundvikliga öde,Неизбежная судьба тиранов,স্বৈরশাসকদের অনিবার্য পরিণতি,El destino inevitable de los tiranos,ظالموں کا ناگزیر انجام
3359,28:83,The Ultimate Winners,28,83,Tanrı’nın Sözünü Gizlemek,Les grands gagnants,Die ultimativen Gewinner,Para Pemenang Terhebat,برندگان نهایی,இறுதி வெற்றியாளர்கள்,De ultimata vinnarna,Победители,চূড়ান্ত বিজয়ীরা,Los ganadores finales,حتمی فاتحین
3285,28:9,Inside the Lion's Den,28,9,Tehlikenin İçinde,Dans la fosse aux lions,In der Höhle des Löwen,Di Dalam Sarang Singa,در دل شیر,சிங்கத்தின் குகைக்குள்,Inuti lejonets kula,В логове льва,সিংহের গহ্বরে,En la guarida del león,شیر کے پنجرے کے اندر
3375,29:10,Fair Weather Friends,29,10,İyi Gün Dostları,Amis du beau temps,Schönwetterfreunde,Rakan Cuaca Baik,دوستان هوای صاف,நல்ல காலத்தில் நண்பர்கள்,Vänner i rätt väder,Друзья по несчастью,সুন্দর আবহাওয়ার বন্ধুরা,Amigos del buen tiempo,خوش دلی کے دوست
3379,29:14,Noah,29,14,Nuh,Noé,Noah,Nuh,نوح,நோவா,Noah,Ной,নোহ,Noah,نوح
3381,29:16,Abraham,29,16,İbrahim,Abraham,Abraham,Abraham,ابراهیم,ஆப்ரஹாம்,Abraham,Авраам,আব্রাহাম,Abraham,ابراہیم
3382,29:17,God: The Only Source of Provisions,29,17,Tanrı: Rızıkların Tek Kaynağı,Dieu : La seule source de provisions,Gott: Die einzige Quelle der Versorgung,Tuhan: Satu-satunya Sumber Rezeki,خدا: تنها منبع روزی‌ها,கடவுள்: வாழ்வாதாரங்களின் ஒரே மூலாதாரம்,Gud: Den enda källan till förnödenheter,Бог: Единственный источник пропитания,ঈশ্বর: প্রদানের একমাত্র উৎস,Dios: La única fuente de provisiones,خدا: روزی کا واحد ذریعہ
3384,29:19,Study the Origin of Life*,29,19,Yaşamın Kökenini İnceleyin,Étudier l'origine de la vie*,Studieren Sie den Ursprung des Lebens*,Kaji Asal Usul Kehidupan*,مطالعه منشأ حیات*,உயிர்களின் துவக்கத்தை அறிந்து கொள்ளுங்கள்*,Studera livets uppkomst*,Изучение происхождения жизни*,জীবনের উৎপত্তি অধ্যয়ন করুন*,Estudiar el origen de la vida,زندگی کے آغاز کا مطالعہ کریں*
3367,29:2,The Test is Mandatory,29,2,Test Zorunludur,Le test est obligatoire,Der Test ist obligatorisch,Ujian adalah wajib,آزمون اجباری است,சோதனை கட்டாயமானது,Testet är obligatoriskt,Тест является обязательным,পরীক্ষা বাধ্যতামূলক,La prueba es obligatoria,ٹیسٹ لازمی ہے
3389,29:24,Back to Abraham,29,24,İbrahim'in Hikâyesine Devam,Retour à Abraham,Zurück zu Abraham,Kembali ke Abraham,بازگشت به ابراهیم,மீண்டும் ஆப்ரஹாமிடம்,Tillbaka till Abraham,Назад к Аврааму,আব্রাহামের কাছে ফিরে যাও,Volver a Abraham,ابراہیم کی طرف واپس
3390,29:25,Social Pressure: A Profound Disaster,29,25,Sosyal Baskı: Esaslı Bir Felaket,La pression sociale : Une catastrophe profonde,Sozialer Druck: Eine tiefgreifende Katastrophe,Tekanan Sosial: Bencana yang Mendalam,فشار اجتماعی: فاجعه‌ای عمیق,சமூக அழுத்தம்: ஆழ்ந்ததொரு பெருநாசம்,Social press: En djupgående katastrof,Социальное давление: Глубокая катастрофа,সামাজিক চাপ: একটি গভীর বিপর্যয়,La presión social: Un profundo desastre,سماجی دباؤ: ایک گہری آفت
3393,29:28,Lot,29,28,Lut,Lot,Los,Lot,لوت,லோத்,Lot,Лот,লট,Lote,حصہ
3396,29:31,Angels Visit Abraham and Lot,29,31,Melekler İbrahim ve Lut'u Ziyaret Ediyor,Les anges rendent visite à Abraham et à Lot,Engel besuchen Abraham und Lot,Malaikat Melawat Ibrahim dan Lot,فرشتگان به دیدار ابراهیم و لوط می‌آیند,ஆப்ரஹாமையும் லோத்தையும் வானவர்கள் சந்திக்கின்றனர்,Änglar besöker Abraham och Lot,Ангелы посещают Авраама и Лота,ফেরেশতারা আব্রাহাম ও লতের কাছে আসে,Los ángeles visitan a Abraham y Lot,فرشتوں کا ابراہیم اور لوط سے ملاقات
3401,29:36,Shu'aib,29,36,Şuayb,Shu'aib,Scho'aib,Syuaib,شعیب,ஷுஐப்,Shu'aib,Шу'айб,শুআইব,Shu'aib,شعیب
3404,29:39,God's Immutable System,29,39,Tanrı'nın Değişmez Sistemi,Le système immuable de Dieu,Gottes unveränderliches System,Sistem Tuhan yang tidak berubah,نظام تغییرناپذیر خدا,கடவுளின் மாறா வழிமுறை,Guds oföränderliga system,Неизменная система Бога,ঈশ্বরের অপরিবর্তনীয় ব্যবস্থা,El sistema inmutable de Dios,خدا کا لازوال نظام
3406,29:41,The Spider,29,41,Örümcek,L'araignée,Die Spinne,Laba-laba,عنکبوت,சிலந்திப் பூச்சி,Spindeln,Паук,মাকড়শা,La araña,مکڑی
3410,29:45,The Contact Prayers (Salat),29,45,İletişim Duaları (Namaz),Les prières de contact (Salat),Die Kontaktgebete (Salat),Doa Kontak (Salat),نمازهای قضا (قضای نماز),(ஸலாத்) தொடர்புத் தொழுகைகள்,Kontaktbönerna (Salat),Контактные молитвы (Салат),সংযোগ প্রার্থনা (সলাত),Las oraciones de contacto (Salat),نمازِ قضا (صلات)
3411,29:46,One God/One Religion,29,46,Tek Tanrı / Tek Din,Un seul Dieu/une seule religion,Ein Gott/eine Religion,Satu Tuhan/Satu Agama,یک خدا/یک دین,ஒரே கடவுள் / ஒரே மார்க்கம்,En Gud/En religion,Единый Бог/единая религия,এক ঈশ্বর/এক ধর্ম,Un Dios/Una Religión,ایک خدا/ایک مذہب
3413,29:48,Quran: Muhammad's Miracle*,29,48,Kuran: Muhammed'in Mucizesi,Coran : Le miracle de Mahomet*,Koran: Das Wunder Mohammeds*,Quran: Mukjizat Muhammad*,قرآن: معجزه محمد*,குர்ஆன்: முஹம்மதின் அற்புதம்*,Koranen: Muhammeds mirakel *.,Коран: Чудо Мухаммада*,কুরআন: মুহাম্মদের অলৌকিক ঘটনা*,Corán: El milagro de Mahoma,قرآن: محمد کا معجزہ*
3418,29:53,They (Are) in Hell,29,53,Onlar Şu An Cehennemdeler,Ils sont en enfer,Sie (sind) in der Hölle,Mereka (adalah) di neraka,آنها در جهنم هستند,அவர்கள் நரகத்தில் இருக்கின்றனர்,De (är) i helvetet,Они (находятся) в аду,তারা নরকে আছে,Están en el infierno,وہ جہنم میں ہیں
3421,29:56,Immigrate in the Cause of God,29,56,Tanrı Uğrunda Göç Edin,Immigrer pour la cause de Dieu,Immigrieren für die Sache Gottes,Hijrah demi agama Allah,برای خاطر خدا هجرت کنید,கடவுளுக்காகப் புலம்பெயருங்கள்,Immigrera för Guds skull,Иммиграция во имя Бога,আল্লাহর পথে হিজরত করুন,Inmigrar por la causa de Dios,خدا کے دین کے لیے ہجرت کریں
3426,29:61,Most Believers Destined for Hell,29,61,İmanlıların Çoğu Cehennemle Mukadderdir,La plupart des croyants sont voués à l'enfer,Die meisten Gläubigen sind für die Hölle bestimmt,Kebanyakan orang percaya ditakdirkan ke neraka,اکثر مؤمنان محکوم به جهنم,பெரும்பாலான நம்பிக்கையாளர்கள் நரகத்திற்கென விதிக்கப்பட்டுள்ளனர்,De flesta troende ödesbestämda för helvetet,Большинство верующих обречены на ад,অধিকাংশ বিশ্বাসী নরকের জন্য নির্ধারিত,La mayoría de los creyentes están destinados al infierno,زیادہ تر مومن دوزخ کے لیے مقدر ہیں
3429,29:64,Re-arrange Your Priorities,29,64,Önceliklerinizi Yeniden Düzenleyin,Réorganisez vos priorités,Ordnen Sie Ihre Prioritäten neu,Atur semula keutamaan anda,اولویت‌های خود را بازتنظیم کنید,உங்களுடைய முன்னுரிமைகளை மறு சீரமைத்துக் கொள்ளுங்கள்,Omorganisera dina prioriteringar,Пересмотрите свои приоритеты,আপনার অগ্রাধিকারের পুনর্বিন্যাস করুন,Reorganice sus prioridades,اپنی ترجیحات کو دوبارہ ترتیب دیں
3373,29:8,You Shall Honor Your Parents,29,8,Ana-Babanıza Hürmet Gösterin,Tu honoreras tes parents,Du sollst deine Eltern ehren,Kamu hendak menghormati ibu bapamu,پدرو مادرت را گرامی بدار,உங்கள் பெற்றோர்களை நீங்கள்கண்ணியப்படுத்த வேண்டும்,Du skall hedra dina föräldrar,Почитай своих родителей,তুমি তোমার পিতামাতাকে সম্মান করবে।,Honrarás a tus padres,تم اپنے والدین کا احترام کرو گے
398,3:103,Believers are United,3,103,İmanlılar Birliktir,Les croyants sont unis,Gläubige sind vereint,Para orang percaya bersatu,مؤمنان متحد هستند,நம்பிக்கையாளர்கள் ஒற்றுமையாக இருக்கின்றனர்,De troende är enade,Верующие едины,বিশ্বাসীরা ঐক্যবদ্ধ,Los creyentes están unidos,مومن متحد ہیں
405,3:110,The Best Community,3,110,En İyi Topluluk,La meilleure communauté,Die beste Gemeinschaft,Komuniti Terbaik,بهترین جامعه,மிகச் சிறந்த சமுதாயம்,Den bästa gemenskapen,Лучшее сообщество,সেরা সম্প্রদায়,La mejor comunidad,بہترین برادری
408,3:113,Righteous Jews & Christians,3,113,Doğru Yahudiler & Doğru Hrıstiyanlar,Juifs et chrétiens vertueux,Gerechte Juden und Christen,Orang Yahudi dan Kristian yang benar,یهودیان و مسیحیان صالح,நன்னெறிமிக்க யூதர்கள் & கிறிஸ்துவர்கள்,Rättfärdiga judar och kristna,Праведные евреи и христиане,সৎ ইহুদী ও খ্রিস্টান,Justos judíos y cristianos,نیک یہودی اور عیسائی
413,3:118,Do Not Befriend Hypocrites,3,118,İkiyüzlüleri Dost Edinmeyin,Ne pas se lier d'amitié avec les hypocrites,Freunden Sie sich nicht mit Heuchlern an,Jangan berkawan dengan munafik,با ریاکاران دوستى مكن,நயவஞ்சகர்களுடன் தோழமை கொள்ளாதீர்கள்,Bli inte vän med hycklare,Не дружите с лицемерами,মুনাফিকদের সাথে বন্ধুত্ব করবেন না,No te hagas amigo de los hipócritas,منافقوں سے دوستی نہ کرو
416,3:121,The Battle of Badr,3,121,Bedir Savaşı,La bataille de Badr,Die Schlacht von Badr,Pertempuran Badr,نبرد بدر,பத்ர் யுத்தம்,Slaget vid Badr,Битва при Бадре,বদরের যুদ্ধ,La batalla de Badr,غزوۂ بدر
419,3:124,God's Angels Help the Believers,3,124,Tanrı'nın Melekleri İmanlılara Yardım Eder,Les anges de Dieu aident les croyants,Gottes Engel helfen den Gläubigen,Malaikat Allah membantu orang-orang yang beriman,فرشتگان خدا به مؤمنان کمک می‌کنند,கடவுளின் வானவர்கள் நம்பிக்கையாளர்களுக்கு உதவுகின்றனர்,Guds änglar hjälper de troende,Ангелы Божьи помогают верующим,ঈশ্বরের ফেরেশতারা বিশ্বাসীদের সাহায্য করে,Los ángeles de Dios ayudan a los creyentes,اللہ کے فرشتے مومنوں کی مدد کرتے ہیں
308,3:13,Believers: The Ultimate Victors,3,13,İmanlılar: Nihai Galipler,Les croyants : Les vainqueurs ultimes,Gläubige: Die ultimativen Sieger,Orang-orang yang beriman: Para pemenang sejati,باورمندان: فاتحان نهایی,நம்பிக்கையாளர்கள்: இறுதியான வெற்றியாளர்கள்,De troende: De ultimata segrarna,Верующие: Победители,বিশ্বাসীরা: পরম বিজয়ীরা,Creyentes: Los vencedores finales,مومن: حتمی فاتحین
425,3:130,Usury Prohibited*,3,130,Yüksek Faiz Haram Kılınmıştır,L'usure est interdite*,Wucher ist verboten*,Riba Dilarang*,ربا ممنوع است*,அநியாய வட்டி தடுக்கப்படுகின்றது*,Ocker förbjuds*,Ростовщичество запрещено*,সুদ নিষিদ্ধ*,Prohibición de la usura*.,سود کی ممانعت*
428,3:133,Attributes of the Righteous,3,133,Doğruların Özellikleri,Attributs des justes,Attribute der Gerechten,Sifat-sifat orang yang soleh,ویژگی‌های صالحان,நன்னெறியாளர்களின் பண்புகள்,Den rättfärdiges egenskaper,Атрибуты праведника,সৎকর্মশীলদের গুণাবলী,Atributos de los justos,نیک لوگوں کی صفات
432,3:137,Victory for the Righteous,3,137,Doğrular için Galibiyet,Victoire pour les justes,Sieg für die Gerechten,Kemenangan bagi orang yang benar,پیروزی برای صالحان,நன்னெறியாளர்களுக்கு வெற்றி,Seger för de rättfärdiga,Победа праведников,সৎ ব্যক্তিদের বিজয়,Victoria de los justos,نیکوں کی فتح
309,3:14,Different Priorities,3,14,Farklı Öncelikler,Des priorités différentes,Unterschiedliche Prioritäten,Keutamaan yang berbeza,اولویت‌های متفاوت,வேறுபட்ட முன்னுரிமைகள்,Olika prioriteringar,Разные приоритеты,বিভিন্ন অগ্রাধিকার,Diferentes prioridades,مختلف ترجیحات
437,3:142,Our Claims Must Be Tested,3,142,İddialarımız Test Edilmeli,Nos affirmations doivent être testées,Unsere Behauptungen müssen geprüft werden,Tuntutan Kami Harus Diuji,ادعاهای ما باید آزموده شوند,நம்முடைய கோரிக்கைகள் பரிசீலனைக்கு உட்பட்டேயாக வேண்டும்,Våra påståenden måste prövas,Наши утверждения должны быть проверены,আমাদের দাবিগুলো পরীক্ষা করা আবশ্যক।,Nuestras afirmaciones deben probarse,ہمارے دعوے آزمائے جانے چاہئیں۔
440,3:145,Time of Death Predetermined,3,145,Ölüm Vakti Önceden Belirlenmiştir,Heure de la mort prédéterminée,Todeszeitpunkt vorbestimmt,Masa Kematian Telah Ditentukan,زمان مرگ از پیش تعیین شده,மரணத்தின் நேரம் முன்னரே தீர்மானிக்கப்பட்டுவிட்டது,Förutbestämd tidpunkt för dödsfallet,Время смерти определено заранее,মৃত্যুর সময় পূর্বনির্ধারিত,Hora de la muerte predeterminada,وقتِ موت پہلے سے مقرر
446,3:151,God Controls Your Enemies,3,151,"Tanrı, Düşmanlarımızı Kontrol Eder",Dieu contrôle vos ennemis,Gott kontrolliert deine Feinde,Tuhan mengawal musuh-musuhmu,خدا دشمنانت را کنترل می‌کند,உங்களுடைய விரோதிகளைக் கடவுள் கட்டுப்படுத்துகின்றார்,Gud kontrollerar dina fiender,Бог управляет вашими врагами,ঈশ্বর আপনার শত্রুদের নিয়ন্ত্রণ করেন,Dios controla a sus enemigos,خدا آپ کے دشمنوں کو کنٹرول کرتا ہے۔
447,3:152,The Battle of Uhud,3,152,Uhud Muharabesi,La bataille d'Uhud,Die Schlacht von Uhud,Pertempuran Uhud,نبرد اُحد,உஹத் யுத்தம்,Slaget vid Uhud,Битва при Ухуде,উহুদের যুদ্ধ,La batalla de Uhud,غزوۂ اُحد
449,3:154,Moment of Death Predetermined,3,154,Ölüm Anı Önceden Belirlenmiştir,Le moment de la mort est prédéterminé,Der Todeszeitpunkt ist vorherbestimmt,Momen kematian telah ditentukan,لحظه مرگ از پیش تعیین شده,மரணத் தருவாய் முன்னரே தீர்மானிக்கப்பட்டுவிட்டது,Dödsögonblicket förutbestämt,Момент смерти предопределен,মৃত্যুর মুহূর্ত পূর্বনির্ধারিত,Momento de la muerte predeterminado,لمحۂ موت پہلے سے مقرر
454,3:159,The Messenger's Kindness,3,159,Elçinin Nezaketi,La gentillesse du messager,Die Freundlichkeit des Boten,Kebaikan Utusan,مهربانی پیامبر,தூதரின் இரக்க குணம்,Budbärarens vänlighet,Доброта посланника,বার্তাবাহকের দয়া,La bondad del mensajero,پیغامبر کی مہربانی
456,3:161,No One Above the Law,3,161,Hiç Kimse Kanunun Üstünde Değildir,Personne n'est au-dessus de la loi,Keiner steht über dem Gesetz,Tiada siapa di atas undang-undang,هیچ‌کس بالاتر از قانون نیست,எவர் ஒருவரும் சட்டத்திற்கு அப்பாற்பட்டவர்கள் அல்லர்,Ingen står över lagen,Никто не может быть выше закона,আইনের ঊর্ধ্বে কেউ নেই,Nadie por encima de la ley,قانون سے بالاتر کوئی نہیں
464,3:169,The Righteous Do Not Really Die*,3,169,Doğrular Gerçekte Ölmezler,Les justes ne meurent pas vraiment*,Die Gerechten sterben nicht wirklich*,Orang-orang yang benar sebenarnya tidak mati*,صالحان در واقع نمی‌میرند*,நன்னெறியாளர்கள் உண்மையில் மரணிப்பதில்லை*,De rättfärdiga dör inte på riktigt*,Праведники не умирают*,সৎ মানুষরা আসলে মারা যায় না*,Los justos no mueren de verdad*.,نیک لوگ حقیقت میں مرتے نہیں ہیں*
470,3:175,Fear: The Devil's Tool,3,175,Korku: Şeytanın Aracı,La peur : l'outil du diable,Angst: Das Werkzeug des Teufels,Ketakutan: Alat Iblis,ترس: ابزار شیطان,அச்சம்: சாத்தானின் ஆயுதம்,Rädsla: Djävulens verktyg,Страх: инструмент дьявола,ভয়: শয়তানের হাতিয়ার,Miedo: la herramienta del diablo,خوف: شیطان کا آلہ
313,3:18,The Most Important Commandment*,3,18,En Önemli Buyruk,Le commandement le plus important*,Das wichtigste Gebot*,Larautan Paling Penting*,مهم‌ترین فرمان*,மிக முக்கியமான கட்டளை*,Det viktigaste budordet*,Самая важная заповедь*,সর্বাধিক গুরুত্বপূর্ণ আদেশ*,El mandamiento más importante,سب سے اہم حکم*
476,3:181,Humans Continue to Defy God,3,181,İnsanlar Tanrı'ya Meydan Okumaya Devam Ediyorlar,Les humains continuent de défier Dieu,Die Menschen trotzen Gott weiterhin,Manusia terus memberontak kepada Tuhan,انسان‌ها همچنان خدا را به چالش می‌کشند,மானிடர்கள் கடவுளுக்கு பகிரங்கமான அறைகூவல் விடுவதைத் தொடர்கின்றனர்,Människan fortsätter att trotsa Gud,Люди продолжают бросать вызов Богу,মানুষ ঈশ্বরকে অবজ্ঞা করতেই থাকে,Los humanos siguen desafiando a Dios,انسان خدا کی نافرمانی جاری رکھتے ہیں
480,3:185,A Great Triumph,3,185,Büyük Bir Zafer,Un grand triomphe,Ein großer Triumph,Kemenangan Yang Hebat,یک پیروزی بزرگ,ஒரு மாபெரும் வெற்றி,En stor triumf,Великий триумф,একটি মহান বিজয়,Un gran triunfo,ایک عظیم فتح
481,3:186,The Inevitable Test*,3,186,Kaçınılmaz Test,L'inévitable test*,Die unvermeidliche Prüfung*,Ujian yang Tak Terelakkan*,آزمون اجتناب‌ناپذیر*,தவிர்த்து விட முடியாத சோதனை*,Det oundvikliga testet*,Неизбежное испытание*,অনিবার্য পরীক্ষা*,La prueba inevitable,ناگزیر آزمائش*
314,3:19,Submission: The Only Religion,3,19,Teslimiyet: Tek Din,La soumission : La seule religion,Unterwerfung: Die einzige Religion,Penghantaran: Satu-satunya Agama,ارسال: تنها دین,சரணடைதல்: ஒரே மார்க்கம்,Underkastelse: Den enda religionen,Покорность: Единственная религия,সমর্পণ: একমাত্র ধর্ম,La sumisión: La única religión,جمع کرائی گئی: واحد مذہب
485,3:190,Those Who Possess Intelligence,3,190,Akıl Sahipleri,Ceux qui possèdent l'intelligence,"Diejenigen, die über Intelligenz verfügen",Mereka yang memiliki kecerdasan,دارندگان هوش,அறிவுத்திறன் உடையவர்கள்,De som besitter intelligens,"Те, кто обладает интеллектом",যারা বুদ্ধিমত্তা ধারণ করে,Los que poseen inteligencia,وہ لوگ جو ذہانت رکھتے ہیں
490,3:195,God Responds,3,195,Tanrı Yanıtlıyor,Dieu répond,Gott antwortet,Tuhan menjawab,خدا پاسخ می‌دهد,கடவுள் மறுமொழியளிக்கின்றார்,Gud svarar,Бог отвечает,ঈশ্বর উত্তর দেন,Dios responde,خدا جواب دیتا ہے
494,3:199,Righteous Jews and Christians,3,199,Doğru Olan Yahudi ve Hrıstiyanlar,Juifs et chrétiens vertueux,Gerechte Juden und Christen,Orang Yahudi dan Kristian yang benar,یهودیان و مسیحیان پارسا,நன்னெறிமிக்க யூதர்களும் கிறிஸ்துவர்களும்,Rättfärdiga judar och kristna,Праведные евреи и христиане,সৎ ইহুদী ও খ্রিস্টানরা,Justos judíos y cristianos,نیک یہودی اور عیسائی
321,3:26,Attributes of God,3,26,Tanrı'nın Özellikleri,Les attributs de Dieu,Attribute Gottes,Sifat-sifat Tuhan,صفات خدا,கடவுளின் தன்மைகள்,Guds egenskaper,Атрибуты Бога,ঈশ্বরের গুণাবলী,Atributos de Dios,خدا کی صفات
323,3:28,Choose Your Friends Carefully,3,28,Dostlarınızı Dikkatle Seçin,Choisissez vos amis avec soin,Wählen Sie Ihre Freunde mit Bedacht,Pilih rakan anda dengan berhati-hati,دوستانتان را با دقت انتخاب کنید,உங்களுடைய நண்பர்களைக் கவனமாகத் தேர்ந்தெடுங்கள்,Välj dina vänner med omsorg,Тщательно выбирайте друзей,সাবধানে বন্ধু নির্বাচন করুন,Elige bien a tus amigos,اپنے دوست احتیاط سے چنیں
328,3:33,The Birth of Mary,3,33,Meryem'in Doğuşu,La naissance de Marie,Die Geburt von Maria,Kelahiran Maria,ولادت مریم,மேரியின் தோற்றம்,Marias födelse,Рождение Марии,মেরির জন্ম,El nacimiento de María,مریم کی ولادت
333,3:38,The Birth of John,3,38,Yahya'nun Doğuşu,La naissance de Jean,Die Geburt des Johannes,Kelahiran John,تولد یوحنا,ஜானின் தோற்றம்,Johannes födelse,Рождение Иоанна,যোহনের জন্ম,El nacimiento de Juan,یوحنا کی ولادت
337,3:42,Mary and Jesus,3,42,Meryem ve İsa,Marie et Jésus,Maria und Jesus,Maria dan Yesus,مریم و عیسی,மேரி மற்றும் ஜீஸஸ்,Maria och Jesus,Мария и Иисус,মেরি ও যীশু,María y Jesús,مریم اور یسوع
349,3:54,The Death of Jesus*,3,54,İsa'nın Ölümü,La mort de Jésus*,Der Tod von Jesus*,Kematian Yesus*,مرگ عیسی*,ஜீஸஸின் மரணம்*,Jesu död*,Смерть Иисуса*,যিশুর মৃত্যু*,La muerte de Jesús,حضرت عیسیٰ کی موت*
354,3:59,Mathematical Confirmation*,3,59,Matematiksel Doğrulama,Confirmation mathématique*,Mathematische Bestätigungen*,Pengesahan Matematik*,تأیید ریاضی*,கணித ரீதியான உறுதிப்படுத்துதல்*,Matematisk bekräftelse*,Математическое подтверждение*,গণিতগত নিশ্চিতকরণ*,Confirmación matemática,ریاضیاتی تصدیق*
356,3:61,Challenging the Disbelievers,3,61,İnkârcılara Meydan Okuma,Défier les mécréants,Herausforderung der Ungläubigen,Menantang orang-orang yang kafir,چالش با کافران,நம்பமறுப்பவர்களுக்கு அறைகூவல் விடுதல்,Utmana de icke-troende,Бросая вызов неверующим,অবিশ্বাসীদের চ্যালেঞ্জ,Desafiar a los incrédulos,کافروں کو للکارنا
359,3:64,Invitation to All Believers,3,64,Bütün İmanlılara Davet,Invitation à tous les croyants,Einladung an alle Gläubigen,Jemputan kepada Semua Orang Percaya,دعوت به همه مؤمنان,நம்பிக்கையாளர்கள் அனைவருக்கும் அழைப்பு,Inbjudan till alla troende,Приглашение для всех верующих,সকল বিশ্বাসীদের আমন্ত্রণ,Invitación a todos los creyentes,تمام ایمان والوں کی دعوت
370,3:75,Be Honest With All People,3,75,Bütün İnsanlara Karşı Dürüst Ol,Être honnête avec tout le monde,Seien Sie ehrlich zu allen Menschen,Bersikap jujur kepada semua orang,با همه مردم صادق باشید,மக்கள் அனைவருடனும் நேர்மையாக இருங்கள்,Var ärlig mot alla människor,Будьте честны со всеми людьми,সব মানুষের সাথে সৎ থাকুন,Sea sincero con todas las personas,سب لوگوں کے ساتھ ایماندار رہو
376,3:81,Major Prophecy Fulfilled* God's Messenger of the Covenant,3,81,Büyük Kehanet Gerçekleşti: Tanrı'nın Antlaşma Elçisi,L'accomplissement d'une prophétie majeure* Le messager de l'alliance de Dieu,Erfüllte Hauptprophezeiung* Gottes Gesandter des Bundes,Nubuat Utama Telah Digenapi* Utusan Perjanjian Allah,پیامبر بزرگ مژده‌دهنده* فرستاده عهد خدا,முக்கியமான முன்னறிவிப்பு நிறைவேற்றப்பட்டது:கடவுளின் உடன்படிக்கைத் தூதர்*,Viktig profetia uppfylld* Guds budbärare av förbundet,Исполнение главного пророчества* Божий посланник завета,প্রধান ভবিষ্যদ্বাণী পূরণ* প্রতিশ্রুতির ঈশ্বরের দূত,Profecía Mayor Cumplida* El Mensajero de Dios de la Alianza,ایک بڑی پیشگوئی پوری ہوئی* عہد کا خدا کا رسول
377,3:82,Rejectors of God's Messenger of the Covenant are Disbelievers,3,82,Tanrı'nın Antlaşma Elçisini Reddedenler İnkârcılardır,Les personnes qui rejettent le Messager de Dieu sont des mécréants.,"Wer Gottes Gesandten des Bundes ablehnt, ist ungläubig",Penolak Utusan Perjanjian Allah adalah orang-orang kafir,ردکنندگان پیامبر عهد خدا کافرند,கடவுளின் உடன்படிக்கைத் தூதரை ஏற்கமறுப்பவர்கள் நம்பமறுப்பவர்களாகவே இருக்கின்றனர்,De som förkastar Guds budbärare i förbundet är icke-troende,Отвергающие Посланника Божьего Завета - неверующие,ঈশ্বরের প্রতিশ্রুতিদূতকে প্রত্যাখ্যানকারীরা অবিশ্বাসী।,Los que rechazan al Mensajero de Dios de la Alianza son incrédulos,اللہ کے عہد کے رسول کے رَد کرنے والے کافر ہیں
379,3:84,Make No Distinction Among God's Messengers,3,84,Tanrı'nın Elçileri Arasında Hiçbir Ayrım Yapmayın,Ne pas faire de distinction entre les messagers de Dieu,Keine Unterscheidung zwischen Gottes Gesandten machen,Jangan membuat perbezaan antara para utusan Allah,در میان پیامبران خدا فرق نگذارید,கடவுளின் தூதர்களுக்கிடையில் எந்தப் பாகுபாடும் செய்யாதீர்கள்,Gör ingen åtskillnad mellan Guds budbärare,Не делайте различий между посланниками Бога,আল্লাহর প্রেরিতদের মধ্যে পার্থক্য করবেন না,No distingas entre los mensajeros de Dios,اللہ کے پیغمبروں میں فرق نہ کرو
380,3:85,Only One Religion Approved by God,3,85,Tanrı Tarafından Onaylı Tek Bir Din,Une seule religion approuvée par Dieu,Nur eine von Gott gebilligte Religion,Hanya Satu Agama yang Disetujui oleh Tuhan,تنها یک دین مورد تأیید خدا,கடவுளால் அங்கீகரிக்கப்பட்ட ஒரே ஒரு மார்க்கம்,Endast en religion godkänd av Gud,Только одна религия одобрена Богом,ঈশ্বর কর্তৃক অনুমোদিত একমাত্র ধর্ম,Sólo hay una religión aprobada por Dios,خدا کی طرف سے منظور شدہ صرف ایک مذہب
385,3:90,When Repentance is Unacceptable,3,90,Tövbe Ne Zaman Kabul Edilmez,Quand le repentir est inacceptable,Wenn Reue inakzeptabel ist,Apabila Taubat Tidak Diterima,زمانی که توبه غیرقابل قبول است,வருந்துதல் எப்பொழுது ஏற்றுக் கொள்ளப்பட முடியாததாகின்றது,När ånger är oacceptabelt,Когда покаяние неприемлемо,যখন অনুতাপ অগ্রহণযোগ্য,Cuando el arrepentimiento es inaceptable,جب توبہ ناقابلِ قبول ہو
388,3:93,Do Not Prohibit What Is Lawful,3,93,Helal Şeyleri Haram Kılmayın,Ne pas interdire ce qui est légal,"Nicht verbieten, was rechtmäßig ist",Jangan Larang Apa yang Sah,آنچه حلال است را ممنوع نکنید,அனுமதிக்கப்பட்டவற்றைத் தடை செய்யாதீர்கள்,Förbjud inte det som är lagligt,"Не запрещайте то, что законно","যা আইনসম্মত, তা নিষিদ্ধ করবেন না",No prohíbas lo que es lícito,جو جائز ہے اسے ممنوع نہ ٹھہراؤ
3446,30:11,Idol Worshipers Disown Their Idols,30,11,Puta Tapanlar Putlarını Sahiplenmezler,Les adorateurs d'idoles renient leurs idoles,Götzenanbeter verleugnen ihre Götzen,Para penyembah berhala menafikan berhala mereka,بت‌پرستان از بت‌های خود دست می‌کشند,போலித் தெய்வ வழிபாடு செய்பவர்கள் தங்கள் போலித் தெய்வங்களைக் கைவிட்டு விடுகின்றனர்,Idoldyrkare förnekar sina idoler,Поклонники идолов отрекаются от своих кумиров,মূর্তি পূজারীরা তাদের মূর্তিকে অস্বীকার করে,Los adoradores de ídolos reniegan de sus ídolos,بت پرستوں نے اپنے بتوں سے لاتعلقی اختیار کر لی۔
3452,30:17,"Remember God, Always",30,17,"Tanrı'yı Hatırlayın, Her Zaman","Se souvenir de Dieu, toujours",Immer an Gott denken,"Ingatlah Tuhan, sentiasa",خدا را همیشه به یاد داشته باش,"எந்நேரமும், கடவுளை நினைவு கூர்ந்திடுங்கள்",Kom alltid ihåg Gud,"Помните о Боге, всегда",সর্বদা ঈশ্বরকে স্মরণ করো,Acuérdate siempre de Dios,ہمیشہ خدا کو یاد رکھو
3455,30:20,Marriage: A Divine Institution,30,20,Evlilik: İlahi Bir Kurum,Le mariage : Une institution divine,Die Ehe: Eine göttliche Institution,Perkahwinan: Satu Institusi Ilahi,ازدواج: یک نهاد الهی,திருமணம்: ஒரு தெய்வீக ஒழுங்குமுறை,Äktenskapet: En gudomlig institution,Брак: Божественный институт,বিবাহ: একটি ঐশ্বরিক প্রতিষ্ঠান,El matrimonio: Una institución divina,شادی: ایک الٰہی ادارہ
3457,30:22,More Proofs,30,22,Daha Fazla Kanıt,Plus de preuves,Mehr Beweise,Lebih Banyak Bukti,اثبات‌های بیشتر,மேலதிகமான சான்றுகள்,Fler bevis,Больше доказательств,আরও প্রমাণসমূহ,Más pruebas,مزید ثبوت
3463,30:28,Absurdity of Idol Worship,30,28,Puta Tapmanın Saçmalığı,Absurdité du culte des idoles,Die Absurdität der Götzenanbetung,Kebodohan penyembahan berhala,بی‌معنی بودن بت‌پرستی,போலித்தெய்வ வழிபாட்டின் அபத்தத்தன்மை,Idoldyrkandets absurditet,Абсурдность поклонения идолам,মূর্তি পূজার অযৌক্তিকতা,El absurdo del culto a los ídolos,بت پرستی کی بےمعنیٰ پن
3465,30:30,Monotheism: Natural Instinct*,30,30,Tek Tanrıcılık: Doğal İçgüdü,Le monothéisme : L'instinct naturel*,Monotheismus: Natürlicher Instinkt*,Monoteisme: Instink Semula Jadi*,توحید: غریزهٔ طبیعی*,ஏகத்துவம்: இயற்கையான உள்ளுணர்வு*,Monoteism: Naturlig instinkt*,Монотеизм: Природный инстинкт*,একত্ববাদ: প্রাকৃতিক প্রবৃত্তি*,Monoteísmo: Instinto natural,توحید: فطری جبلت*
3467,30:32,Sectarianism Condemned,30,32,Mezhepçilik Kınandı,Le sectarisme condamné,Verurteilung von Sektierertum,Sektarianisme Dikecam,محکومیت فرقه گرایی,பிரிவினைவாதம் கண்டிக்கப்படுகின்றது,Fördömande av sekterism,Сектантство осуждено,সম্প্রদায়বাদ নিন্দিত,Condena del sectarismo,فرقہ پرستی کی مذمت
3468,30:33,Bad Weather Friends,30,33,Kötü Gün Dostları,Amis du mauvais temps,Bad Weather Friends,Teman Cuaca Buruk,دوستان هوای بد,கஷ்ட காலத்தில் நண்பர்கள்,Vänner i dåligt väder,Друзья по плохой погоде,খারাপ আবহাওয়ার বন্ধুরা,Amigos del mal tiempo,خراب موسم کے دوست
3475,30:40,Who Is Worthy of Worship?,30,40,Kim Tapılmaya Layıktır?,Qui est digne d'être adoré ?,Wer ist der Anbetung würdig?,Siapa yang layak disembah?,چه کسی شایسته پرستش است؟,வழிபடத் தகுதியானவர் யார்?,Vem är värd att tillbedjas?,Кто достоин поклонения?,উপাসনার যোগ্য কে?,¿Quién merece ser adorado?,عبادت کے لائق کون ہے؟
3477,30:42,Learning From History,30,42,Tarihten Ders Almak,Tirer les leçons de l'histoire,Aus der Geschichte lernen,Belajar Daripada Sejarah,آموختن از تاریخ,சரித்திரத்திலிருந்து கற்றுக் கொள்ளுதல்,Att lära av historien,Учиться у истории,ইতিহাস থেকে শেখা,Aprender de la historia,تاریخ سے سیکھنا
3482,30:47,Guaranteed Victory for the Believers,30,47,İmanlılar İçin Garanti Edilmiş Galibiyet,Victoire garantie pour les croyants,Garantierter Sieg für die Gläubigen,Kemenangan Terjamin bagi Orang-orang Beriman,پیروزی قطعی برای مؤمنان,நம்பிக்கையாளர்களுக்கு உத்தரவாதமான வெற்றி,Garanterad seger för de troende,Гарантированная победа для верующих,বিশ্বাসীদের জন্য নিশ্চিত বিজয়,Victoria garantizada para los creyentes,مومنوں کے لیے یقینی فتح
3489,30:54,This Life is Very Short,30,54,Bu Hayat Çok Kısa,Cette vie est très courte,Das Leben ist sehr kurz,Kehidupan ini sangat singkat,این زندگی بسیار کوتاه است,இந்த வாழ்வு மிகவும் குறுகியது,Detta liv är mycket kort,Эта жизнь очень коротка,এই জীবন খুবই সংক্ষিপ্ত,Esta vida es muy corta,یہ زندگی بہت مختصر ہے
3494,30:59,Divine Intervention,30,59,İlahi Müdahale,Intervention divine,Göttliches Eingreifen,Campur Tangan Ilahi,مداخله الهی,தெய்வீகத்தலையீடு,Gudomlig intervention,Божественное вмешательство,দৈব হস্তক্ষেপ,Intervención divina,الٰہی مداخلت
3441,30:6,Preoccupation With the Wrong Life,30,6,Zihnin Sürekli Yanlış Hayatla Meşgul Olması,Préoccupation pour la mauvaise vie,Die Beschäftigung mit dem falschen Leben,Terlalu Terlibat dengan Kehidupan yang Salah,مشغله با زندگی اشتباه,தவறான வாழ்வில் மூழ்கிவிடுதல்,Upptagenhet med fel liv,Озабоченность неправильной жизнью,ভুল জীবনের প্রতি আসক্তি,Preocupación por la vida equivocada,غلط زندگی میں مصروفیت
3508,31:12,Luqmãn's Wisdom,31,12,Lokman'ın Bilgeliği,La sagesse de Luqmãn,Luqmãns Weisheit,Kebijaksanaan Luqmãn,حکمت لقمان,லுக்மானின் ஞானம்,Luqmãns visdom,Мудрость Лукмана,লুকমানের প্রজ্ঞা,La sabiduría de Luqmãn,لقمان کی حکمت
3510,31:14,The Second Commandment,31,14,İkinci Buyruk,Le deuxième commandement,Das zweite Gebot,Perintah Kedua,دستور دوم,இரண்டாம் கட்டளை,Det andra budet,Вторая заповедь,দ্বিতীয় আদেশ,El segundo mandamiento,دوسری ہدایت
3512,31:16,Luqmãn's Advice,31,16,Lokman'ın Tavsiyesi,Les conseils de Luqmãn,Ratschläge von Luqmãn,Nasihat Luqmãn,نصیحت لقمان,லுக்மானின் உபதேசம்,Luqmãns råd,Совет Лукмана,লুকমানের উপদেশ,Consejo de Luqmãn,لقمان کی نصیحت
3517,31:21,Following the Parents Blindly: A Common Tragedy,31,21,Ataları Körü Körüne Taklit: Yaygın Bir Trajedi,Suivre aveuglément les parents : Une tragédie commune,Den Eltern blindlings folgen: Eine gemeinsame Tragödie,Mengikuti Ibu Bapa Secara Buta: Tragedi Biasa,پیروی کورکورانه‌ی والدین: یک تراژدی رایج,பெற்றோர்களைக் கண்மூடிப் பின்பற்றுதல்:ஒரு பொதுவான சோகம்,Att blint följa föräldrarna: En vanlig tragedi,Слепое следование за родителями: Общая трагедия,অন্ধভাবে পিতামাতাকে অনুসরণ: একটি সাধারণ ট্র্যাজেডি,Seguir ciegamente a los padres: Una tragedia común,والدین کی اندھا دھند تقلید: ایک عام المیہ
3518,31:22,The Strongest Bond,31,22,En Güçlü Bağ,Le lien le plus fort,Das stärkste Band,Ikatan Paling Kuat,بستۀ محکم‌ترین,மிகவும் உறுதியான பிடிமானம்,Det starkaste bandet,Самые крепкие узы,সবচেয়ে শক্তিশালী বন্ধন,El vínculo más fuerte,سب سے مضبوط رشتہ
3521,31:25,They Believe in God,31,25,Onlar Tanrı'ya İnanıyorlar,Ils croient en Dieu,Sie glauben an Gott,Mereka percaya kepada Tuhan,آنها به خدا ایمان دارند,அவர்கள் கடவுள் மீது நம்பிக்கை கொள்கின்றனர்,De tror på Gud,Они верят в Бога,তারা ঈশ্বরে বিশ্বাস করে,Creen en Dios,وہ خدا پر ایمان رکھتے ہیں
3523,31:27,These Are All the Words We Need,31,27,Bunlar İhtiyacımız Olan Tüm Sözlerdir,Voici tous les mots dont nous avons besoin,"Das sind alle Worte, die wir brauchen",Inilah semua perkataan yang kita perlukan,این‌ها تمام کلماتی هستند که ما نیاز داریم,நமக்குத் தேவையான வார்த்தைகள் எல்லாம் இவைதான்,Det här är alla ord vi behöver,"Это все слова, которые нам нужны",এগুলোই আমাদের প্রয়োজনীয় সব শব্দ,Estas son todas las palabras que necesitamos,یہ تمام الفاظ ہیں جن کی ہمیں ضرورت ہے
3525,31:29,God ALONE Worthy of Worship,31,29,YALNIZCA Tanrı Tapılmaya Layıktır,Dieu SEUL digne d'être adoré,Gott ALLEIN ist der Anbetung würdig,Hanya Tuhan Saja Yang Layak Disembah,تنها خدا شایستهٔ پرستش است,கடவுள் மட்டுமே வழிபடத் தகுதியானவர்,Gud ALLEN värdig tillbedjan,Бог ОДИН достоин поклонения,কেবল ঈশ্বরই উপাসনার যোগ্য,Sólo Dios es digno de adoración,صرف خدا ہی عبادت کے لائق ہے
3530,31:34,Things We May and May Not Know*,31,34,Bilebileceğimiz ve Bilemeyeceğimiz Şeyler,Ce que nous savons ou ne savons pas*,"Dinge, die wir wissen und nicht wissen dürfen*",Perkara yang mungkin kita tahu dan mungkin tidak kita tahu*,چیزهایی که ممکن است بدانیم و ندانیم*,நாம் அறிந்திருக்கக் கூடிய மற்றும் அறியாமலிருக்கக் கூடிய விஷயங்கள் *,Saker vi kanske och kanske inte vet*,"То, что мы можем и не можем знать*",যে বিষয়গুলো আমরা জানি বা জানি না*,Cosas que podemos saber y cosas que no*.,وہ چیزیں جو ہمیں معلوم بھی ہو سکتی ہیں اور نہیں بھی*
3543,32:12,Too Late,32,12,Çok Geç,Trop tard,Zu spät,Terlambat,خیلی دیر,மிகவும் தாமதம்,För sent,Слишком поздно,অতি দেরি,Demasiado tarde,بہت دیر ہو گئی
3548,32:17,Heaven: Indescribably Beautiful,32,17,Cennet: Tarif Edilemez Güzellikte,Le paradis : une beauté indescriptible,Der Himmel: Unbeschreiblich schön,Syurga: Indah tidak terlukakan,بهشت: بی‌نهایت زیبا,சொர்க்கம்: வர்ணிக்கமுடியாத அழகு நிறைந்தது,Himlen: obeskrivligt vacker,Небеса: неописуемо прекрасны,স্বর্গ: অকথ্য সুন্দর,Cielo: belleza indescriptible,جنت: ناقابلِ بیان خوبصورت
3552,32:21,Take A Hint,32,21,Bir Anlam Çıkar,Un indice,Einen Tipp annehmen,Ambillah petunjuk,اشاره را بفهم,குறிப்பறிந்து கொள்ளுங்கள்,Ta en ledtråd,Возьмите подсказку,ইঙ্গিত বুঝুন,Toma nota,اشارہ سمجھو
3535,32:4,No Mediator Between God And You,32,4,Tanrı ile Aranızda Hiçbir Aracı Yok,Pas de médiateur entre Dieu et vous,Kein Vermittler zwischen Gott und Ihnen,Tiada Perantara Antara Tuhan dan Kamu,میان خدا و تو واسطه‌ای نیست,கடவுளுக்கும் உங்களுக்கும் இடையில் இடைத்தரகர் இல்லை,Ingen medlare mellan Gud och dig,Нет посредника между Богом и вами,ঈশ্বর ও আপনার মধ্যে কোনো মধ্যস্থতাকারী নেই,No hay mediador entre Dios y usted,خدا اور تمہارے درمیان کوئی واسطہ نہیں
3538,32:7,The Origin of Man,32,7,İnsanın Kökeni,L'origine de l'homme,Der Ursprung des Menschen,Asal Usul Manusia,منشأ انسان,மானிடனின் துவக்கம்,Människans ursprung,Происхождение человека,মানুষের উৎপত্তি,El origen del hombre,انسان کی ابتدا
3583,33:21,The Prophet's Courage*,33,21,Peygamberin Cesareti,Le courage du prophète*,Der Mut des Propheten*,Kebimbangan Nabi*,شجاعت پیامبر*,நபியின் தீரம்*,Profetens mod*,Мужество пророка*,নবীর সাহস*,El coraje del profeta,نبی کی بہادری*
3587,33:25,During Muhammad's Time,33,25,Muhammed'in Dönemi Boyunca,À l'époque de Mahomet,Zur Zeit Muhammads,Semasa zaman Muhammad,در زمان محمد,முஹம்மதின் காலத்தில்,Under Muhammeds tid,Во времена Мухаммада,মুহাম্মাদের সময়,En tiempos de Mahoma,محمد کے زمانے میں
3590,33:28,Special Responsibility For Being Close,33,28,Yakın Olmanın Getirdiği Özel Sorumluluk,Responsabilité particulière pour la proximité,Besondere Verantwortung für die Nähe,Tanggungjawab Khas Kerana Berhampiran,مسئولیت ویژه به‌خاطر نزدیکی,நெருக்கமாக இருப்பதால் விசேஷமான பொறுப்பு,Särskilt ansvar för att vara nära,Особая ответственность за близость,নিকটবর্তী হওয়ার বিশেষ দায়িত্ব,Responsabilidad especial por estar cerca,قریب ہونے کی خصوصی ذمہ داری
3592,33:30,Special Responsibility,33,30,Özel Sorumluluk,Responsabilité particulière,Besondere Verantwortung,Tanggungjawab Khas,مسئولیت ویژه,கூடுதல் பொறுப்பு,Särskilt ansvar,Особая ответственность,বিশেষ দায়িত্ব,Responsabilidad especial,خصوصی ذمہ داری
3594,33:32,Setting the Example,33,32,Örnek Teşkil Etmek,Donner l'exemple,Mit gutem Beispiel vorangehen,Menjadi teladan,الگو بودن,முன்னுதாரணத்தை அமைத்தல்,Att föregå med gott exempel,Подавая пример,উদাহরণ স্থাপন করা,Dar ejemplo,مثال قائم کرنا
3597,33:35,Equality of Men and Women,33,35,Erkek ve Kadının Eşitliği,Égalité des hommes et des femmes,Gleichstellung von Männern und Frauen,Kesaksamaan lelaki dan wanita,برابری مردان و زنان,ஆண்கள் மற்றும் பெண்களின் சமத்துவம்,Jämställdhet mellan män och kvinnor,Равенство мужчин и женщин,পুরুষ ও নারীর সমতা,Igualdad entre hombres y mujeres,مردوں اور عورتوں کی مساوات
3598,33:36,"Major Error Committed by Muhammad
Muhammad the Man Disobeys Muhammad the Messenger",33,36,"Muhammed Tarafından İşlenen Büyük Hata, İnsan Muhammed Elçi Muhammed'e İtaatsizlik Ediyor","Erreur majeure commise par Muhammad
Muhammad l'homme désobéit à Muhammad le messager","Muhammad hat einen großen Fehler begangen
Der Mensch Muhammad gehorcht dem Gesandten Muhammad nicht",Kesilapan Besar yang Dilakukan oleh Muhammad: Manusia Muhammad tidak taat kepada Muhammad sebagai Utusan,خطای بزرگ محمد محمد، مرد، از محمد پیامبر نافرمانی می‌کند,முஹம்மத் செய்த மிகப்பெரும் பிழை முஹம்மத் என்ற மனிதர் முஹம்மத் என்ற தூதருக்குக் கீழ்ப்படியவில்லை,"Stort fel begånget av Muhammed
Människan Muhammed lyder inte budbäraren Muhammed","Основная ошибка, совершенная Мухаммадом
Мухаммад-человек ослушался Мухаммада-посланника",মুহাম্মদ কর্তৃক সংঘটিত প্রধান ত্রুটি: মানুষ মুহাম্মদকে (প্রেরিত) অমান্য করে।,"Grave error cometido por Mahoma
Mahoma el Hombre Desobedece a Mahoma el Mensajero",محمد نے محمد سے نافرمانی کی، ایک انسان نے ایک رسول کی نافرمانی کی۔
3566,33:4,Devotion to God Is Indivisible,33,4,Tanrı'ya Olan Adanmışlık Bölünemez,La dévotion à Dieu est indivisible,Hingabe an Gott ist unteilbar,Kesetiaan kepada Tuhan tidak dapat dipisahkan,وفاداری به خدا تجزیه‌ناپذیر است,கடவுளுக்கான அர்ப்பணிப்பு பங்குவைக்க முடியாதது,Hängivenhet till Gud är odelbar,Преданность Богу неделима,ঈশ্বরের প্রতি ভক্তি অবিভাজ্য,La devoción a Dios es indivisible,خدا کے تئیں عقیدت ناقابل تقسیم ہے۔
3602,33:40,Not The Final Messenger*,33,40,Son Elçi Değil,Pas le dernier messager*,Nicht der letzte Bote*,Bukan Utusan Terakhir*,پیام‌آور نهایی نیست*,இறுதித் தூதர் அல்லர்*,Inte den sista budbäraren*,Не последний посланник*,চূড়ান্ত বার্তাবাহক নয়*,No es el mensajero final,آخری پیغامبر نہیں*
3611,33:49,Marriage Laws,33,49,Evlilik Yasaları,Lois sur le mariage,Heiratsgesetze,Undang-Undang Perkahwinan,قوانین ازدواج,திருமணச் சட்டங்கள்,Äktenskapslagar,Законы о браке,বিবাহ আইন,Leyes matrimoniales,شادی کے قوانین
3567,33:5,Do Not Change Your Names,33,5,İsimlerinizi Değiştirmeyin,Ne changez pas de nom,Ändern Sie Ihre Namen nicht,Jangan Tukar Nama Anda,نام‌هایتان را تغییر ندهید,உங்கள் பெயர்களை மாற்றிக்கொள்ளாதீர்கள்,Ändra inte era namn,Не меняйте имена,আপনার নাম পরিবর্তন করবেন না,No cambie sus nombres,اپنے نام نہ بدلیں
3615,33:53,Etiquette,33,53,Görgü Kuralları,Etiquette,Etikett,Label,برچسب,இங்கிதம்,Etikett,Этикетка,লেবেল,Etiqueta,لیبل
3618,33:56,During the Prophet's Life*,33,56,Peygamber Yaşadığı Sürece,Pendant la vie du Prophète*,Zu Lebzeiten des Propheten*,Semasa hayat Nabi*,در دوران زندگی پیامبر*,நபியுடைய வாழ்நாளின் போது*,Under profetens livstid*,При жизни Пророка*,নবীজির জীবদ্দশায়*,En vida del Profeta,حضور کی حیات میں*
3621,33:59,Dress Code for Women,33,59,Kadınlar İçin Giyinme Kuralı,Code vestimentaire pour les femmes,Kleiderordnung für Frauen,Kod Pakaian untuk Wanita,قانون پوشش برای زنان,பெண்களுக்குரிய ஆடைக்கட்டுப்பாடு,Klädkod för kvinnor,Дресс-код для женщин,মহিলাদের পোশাক বিধি,Código de vestimenta para mujeres,خواتین کے لیے لباس کا ضابطہ
3625,33:63,End of the World Revealed*,33,63,Dünya'nın Sonu Vahyedildi,La fin du monde révélée*,Das Ende der Welt wurde enthüllt*,Pengakhiran Dunia Disingkap*,پایان جهان فاش شد*,உலக முடிவு வெளிப்படுத்தப்படுகின்றது*,Världens undergång avslöjad*,Конец света раскрыт*,বিশ্বের শেষ উন্মোচিত*,El fin del mundo revelado*,دنیا کے خاتمے کا انکشاف*
3626,33:64,The Followers Turn On Their Leaders,33,64,Takipçiler Önderlerine Düşman Kesilirler,Les suiveurs se retournent contre leurs dirigeants,Die Gefolgschaft wendet sich gegen ihre Anführer,Para pengikut memberontak terhadap pemimpin mereka,پیروان علیه رهبرانشان شورش می‌کنند,பின்பற்றியவர்கள் தங்களுடைய தலைவர்கள்மீது கோபம் கொள்கின்றனர்,Följarna vänder sig mot sina ledare,Последователи ополчились на своих лидеров,অনুসারীরা তাদের নেতাদের বিরুদ্ধে ঘুরে দাঁড়ায়,Los seguidores se vuelven contra sus líderes,پیروکار اپنے رہنماؤں کے خلاف ہو گئے
3569,33:7,Muhammad Pledges to Support God's Messenger of the Covenant*,33,7,Muhammed' de Tanrı'nın Antlaşma Elçisi'ne Destek Sözü Verdi,Muhammad s'engage à soutenir le Messager de l'Alliance* de Dieu,"Mohammed verpflichtet sich, den Gesandten des Bundes* zu unterstützen",Muhammad Berjanji untuk Menyokong Utusan Perjanjian Allah*,محمد به حمایت از پیامبر عهد خدا* متعهد می‌شود,கடவுளின் உடன்படிக்கைத்தூதருக்கு ஆதரவளிக்க முஹம்மத் வாக்குறுதி செய்கின்றார்*,Muhammed lovar att stödja Guds budbärare av förbundet*,Мухаммад обещает поддержать посланника Божьего завета*.,মুহাম্মদ প্রতিশ্রুতি দিয়েছেন যে তিনি ঐক্যের চুক্তি-সংক্রান্ত ঈশ্বরের দূতকে সমর্থন করবেন*,Mahoma se compromete a apoyar al Mensajero de Dios de la Alianza*.,محمد نے خدا کے عہد کے رسول کی حمایت کا عہد کیا*
3634,33:72,Freedom of Choice,33,72,Seçim Özgürlüğü,Liberté de choix,Freiheit der Wahl,Kebebasan Memilih,آزادی انتخاب,தேர்ந்தெடுக்கும் சுதந்திரம்,Frihet att välja,Свобода выбора,বাছাই করার স্বাধীনতা,Libertad de elección,انتخاب کی آزادی
3571,33:9,The Battle of the Parties,33,9,Tarafların Savaşı,La bataille des partis,Der Kampf der Parteien,Pertempuran Parti-Parti,نبرد احزاب,படையினரின் யுத்தம்,Slaget om partierna,Битва партий,দলগুলোর লড়াই,La batalla de los partidos,جنگِ جماعتوں
3646,34:10,David and Solomon,34,10,Davut ve Süleyman,David et Salomon,David und Salomo,Daud dan Sulaiman,داوود و سلیمان,டேவிட் மற்றும் சாலமன்,David och Salomo,Давид и Соломон,দাউদ ও সুলায়মান,David y Salomón,داؤد اور سلیمان
3648,34:12,The First Oil Field,34,12,İlk Petrol Sahası,Le premier gisement de pétrole,Das erste Ölfeld,Lapangan Minyak Pertama,اولین میدان نفتی,முதல் எண்ணெய் வயல்,Det första oljefältet,Первое нефтяное месторождение,প্রথম তেলক্ষেত্র,El primer yacimiento petrolífero,پہلا تیل کا میدان
3650,34:14,Jinns' Knowledge is Limited,34,14,Cinlerin Bilgisi Sınırlıdır,Les connaissances des djinns sont limitées,Das Wissen der Dschinns ist begrenzt,Pengetahuan jin adalah terhad,دانش جنیان محدود است,ஜின்களின் அறிவு எல்லைக்குட்பட்டதே,Djinnens kunskap är begränsad,Знания джиннов ограничены,জিনদের জ্ঞান সীমিত,Los conocimientos de los jinetes son limitados,جنوں کا علم محدود ہے
3656,34:20,Satan Claims the Majority,34,20,Şeytan Çoğunluk İddia Eder,Satan revendique la majorité,Satan beansprucht die Mehrheit,Satan menuntut majoriti,شیطان ادعا می‌کند که اکثریت را از آن خود کرده است,பெரும்பான்மையைச் சாத்தான் தனக்கென எடுத்துக் கொள்கின்றான்,Satan gör anspråk på majoriteten,Сатана претендует на большинство,শয়তান সংখ্যাগরিষ্ঠতা দাবি করে,Satán reclama la mayoría,شیطان اکثریت کا دعویٰ کرتا ہے
3657,34:21,The Objective: Do We Believe in the Hereafter?*,34,21,Amaç: Ahirete İman Ediyor Muyuz?,L'objectif : Croyons-nous en l'au-delà ?,Die Zielsetzung: Glauben wir an das Jenseits?*,Objektif: Adakah Kita Percaya Kepada Hari Akhirat?*,هدف: آیا به آخرت ایمان داریم؟*,குறிக்கோள்: நாம் மறுவுலகின் மீது நம்பிக்கை கொண்டுள்ளோமா?*,Målsättningen: Tror vi på ett liv efter detta?,Задача: Верим ли мы в загробную жизнь?,উদ্দেশ্য: আমরা কি পরকালের প্রতি বিশ্বাসী?*,El objetivo: ¿Creemos en el más allá?,مقصد: کیا ہم آخرت پر ایمان رکھتے ہیں؟*
3659,34:23,No Intercession,34,23,Şefaat Yoktur,Pas d'intercession,Keine Fürbitte,Tiada Perantaraan,شفاعتی در کار نیست,பரிந்துரை இல்லை,Ingen förbön,Без заступничества,কোনও মধ্যস্থতা নেই,No Intercesión,شفاعت نہیں
3664,34:28,God's Messenger of the Covenant,34,28,Tanrı'nın Antlaşma Elçisi,Le messager de l'alliance de Dieu,Gottes Gesandter des Bundes,Pembawa Perjanjian Tuhan,پیام‌آور عهد خدا,கடவுளின் உடன்படிக்கைத் தூதர்,Guds budbärare av förbundet,Посланник Божьего завета,চুক্তির ঈশ্বরের দূত,El Mensajero de Dios de la Alianza,عہد کا رسولِ خدا
3668,34:32,On the Day of Resurrection,34,32,Diriliş Günü'nde,Le jour de la résurrection,Am Tag der Auferstehung,Pada Hari Kebangkitan,در روز قیامت,உயிர்த்தெழுப்பப்படும் நாள் அன்று,På uppståndelsens dag,В день воскресения,পুনরুত্থানের দিনে,El día de la Resurrección,روزِ قیامت
3670,34:34,Every Time!,34,34,Her Zaman!,À chaque fois !,Jedes Mal!,Setiap kali!,هر بار!,ஒவ்வொரு முறையும்!,Varje gång!,Каждый раз!,প্রতি বার!,Siempre.,ہر بار!
3679,34:43,Mathematical Miracle of the Quran*,34,43,Kuran'ın Matematiksel Mucizesi,Le miracle mathématique du Coran*,Das mathematische Wunder des Korans*,Mukjizat Matematik Al-Quran*,معجزه ریاضی قرآن*,குர்ஆனின் கணித அற்புதம்*,Koranens matematiska mirakel*,Математическое чудо Корана*,কুরআনের গাণিতিক অলৌকিকতা*,El milagro matemático del Corán*.,قرآن کا ریاضیاتی معجزہ*
3682,34:46,God's Messenger of the Covenant*,34,46,Tanrı'nın Antlaşma Elçisi,Le messager de l'alliance de Dieu*,Gottes Gesandter des Bundes*,Pembawa Perjanjian Tuhan*,پیام‌آور عهد خدا*,கடவுளின் உடன்படிக்கைத் தூதர்*,Guds budbärare av förbundet*,Посланник Божьего Завета*.,আহদ-এর ঈশ্বরের দূত*,Mensajero de Dios de la Alianza*.,عہد کا خدا کا رسول*
3701,35:10,All Dignity Belongs With God,35,10,Tüm İtibar Tanrı'nın Yanındadır,Toute dignité appartient à Dieu,Alle Würde gehört zu Gott,Segala kehormatan milik Tuhan,تمام کرامت از آنِ خداست,அனைத்துக் கண்ணியமும் கடவுளிடம் உள்ளது,All värdighet hör hemma hos Gud,Все достоинства принадлежат Богу,সমস্ত মর্যাদা ঈশ্বরেরই।,Toda la dignidad pertenece a Dios,تمام وقار خدا کے لیے ہے
3702,35:11,God is in Full Control,35,11,Tanrı Tam Kontrol Durumundadır,Dieu est maître de la situation,Gott hat die volle Kontrolle,Tuhan berkuasa sepenuhnya,خداوند کاملاً کنترل دارد,கடவுள் முழுமையான கட்டுப்பாடு கொண்டுள்ளார்,Gud har full kontroll,Бог полностью контролирует ситуацию,ঈশ্বর সম্পূর্ণ নিয়ন্ত্রণে আছেন,Dios tiene todo el control,خدا مکمل کنٹرول میں ہے
3703,35:12,Appreciating God's Greatness*,35,12,Tanrı'nın Büyüklüğünü Takdir Etmek,Apprécier la grandeur de Dieu*,Gottes Größe wertschätzen*,Menghargai Keagungan Tuhan*,قدر دانستن عظمت خدا*,கடவுளின் மகத்துவத்தைப் போற்றுதல்*,Att uppskatta Guds storhet*,Ценить Божье величие*,ঈশ্বরের মহিমা উপলব্ধি করা*,Apreciar la grandeza de Dios*.,خدا کی عظمت کا ادراک*
3705,35:14,The Idols Utterly Powerless*,35,14,Putlar Tamamen Güçsüzdürler,Les idoles totalement impuissantes*,Die Götzen sind völlig machtlos*,Para berhala benar-benar tidak berdaya*,بت‌های کاملاً بی‌قدرت*,போலித் தெய்வங்கள் முற்றிலுமாகச் சக்தியற்றவை*,Idolerna helt maktlösa*,Идолы бессильны*,মূর্তিগুলো সম্পূর্ণ শক্তিহীন*,"Los ídolos, totalmente impotentes*.",مورتیں بالکل بے بس*
3715,35:24,God's Messenger of the Covenant*,35,24,Tanrı'nın Antlaşma Elçisi,Le messager de l'alliance de Dieu*,Gottes Gesandter des Bundes*,Pembawa Perjanjian Tuhan*,پیام‌آور عهد خدا*,கடவுளின் உடன்படிக்கைத் தூதர்*,Guds budbärare av förbundet*,Посланник Божьего Завета*.,আহদ-এর ঈশ্বরের দূত*,Mensajero de Dios de la Alianza*.,عہد کا رسولِ خدا*
3718,35:27,God's Colorful Creations,35,27,Tanrı'nın Rengarenk Yaratımları,Les créations colorées de Dieu,Gottes farbenfrohe Schöpfungen,Karya-karya Warna-warni Tuhan,آفرینش‌های رنگارنگ خدا,கடவுளின் வண்ணமயமான படைப்புகள்,Guds färgstarka skapelser,Красочные творения Бога,ঈশ্বরের রঙিন সৃষ্টিসমূহ,Las coloridas creaciones de Dios,خدا کی رنگین تخلیقات
3722,35:31,Quran: The Consummation of All the Scriptures,35,31,Kuran: Tüm Kutsal Yazıların Tamamına Erdirilmesi,Le Coran : L'aboutissement de toutes les écritures,Koran: Die Vollendung aller Schriften,Al-Quran: Kesempurnaan semua kitab suci,قرآن: کمال‌بخش همه کتاب‌های آسمانی,குர்ஆன்: அனைத்து வேதங்களின் பூர்த்தி,Koranen: Fullbordandet av alla skrifter,Коран: Завершение всех Писаний,কুরআন: সমস্ত শাস্ত্রের পরিপূর্ণতা,Corán: La consumación de todas las Escrituras,قرآن: تمام صحائف کا اتمام
3724,35:33,The Believers,35,33,İmanlılar,Les croyants,Die Gläubigen,Orang-orang yang beriman,باورمندان,நம்பிக்கையாளர்கள்,De troende,Верующие,বিশ্বাসীরা,Los creyentes,مومن
3727,35:36,The Disbelievers,35,36,İnkârcılar,Les mécréants,Die Ungläubigen,Orang-orang yang kafir,کافران,நம்பமறுப்பவர்கள்,De icke-troende,Неверующие,অবিশ্বাসীরা,Los incrédulos,کافر
3730,35:39,The Winners and the Losers,35,39,Kazananlar ve Kaybedenler,Les gagnants et les perdants,Die Gewinner und die Verlierer,Para Pemenang dan Para Penerima Kalah,برندگان و بازندگان,வெற்றி பெற்றவர்களும் தோற்றவர்களும்,Vinnare och förlorare,Победители и проигравшие,বিজয়ীরা এবং পরাজিতরা,Los ganadores y los perdedores,فاتحین اور مغلوبین
3733,35:42,Putting Them to the Test,35,42,Onları Teste Tabi Tutmak,Les mettre à l'épreuve,Sie auf den Prüfstand stellen,Menguji Mereka,آزمون آنها,அவர்களைச் சோதனையில் ஆழ்த்துதல்,Att sätta dem på prov,Испытание на прочность,তাদের পরীক্ষা করা,Ponerlos a prueba,انہیں آزمانا
3750,36:13,Rejecting The Messengers: A Tragic Human Trait*,36,13,Elçileri Reddetmek: Trajik Bir İnsan Özelliği,Rejeter les messagers : Un trait humain tragique*,Die Ablehnung der Boten: Ein tragischer menschlicher Charakterzug*,Menolak Para Utusan: Ciri Tragis Manusia*,رد پیامبران: یک ویژگی تراژیک انسانی*,தூதர்களை ஏற்க மறுத்தல்:சோகமானதொரு மானிடப்பண்பு*,Att förkasta budbärarna: Ett tragiskt mänskligt karaktärsdrag*,Отвержение посланников: Трагическая черта человека*,বার্তাবাহকদের প্রত্যাখ্যান: একটি মর্মান্তিক মানবিক বৈশিষ্ট্য*,Rechazar a los mensajeros: Un trágico rasgo humano*.,پیغمبروں کی تردید: ایک المیہ انسانی وصف*
3763,36:26,The Righteous Go Straight to Paradise*,36,26,Doğrular Direkt Cennete Giderler,Les justes vont directement au paradis*,Die Gerechten kommen direkt ins Paradies*,Orang-orang yang benar terus menuju ke syurga*,صالحان مستقیماً به بهشت می‌روند*,நன்னெறியாளர்கள் நேரடியாகச் சுவனம்* செல்கின்றனர்,De rättfärdiga går raka vägen till paradiset*,Праведники попадают прямо в рай*,সৎকর্মশীলরা সরাসরি জান্নাতে যায়*,Los justos van directos al paraíso*.,نیک لوگ سیدھے جنت میں جاتے ہیں*
3767,36:30,Ridiculing The Messengers: A Tragic Human Trait*,36,30,Elçilerle Alay Etmek: Trajik Bir İnsan Özelliği,Ridiculiser les messagers : Un trait humain tragique*,Über die Boten lästern: Ein tragischer menschlicher Charakterzug*,Mengolok-olok Para Utusan: Satu Ciri Tragis Manusia*,مسخره کردن پیامبران: یک خصلت تراژیک انسانی*,தூதர்களைப் பரிகசித்தல் :சோகமானதொரு மானிடப்பண்பு*,Förlöjligande av budbärarna: Ett tragiskt mänskligt karaktärsdrag*,Высмеивать посланников: Трагическая черта человека*,বার্তাবাহকদের উপহাস: একটি মর্মান্তিক মানবিক বৈশিষ্ট্য*,Ridiculizar a los mensajeros: Un trágico rasgo humano*.,پیغامبروں کا مذاق اڑانا: ایک المیہ انسانی وصف*
3770,36:33,Signs of God,36,33,Tanrı'nın İşaretleri,Signes de Dieu,Zeichen Gottes,Tanda-tanda Tuhan,نشانه‌های خدا,கடவுளின் அத்தாட்சிகள்,Tecken på Gud,Знаки Божьи,ঈশ্বরের নিদর্শনসমূহ,Signos de Dios,الٰہی نشانیاں
3778,36:41,Invention of the First Ship,36,41,İlk Geminin İcadı,Invention du premier navire,Erfindung des ersten Schiffes,Penemuan Kapal Pertama,اختراع نخستین کشتی,முதல் கப்பலின் கண்டுபிடிப்பு,Uppfinningen av det första fartyget,Изобретение первого корабля,প্রথম জাহাজের আবিষ্কার,Invención del primer barco,پہلی کشتی کی ایجاد
3797,36:60,The Devil is the Other Alternative,36,60,Şeytan Diğer Alternatiftir,Le diable est l'autre alternative,Der Teufel ist die andere Alternative,Syaitan adalah alternatif lain,شیطان، گزینهٔ دیگر است,மற்றொரு மாற்று ஏற்பாடு சாத்தான்தான்,Djävulen är det andra alternativet,Дьявол - это другая альтернатива,শয়তানই অন্য বিকল্প,El diablo es la otra alternativa,شیطان دوسرا متبادل ہے
3811,36:74,Powerless Idols,36,74,Güçsüz Putlar,Idoles impuissantes,Machtlose Idole,Berhala-berhala yang tidak berkuasa,بت‌های بی‌قدرت,சக்தியற்ற போலித்தெய்வங்கள்,Maktlösa idoler,Беспомощные идолы,শক্তিহীন মূর্তিগুলো,Ídolos impotentes,بے بس بت
3923,37:102,Satanic Dream*,37,102,Şeytani Rüya,Rêve satanique,Satanischer Traum*,Mimpi Syaitan*,رویای شیطانی*,சாத்தானியக் கனவு*,Satanisk dröm*,Сатанинский сон*,শয়তানি স্বপ্ন*,Sueño satánico*,شیطانی خواب*
3925,37:104,God Intervenes to Save Abraham and Ismail,37,104,Tanrı İbrahim'i ve İsmail'i Kurtarmak İçin Müdahale Ediyor,Dieu intervient pour sauver Abraham et Ismaël,Gott greift ein und rettet Abraham und Ismail,Tuhan campur tangan untuk menyelamatkan Abraham dan Ismail,خدا برای نجات ابراهیم و اسماعیل مداخله می‌کند,ஆப்ரஹாமையும் இஸ்மாயீலையும் காப்பதற்காகக் கடவுள் குறுக்கிடுகின்றார்,Gud ingriper för att rädda Abraham och Ismail,"Бог вмешивается, чтобы спасти Авраама и Исмаила",আল্লাহ আব্রাহাম ও ইসমাঈলকে রক্ষা করতে হস্তক্ষেপ করেন,Dios interviene para salvar a Abraham e Ismail,خدا نے ابراہیم اور اسماعیل کو بچانے کے لیے مداخلت کی۔
3933,37:112,Birth of Isaac,37,112,İshak'ın Doğumu,Naissance d'Isaac,Geburt von Isaac,Kelahiran Ishak,تولد اسحاق,ஐசக்கின் தோற்றம்,Isaks födelse,Рождение Исаака,ইসাহাকের জন্ম,Nacimiento de Isaac,اسحاق کی ولادت
3935,37:114,Moses and Aaron,37,114,Musa ve Karun,Moïse et Aaron,Mose und Aaron,Musa dan Harun,موسی و هارون,மோஸஸும் ஆரோனும்,Mose och Aron,Моисей и Аарон,মোশি ও হারুন,Moisés y Aarón,موسیٰ اور ہارون
3944,37:123,Elias,37,123,İlyas,Elias,Elias,Ilyas,الیاس,இல்யாஸ்,Elias,Элиас,এলিয়াস,Elias,ایلِیاس
3954,37:133,Lot,37,133,Lut,Lot,Los,Lot,لوت,லோத்,Lot,Лот,লট,Lote,حصہ
3960,37:139,Jonah,37,139,Yunus,Jonas,Jona,Yunus,یوناه,ஜோனா,Jonah,Иона,যোনা,Jonás,یونس
3976,37:155,Addressing the Disbelievers,37,155,İnkârcılara Hitaben,S'adresser aux mécréants,Ansprache der Ungläubigen,Berbicara kepada orang-orang yang tidak beriman,خطاب به کافران,Addressing the Disbelievers,Att tala till de icke-troende,Обращение к неверующим,অবিশ্বাসীদের উদ্দেশে,Dirigirse a los incrédulos,کافروں سے خطاب
3985,37:164,The Angels,37,164,Melekler,Les anges,Die Engel,Para Malaikat,فرشتگان,வானவர்கள்,Änglarna,Ангелы,দ্য এঞ্জেলস,Los Ángeles,فرشتے
3988,37:167,Following The Parents Blindly,37,167,Ataları Körü Körüne Takip Etmek,Suivre aveuglément les parents,Den Eltern blindlings folgen,Mengikuti Ibu Bapa Secara Buta,کورکورانه پیروی والدین,பெற்றோர்களைக் கண்மூடிப் பின்பற்றுதல்,Att blint följa föräldrarna,Слепое следование за родителями,অন্ধভাবে পিতামাতাকে অনুসরণ করা,Seguir ciegamente a los padres,والدین کی اندھا دھند تقلید
3992,37:171,Victory for the Messengers Guaranteed,37,171,Elçiler İçin Galibiyet Garantidir,Victoire garantie pour les messagers,Garantierter Sieg für die Boten,Kemenangan untuk Para Utusan Dijamin,پیروزی برای پیام‌آوران تضمین شده,தூதர்களுக்கு வெற்றி உத்தரவாதமளிக்கப்பட்டுள்ளது,Seger för budbärarna garanterad,Победа посланников гарантирована,বার্তাবাহকদের জন্য বিজয় নিশ্চিত,Victoria garantizada para los mensajeros,پیغامبروں کی فتح یقینی
3848,37:27,Mutual Blaming,37,27,Karşılıklı Suçlama,Blâme mutuel,Gegenseitige Schuldzuweisungen,Salalah saling menyalahkan,متهم کردن متقابل,பரஸ்பரம் பழித்துக் கொள்ளுதல்,Ömsesidigt skuldbeläggande,Взаимные обвинения,পরস্পর দোষারোপ,Culpabilización mutua,باہمی الزام تراشی
3856,37:35,The First Commandment,37,35,İlk Buyruk,Le premier commandement,Das erste Gebot,Perintah Pertama,فرمان نخست,முதற்கட்டளை,Det första budordet,Первая заповедь,প্রথম আজ্ঞা,El Primer Mandamiento,پہلا حکم
3871,37:50,The Dwellers of Heaven Visit the Dwellers of Hell,37,50,Cennet Sakinleri Cehennem Sakinlerini Ziyaret Ederler,Les habitants du ciel visitent les habitants de l'enfer,Die Bewohner des Himmels zu Besuch bei den Bewohnern der Hölle,Penduduk Syurga Melawat Penduduk Neraka,ساکنان بهشت به دیدار ساکنان جهنم می‌آیند,சொர்க்கவாசிகள் நரகவாசிகளைச்சென்று சந்திக்கின்றனர்,Himlens invånare på besök hos helvetets invånare,Обитатели рая посещают обитателей ада,স্বর্গের বাসিন্দারা নরকের বাসিন্দাদের পরিদর্শন করে,Los habitantes del cielo visitan a los habitantes del infierno,آسمان کے باشندے دوزخ کے باشندوں سے ملاقات کرتے ہیں
3881,37:60,Redemption: The Greatest Triumph,37,60,Günahtan Kurtarılma: En Büyük Zafer,La rédemption : Le plus grand triomphe,Erlösung: Der größte Triumph,Penebusan: Kemenangan Terhebat,رهایی: بزرگ‌ترین پیروزی,மீட்சி: மகத்தான பெருவெற்றி,Återlösning: Den största triumfen,Искупление: Величайший триумф,মুক্তি: সর্বশ্রেষ্ঠ বিজয়,Redención: El mayor triunfo,نجات: عظیم ترین فتح
3890,37:69,They Followed Their Parents Blindly,37,69,Atalarını Körü Körüne Takip Ettiler,Ils suivaient aveuglément leurs parents,Sie folgten ihren Eltern blindlings,Mereka mengikuti ibu bapa mereka secara membuta tuli,آنها کورکورانه از والدینشان پیروی کردند,அவர்கள் தங்களுடைய பெற்றோர்களைக்கண்மூடிப் பின்பற்றினார்கள்,De följde sina föräldrar blint,Они слепо следовали за своими родителями,তারা অন্ধভাবে তাদের পিতামাতাকে অনুসরণ করেছিল।,Seguían ciegamente a sus padres,انہوں نے اپنے والدین کی اندھا دھند پیروی کی۔
3896,37:75,Noah,37,75,Nuh,Noah,Noah,Nuh,نوح,நோவா,Noah,Ной,নূহ,Noah,نوح
3904,37:83,Abraham,37,83,İbrahim,Abraham,Abraham,Abraham,ابراهیم,ஆப்ரஹாம்,Abraham,Авраам,আব্রাহাম,Abraham,ابراہیم
4028,38:24,David's Exemplary Piety,38,24,Davut'un Örnek Alınacak Takvası,La piété exemplaire de David,Davids vorbildliche Frömmigkeit,Kesalehan Teladan David,تقوای نمونهٔ داوود,டேவிட்டின் முன்னுதாரணமான பக்தி,Davids föredömliga fromhet,Образцовое благочестие Давида,দাউদের আদর্শ ভক্তি,La piedad ejemplar de David,داؤد کی مثالی پرہیزگاری
4034,38:30,Solomon's Exemplary Devotion,38,30,Süleyman'ın Örnek Adanmışlığı,La dévotion exemplaire de Salomon,Salomos vorbildliche Hingabe,Pengabdian Teladan Salomo,ایثار نمونهٔ سلیمان,சாலமனின் முன்னுதாரணமான அர்ப்பணிப்புணர்வு,Salomos föredömliga hängivenhet,Образцовая преданность Соломона,সোলেমানের আদর্শ নিষ্ঠা,La devoción ejemplar de Salomón,سلیمان کی مثالی عقیدت
4045,38:41,The Devil Afflicts Job*,38,41,Şeytan Eyüp'e Musallat Oldu,Le diable frappe Job*,Der Teufel heimsucht Hiob*,Syaitan Menimpakan Bala kepada Ayub*,شیطان به ایوب عذاب می‌دهد*,சாத்தான் ஜோபைக் கஷ்டப்படுத்துகின்றான்*,Djävulen drabbar Job*,Дьявол поражает Иова*,শয়তান আইয়ুবকে কষ্ট দেয়*,El diablo aflige a Job*,شیطان نے ایوب کو ستایا
4047,38:43,God Makes it up to the Believers,38,43,Tanrı İmanlılar İçin Telafi Eder,Dieu s'en remet aux croyants,Gott macht es den Gläubigen leicht,Tuhan mengganti bagi orang-orang yang beriman,خداوند به مؤمنان جبران می‌کند,நம்பிக்கையாளர்களுக்கு கடவுள் ஈடு செய்கின்றார்,Gud gör det möjligt för de troende,Бог заглаживает вину перед верующими,ঈশ্বর বিশ্বাসীদের জন্য তা পূরণ করেন,Dios se lo compensa a los creyentes,خدا مومنوں کے لیے اس کا ازالہ کر دیتا ہے
4053,38:49,The Righteous,38,49,Doğrular,Les Justes,Die Gerechten,Yang Beriman,صالحان,நன்னெறியாளர்கள்,De rättfärdiga,Праведники,সৎকর্মশীলরা,Los Justos,نیک لوگ
4059,38:55,The Disbelievers: Feuding With One Another,38,55,İnkârcılar: Birbirleriyle Kavga Ederler,Les incrédules : Les querelles entre les uns et les autres,Die Ungläubigen: Die Fehde mit einander,Orang-orang yang kafir: saling bermusuhan antara satu sama lain,کافران: با یکدیگر در ستیز,நம்பமறுப்பவர்கள்: ஒருவர் மற்றவருடன் சச்சரவிட்டுக் கொள்கின்றனர்,De icke-troende: Att bråka med varandra,Неверующие: Вражда друг с другом,অবিশ্বাসীরা: একে অপরের সাথে কলহ করছে,Los descreídos: Enfrentados entre sí,کافر: ایک دوسرے کے ساتھ جھگڑا کرنے والے
4066,38:62,Surprise!,38,62,Sürpriz!,Surprise !,Überraschung!,Kejutan!,شگفتی!,வியப்பு!,Överraskning!,Сюрприз!,আশ্চর্য!,¡Sorpresa!,حیرت!
4071,38:67,The Great Feud,38,67,Büyük Kavga,La grande querelle,Die große Fehde,Perseteruan Hebat,کینۀ بزرگ,மிகப்பெரும் கலகம்,Den stora fejden,Великая вражда,মহান কলহ,La gran disputa,عظیم عداوت
4104,39:11,God ALONE,39,11,YALNIZCA Tanrı,Dieu SEUL,Gott ALLEIN,Hanya Tuhan,تنها خدا,கடவுள் மட்டும்,Gud ENBART,Бог один,কেবল ঈশ্বর,Dios SOLO,خدا اکیلا
4111,39:18,Follow the Word of God,39,18,Tanrı'nın Sözünü Takip Edin,Suivre la Parole de Dieu,Dem Wort Gottes folgen,Ikuti Firman Tuhan,از کلام خدا پیروی کنید,கடவுளின் வார்த்தையைப் பின்பற்றுங்கள்,Följ Guds ord,Следуйте Слову Божьему,ঈশ্বরের বাক্য অনুসরণ করুন,Seguir la Palabra de Dios,خدا کا کلام مانو
4113,39:20,The Righteous,39,20,Doğrular,Les Justes,Die Gerechten,Yang Beriman,صالحان,நன்னெறியாளர்கள்,De rättfärdiga,Праведники,সৎকর্মশীলরা,Los Justos,نیک لوگ
4116,39:23,The Best Hadith,39,23,En Güzel Hadis,Le meilleur hadith,Der beste Hadith,Hadis Terbaik,بهترین حدیث,மிகச்சிறந்த ஹதீஸ்,Den bästa hadithen,Лучшие хадисы,সর্বোত্তম হাদিস,El mejor Hadiz,سب سے بہترین حدیث
4120,39:27,Quran: No Ambiguity,39,27,Kuran: Anlam Belirsizliği Yok,Coran : pas d'ambiguïté,Koran: Keine Zweideutigkeit,Al-Quran: Tiada Kekaburan,قرآن: ابهام ندارد,குர்ஆன்: இருவேறு கருத்துகளுக்கு இடமில்லாதது,Koranen: Ingen tvetydighet,Коран: никаких двусмысленностей,কুরআন: কোনো অস্পষ্টতা নেই,Quran: No Ambiguity,قرآن: کوئی ابہام نہیں
4096,39:3,The Idols as Mediators A Common Myth,39,3,Aracılar Olarak Putlar: Yaygın Bir Efsane,Les idoles en tant que médiateurs Un mythe commun,Die Götzen als Vermittler Ein verbreiteter Mythos,Para Idola sebagai Perantara: Satu Mitos Umum,بت‌ها به‌عنوان واسطه: یک افسانهٔ رایج,மத்தியஸ்தர்களாக போலித்தெய்வங்கள்:ஒரு பரவலான கட்டுக்கதை,Idolerna som medlare En vanlig myt,Идолы как посредники - распространенный миф,মধ্যস্থতাকারী হিসেবে মূর্তিগুলো: একটি সাধারণ মিথ,Los ídolos como mediadores Un mito común,مध्यस्थ کے طور پر بتّے: ایک عام افسانہ
4123,39:30,Hadith: A Gross Blasphemy,39,30,Hadis: Büyük Bir Küfür,Hadith : Un blasphème flagrant,Hadith: Eine grobe Blasphemie,Hadith: Satu penghinaan besar terhadap agama,حدیث: یک توهین آشکار,ஹதீஸ்: பெருத்ததொரு இறைநிந்தனை,Hadith: En grov hädelse,Хадис: Грубое богохульство,হাদিস: একটি গুরুতর ধর্মদ্রোহ,Hadiz: Una burda blasfemia,حدیث: ایک سنگین توہین
4126,39:33,Quran: Absolute Truth,39,33,Kuran: Mutlak Gerçek,Le Coran : La vérité absolue,Koran: Absolute Wahrheit,Al-Quran: Kebenaran Mutlak,قرآن: حقیقت مطلق,குர்ஆன்: பரிபூரணமான சத்தியம்,Koranen: Absolut sanning,Коран: Абсолютная истина,কুরআন: পরম সত্য,Corán: La verdad absoluta,قرآن: مطلق حق
4129,39:36,Profound Question,39,36,Esaslı Soru,Une question profonde,Profunde Frage,Soalan Mendalam,پرسش ژرف,ஆழ்ந்த கேள்வி,Djupgående fråga,Глубокий вопрос,গভীর প্রশ্ন,Pregunta profunda,گہرا سوال
4131,39:38,"They Believe in God Yet, They Are Going to Hell",39,38,"Tanrı'ya İman Ediyorlar, Yine de Cehenneme Gidiyorlar","Ils croient en Dieu, mais ils iront en enfer","Sie glauben an Gott, doch sie kommen in die Hölle","Mereka percaya kepada Tuhan, namun mereka akan ke neraka.",آنها به خدا ایمان دارند، با این حال به جهنم می‌روند.,"அவர்கள் கடவுள் மீது நம்பிக்கை கொண்டிருக்கின்றனர், இருப்பினும் அவர்கள் நரகத்திற்குச் செல்கின்றனர்",De tror på Gud men kommer ändå att hamna i helvetet,"Они верят в Бога, но попадают в ад","তারা ঈশ্বরে বিশ্বাস করে, তবুও তারা নরকে যাচ্ছে।","Creen en Dios, pero irán al infierno",وہ خدا پر ایمان رکھتے ہیں، پھر بھی وہ جہنم میں جا رہے ہیں۔
4136,39:43,The Myth of Intercession,39,43,Şefaat Efsanesi,Le mythe de l'intercession,Der Mythos der Fürbitte,Mitos Perantaraan,افسانه شفاعت,பரிந்துரை எனும் கட்டுக்கதை,Myten om förbön,Миф о заступничестве,শাফা'আতের মিথকথা,El mito de la intercesión,شفاعت کا افسانہ
4138,39:45,The Greatest Criterion*,39,45,En Büyük Kriter,Le plus grand des critères*,Das größte Kriterium*,Kriteria Paling Agung*,معیار بزرگ‌ترین*,மாபெரும் அளவுகோல்*,Det största kriteriet*,Величайший Критерий*,সর্বশ্রেষ্ঠ মানদণ্ড*,El criterio más importante,سب سے عظیم معیار*
4142,39:49,Human Fickleness,39,49,İnsanın Dönekliği,La fécondité humaine,Human Fickleness,Ketenangan manusia,دگرگونی‌پذیری انسان,மானிடனின் சலனபுத்தி,Människans oberäknelighet,Человеческое непостоянство,মানবীয় অস্থিরতা,La volubilidad humana,انسانی بے ثباتی
4098,39:5,The Shape of the Earth*,39,5,Dünya'nın Şekli,La forme de la terre*,Die Form der Erde*,Bentuk Bumi*,شکل زمین*,பூமியின் வடிவம்*,Jordens form*,Форма Земли*,পৃথিবীর আকৃতি*,La forma de la Tierra*.,زمین کی شکل*
4146,39:53,God's Infinite Mercy,39,53,Tanrı'nın Sonsuz Rahmeti,L'infinie miséricorde de Dieu,Gottes unendliche Barmherzigkeit,Kasih Sayang Tak Terhingga Tuhan,رحمت بی‌نهایت خدا,கடவுளின் எல்லையற்ற கருணை,Guds oändliga barmhärtighet,Бесконечное милосердие Бога,ঈশ্বরের অসীম করুণা,La infinita misericordia de Dios,خدا کی لامتناہی رحمت
4158,39:65,Idol Worship Nullifies All Work,39,65,Puta Tapmak Tüm İşleri Boşa Çıkarır,L'adoration de l'idole annule tout travail,Götzenanbetung macht alle Arbeit zunichte,Penyembahan berhala membatalkan segala pekerjaan,بت‌پرستی تمام اعمال را باطل می‌کند,போலித்தெய்வ வழிபாடு எல்லாக் காரியங் களையும் பயனற்றதாக ஆக்கிவிடுகின்றது,Idoldyrkan ogiltigförklarar allt arbete,Поклонение идолам сводит на нет все труды,মূর্তি পূজা সমস্ত কাজকে বাতিল করে,El culto a los ídolos anula todo trabajo,بت پرستی تمام اعمال کو باطل کر دیتی ہے۔
4160,39:67,Greatness of God*,39,67,Tanrı'nın Büyüklüğü,La grandeur de Dieu*,Die Größe Gottes*,Kebesaran Tuhan*,عظمت خدا*,கடவுளின் மகத்துவம்*,Guds storhet*,Величие Бога*,ঈশ্বরের মহিমা,Grandeza de Dios,عظمتِ خدا*
4161,39:68,The Day of Judgment,39,68,Yargı Günü,Le jour du jugement,Der Tag des Jüngsten Gerichts,Hari Pembalasan,روز قیامت,தீர்ப்பு நாள்,Domedagen,Судный день,কিয়ামত দিবস,El Día del Juicio,روزِ قیامت
4100,39:7,Believe For Your Own Good,39,7,Kendi İyiliğiniz İçin İman Edin,Croire pour son propre bien,Glaube für dein eigenes Wohl,Percayalah demi kebaikanmu sendiri,به نفع خودت باور کن,உங்கள் சொந்த நலனுக்காக நம்பிக்கை கொள்ளுங்கள்,Tro för ditt eget bästa,Верьте во имя своего блага,আপনার মঙ্গলার্থে বিশ্বাস করুন,Cree por tu propio bien,اپنے بھلے کے لیے یقین رکھو
4164,39:71,The Disbelievers,39,71,İnkârcılar,Les mécréants,Die Ungläubigen,Orang-orang yang kafir,کافران,நம்பமறுப்பவர்கள்,De icke-troende,Неверующие,অবিশ্বাসীরা,Los incrédulos,کافر
4166,39:73,The Believers,39,73,İmanlılar,Les croyants,Die Gläubigen,Orang-orang yang beriman,باورمندان,நம்பிக்கையாளர்கள்,De troende,Верующие,বিশ্বাসীরা,Los creyentes,مومن
598,4:102,War Precautions,4,102,Savaş Tedbirleri,Précautions en cas de guerre,Kriegsvorkehrungen,Langkah berjaga-jaga perang,اقدامات احتیاطی جنگی,யுத்த முன்னெச்சரிக்கைகள்,Försiktighetsåtgärder vid krig,Военные предосторожности,যুদ্ধ সতর্কতা,Precauciones de guerra,جنگی احتیاطی تدابیر
599,4:103,The Contact Prayers,4,103,İletişim Duaları,Les prières de contact,Die Kontaktgebete,Doa Hubungi,دعاهای تماس,தொடர்புத் தொழுகைகள்,Kontaktbönerna,Контактные молитвы,যোগাযোগ প্রার্থনাগুলি,Las oraciones de contacto,رابطہ کی دعائیں
603,4:107,Do Not Defend the Transgressors,4,107,Haddi Aşanları Müdafaa Etme,Ne pas défendre les transgresseurs,Verteidigen Sie nicht die Übertreter,Jangan mempertahankan para pelanggar,از متجاوزان دفاع نکنید,வரம்புமீறுகின்றவர்களுக்காக வாதிடாதீர்,Försvara inte de som överträder lagen,Не защищайте нарушителей,অপরাধীদের রক্ষা করবেন না,No defienda a los transgresores,ظالموں کا دفاع نہ کریں
605,4:109,"You Do Not Help Them by Being ""Nice""",4,109,"""İyi"" Olmakla Onlara Yardım Etmiş Olmazsınız","Ce n'est pas en étant ""gentil"" qu'on les aide","Sie helfen ihnen nicht, indem Sie ""nett"" sind","Anda Tidak Membantu Mereka dengan Bersikap ""Baik""",با مهربان بودن به آنها کمک نمی‌کنید.,விரும்பத்தக்கவராக இருப்பதன் மூலம் நீங்கள் அவர்களுக்கு உதவி செய்து விடுவதில்லை,"Du hjälper dem inte genom att vara ""snäll""","Вы не поможете им, если будете ""милыми"".",আপনি 'ভদ্র' হয়ে তাদের সাহায্য করছেন না।,"Ser ""amable"" no les ayuda","آپ ان کی مدد ""اچھا"" بن کر نہیں کرتے"
507,4:11,If No Will Is Left*,4,11,Eğer Hiçbir Vasiyet Bırakılmamışsa,En l'absence de testament*,Wenn kein Testament hinterlassen wird*,Jika Tiada Wasiat Ditinggalkan*,اگر وصیتی باقی نمانده باشد*,உயில் எதுவும் விட்டுச் செல்லப்படாவிட்டால்*,Om inget testamente upprättas*,Если завещание не оставлено*,যদি কোনো উইল রেখে না যায়*,Si no queda testamento*,اگر کوئی وصیت نامہ نہ چھوڑا گیا ہو*
612,4:116,The Unforgivable Sin,4,116,Bağışlanamaz Günah,Le péché impardonnable,Die unverzeihliche Sünde,Dosa Yang Tidak Dimaafkan,گناه نابخشودنی,மன்னிக்கப்பட மாட்டாத பாவம்,Den oförlåtliga synden,Непростительный грех,অক্ষমাযোগ্য পাপ,El pecado imperdonable,ناقابلِ معافی گناہ
508,4:12,Inheritance For the Spouses,4,12,Eşler için Miras,Héritage pour les conjoints,Erbschaft für die Ehegatten,Pewarisan Bagi Pasangan Perkahwinan,میراث برای همسران,வாழ்க்கைத் துணைகளுக்குரிய வாரிசுரிமை,Arv till makarna,Наследство для супругов,স্বামী-স্ত্রীর উত্তরাধিকার,Herencia para los cónyuges,ازدواجی جوڑوں کے لیے وراثت
619,4:123,The Law,4,123,Yasa,La loi,Das Gesetz,Undang-undang,قانون,சட்டம்,Lagen,Закон,আইন,La Ley,قانون
621,4:125,Abraham: Original Messenger of Submission*,4,125,İbrahim: İslam'ın ilk Elçisi,Abraham : Le premier messager de la soumission*,Abraham: Ursprünglicher Bote der Unterwerfung*,Abraham: Utusan Asli Keserahaan*,ابراهیم: پیامبر اصیل تسلیم*,ஆப்ரஹாம்: இஸ்லாமின் மூலத் தூதர்*,Abraham: Den ursprungliga budbäraren av underkastelse*,Абрахам: Первоначальный посланник покорности*,ইব্রাহিম: আত্মসমর্পণের মূল দূত*,Abraham: Mensajero original de la sumisión*.,ابراہیم: تسلیم کے اصل پیغامبر*
624,4:128,Divorce Discouraged,4,128,Boşanma Caydırılmaktadır,Le divorce découragé,Scheidung entmutigt,Perceraian tidak digalakkan,از طلاق اکراه می‌شود,விவாகரத்து ஊக்கம் குறைக்கப்படுகின்றது,Skilsmässa avskräcker,Нежелание разводиться,বিবাহবিচ্ছেদ নিরুৎসাহিত করা হয়,Divorcio desalentado,طلاق کی حوصلہ شکنی
625,4:129,Polygamy Discouraged*,4,129,Çokeşlilik Caydırılmıştır,La polygamie découragée*,Polygamie entmutigt*,Poligami tidak digalakkan*,چندهمسری منع شده است*,பலதாரமணம் ஊக்கம் குறைக்கப்படுகின்றது*,Polygami avrådes*,Полигамия не поощряется*,বহুবিবাহ নিরুৎসাহিত*,Poligamia desaconsejada*.,کثیر الزوجی کی حوصلہ شکنی کی جاتی ہے*
509,4:13,God Communicates With Us Through His Messenger,4,13,Tanrı Bizimle Elçileri Aracılığıyla Haberleşir,Dieu communique avec nous par l'intermédiaire de son messager,Gott kommuniziert mit uns durch seinen Gesandten,Tuhan berkomunikasi dengan kita melalui utusan-Nya,خداوند از طریق پیامبرش با ما ارتباط برقرار می‌کند.,தன்னுடைய தூதர் மூலமாகக்கடவுள் நம்முடன் தகவல் தொடர்பு கொள்கின்றார்,Gud kommunicerar med oss genom sin budbärare,Бог общается с нами через Своего посланника,ঈশ্বর তাঁর দূতের মাধ্যমে আমাদের সাথে যোগাযোগ করেন।,Dios se comunica con nosotros a través de Su Mensajero,خدا اپنے رسول کے ذریعے ہم سے بات چیت کرتا ہے۔
631,4:135,You Shall Not Bear False Witness,4,135,Yalancı Şahitlik Yapmayın,Tu ne porteras pas de faux témoignage,Du sollst nicht falsches Zeugnis ablegen,Jangan memberi keterangan palsu.,شاهد دروغین مشو,நீங்கள் பொய்சாட்சியம் பகராதிருக்க வேண்டும்,Du skall inte bära falskt vittnesbörd,Вы не должны давать ложных показаний,তুমি মিথ্যা সাক্ষ্য দেবে না।,No levantarás falso testimonio,تم جھوٹی گواہی نہ دو
637,4:141,The Hypocrites,4,141,İkiyüzlüler,Les hypocrites,Die Heuchler,Para Munafik,ریاکاران,நயவஞ்சகர்கள்.,Hycklarna,Лицемеры,ভণ্ডরা,Los hipócritas,ریاکار
641,4:145,They Think That They Are Believers,4,145,Onlar Kendilerini İmanlı Zannediyorlar,Ils pensent qu'ils sont croyants,"Sie denken, dass sie gläubig sind",Mereka menyangka bahawa mereka adalah orang yang beriman,آنها گمان می‌کنند که مؤمن هستند,தாங்கள் நம்பிக்கையாளர்களாக இருப்பதாக அவர்கள் நினைக்கின்றனர்,De tror att de är troende,"Они думают, что они верующие",তারা মনে করে যে তারা বিশ্বাসী,Se creen creyentes,وہ سمجھتے ہیں کہ وہ مومن ہیں
644,4:148,Do Not Use Bad Language,4,148,Kötü Dil Kullanmayın,Ne pas utiliser de mauvaises langues,Verwenden Sie keine Schimpfwörter,Jangan Menggunakan Bahasa Kasar,از به کار بردن الفاظ رکیک خودداری کنید,கெட்ட வார்த்தைகளைப் பயன்படுத்தாதீர்கள்,Använd inte dåligt språk,Не используйте плохие слова,অশ্লীল ভাষা ব্যবহার করবেন না,No use malas palabras,گندی زبان استعمال نہ کریں
511,4:15,Health Quarantine,4,15,Sağlık Karantinası,Quarantaine sanitaire,Gesundheitliche Quarantäne,Kuarantin Kesihatan,قرنطینهٔ بهداشتی,சுகாதாரச்சிறை,Hälsa Karantän,Карантин здоровья,স্বাস্থ্য কোয়ারেন্টাইন,Cuarentena sanitaria,صحت کا قرنطینہ
646,4:150,You Shall Not Make Any Distinction Among God's Messengers,4,150,Tanrı'nın Elçileri Arasında Hiçbir Ayrım Yapmayın,Vous ne ferez aucune différence entre les messagers de Dieu.,Ihr sollt keinen Unterschied zwischen den Gesandten Gottes machen,Janganlah kamu membuat sebarang perbezaan antara para utusan Allah.,در میان پیامبران خدا فرق نگذارید,நீங்கள் கடவுளின் தூதர்களுக்கிடையில் எந்தப் பாகுபாடும் செய்யாதிருக்க வேண்டும்,Du skall inte göra någon åtskillnad mellan Guds sändebud,Не делайте различий между посланниками Божьими,তুমি ঈশ্বরের প্রেরিতদের মধ্যে কোনো পার্থক্য করবে না।,No Harás Distinción entre los Mensajeros de Dios,تم خدا کے پیغمبروں میں کوئی فرق نہ کرو
649,4:153,Lessons From Israel,4,153,İsrail'den Dersler,Les leçons d'Israël,Lektionen aus Israel,Pengajaran Daripada Israel,درس‌هایی از اسرائیل,இஸ்ரவேலர்களிடமிருந்து படிப்பினைகள்,Lärdomar från Israel,Уроки Израиля,ইস্রায়েল থেকে শিক্ষা,Lecciones de Israel,اسرائیل سے اسباق
653,4:157,"Crucifying ""the Body"" of Jesus*",4,157,"İsa'nın ""Bedeninin"" Çarmıha Gerilmesi","La crucifixion du ""corps"" de Jésus*","Kreuzigung des ""Leibes"" von Jesus*","Menyalibkan ""Tubuh"" Yesus*",مصلوب کردن «جسم» عیسی*,ஜீஸஸின் உடலினை சிலுவையிலறைதல்*,"Korsfästelse av ""Jesu kropp""*","Распятие ""тела"" Иисуса*","যিশুর ""দেহ""কে ক্রুশবিদ্ধ করা*","Crucificar ""el Cuerpo"" de Jesús*.","عیسیٰ کے ""جسم"" کو صلیب پر چڑھانا*"
659,4:163,God's Messengers,4,163,Tanrı'nın Elçileri,Les messagers de Dieu,Gottes Boten,Utusan-utusan Tuhan,پیام‌آوران خدا,கடவுளின் தூதர்கள்,Guds budbärare,Посланники Бога,ঈশ্বরের দূতরা,Mensajeros de Dios,خدا کے پیغامبر
513,4:17,Repentance,4,17,Tövbe,Repentir,Buße,Taubat,توبه,பாவத்திற்கு வருந்துதல்,Ånger,Покаяние,পশ্চাত্তাপ,Repentance,توبہ
667,4:171,Trinity: A False Doctrine,4,171,Üçlü Birlik: Uydurma Bir Doktrin,La Trinité : Une fausse doctrine,Dreifaltigkeit: Eine Irrlehre,Trinitas: Ajaran Palsu," تثلیث: یک آموزهٔ باطل",திரித்துவம்: போலியானதொரு மதக்கோட்பாடு,Treenigheten: En falsk doktrin,Троица: Ложная доктрина,ত্রিত্ব: একটি মিথ্যা মতবাদ,La Trinidad: Una falsa doctrina,trinٹی: ایک جھوٹا عقیدہ
670,4:174,"The Quran's Mathematical Code: Tangible, Irrefutable Proof",4,174,"Kur'an'ın Matematiksel Kodu: Somut, Çürütülemez Kanıt",Le code mathématique du Coran : Une preuve tangible et irréfutable,"Der mathematische Code des Korans: Greifbare, unwiderlegbare Beweise",Kod Matematik Al-Quran: Bukti Nyata yang Tidak Dapat Dinafikan,کد ریاضی قرآن: اثبات ملموس و غیرقابل انکار,"குர்ஆனின் கணிதக்குறியீடு : கண்கூடான, உணரக்கூடிய சான்று","Koranens matematiska kod: Påtagliga, obestridliga bevis","Математический код Корана: Осязаемое, неопровержимое доказательство","কুরআনের গাণিতিক কোড: স্পর্শযোগ্য, অকাট্য প্রমাণ",El código matemático del Corán: Una prueba tangible e irrefutable,قرآن کا ریاضیاتی کوڈ: ٹھوس، ناقابلِ تردید ثبوت
498,4:2,Regard the Orphans,4,2,Yetimlere Saygı Gösterin,Considérer les orphelins,Rücksicht auf die Waisenkinder,Hormatilah anak-anak yatim,به یتیمان رسیدگی کنید,அனாதைகளைக் கவனித்துக் கொள்ளுங்கள்,Ta hand om de föräldralösa barnen,Позаботьтесь о сиротах,অনাথদের প্রতি যত্নশীল হোন,Atención a los huérfanos,یتیموں کا خیال رکھو
516,4:20,Protection for Women,4,20,Kadınlar için Koruma,Protection des femmes,Schutz für Frauen,Perlindungan untuk Wanita,حمایت از زنان,பெண்களுக்கு உரிய பாதுகாப்பு,Skydd för kvinnor,Защита женщин,মহিলাদের সুরক্ষা,Protección de la mujer,خواتین کے لیے تحفظ
518,4:22,Respect for the Father,4,22,Babaya Saygı,Respect du père,Respekt vor dem Vater,Hormat kepada Bapa,احترام به پدر,தந்தைக்கு உரிய மரியாதை,Respekt för fadern,Уважение к отцу,পিতার প্রতি শ্রদ্ধা,Respeto al Padre,باپ کا احترام
519,4:23,Incest Forbidden,4,23,Ensest Yasaklanmıştır,Inceste interdit,Inzest Verboten,Incest Dilarang,هم‌خونی ممنوع,உறவுமுறை தவறிய பாலுறவு தடை செய்யப்படுகின்றது,Incest Förbjudet,Запрещенный инцест,অজাচাৰ নিষিদ্ধ,Incesto prohibido,محرم جنسی تعلقات ممنوع ہیں
520,4:24,Mutual Attraction And Dowry Required,4,24,Karşılıklı Cazibe ve Mehir Gereklidir,Attraction mutuelle et dot exigée,Gegenseitige Anziehung und Mitgift erforderlich,Tarikan Timbal-Timbal dan Maskahwin Diperlukan,جذب متقابل و مهریه الزامی است,பரஸ்பர ஈர்ப்பும் சீதனமும் அவசியமாகின்றன,Ömsesidig attraktion och medgift krävs,Взаимное влечение и требуемое приданое,পারস্পরিক আকর্ষণ এবং যৌতুক আবশ্যক,Atracción mutua y dote requerida,باہمی کشش اور مہر ضروری
523,4:27,God's Mercy,4,27,Tanrı'nın Merhameti,La miséricorde de Dieu,Gottes Barmherzigkeit,Kasih Sayang Tuhan,رحمت خدا,கடவுளின் கருணை,Guds barmhärtighet,Божья милость,ঈশ্বরের দয়া,La misericordia de Dios,اللہ کی رحمت
525,4:29,"Murder, Suicide, and Illicit Gains Prohibited",4,29,"Cinayet, İntihar ve Gayrimeşru Kazançlar Haram Kılınmıştır","Meurtre, suicide et gains illicites interdits","Mord, Selbstmord und unerlaubte Gewinne sind verboten","Pembunuhan, Bunuh Diri, dan Keuntungan Haram Dilarang",قتل، خودکشی و کسب درآمدهای غیرقانونی ممنوع است,"கொலை, தற்கொலை, மற்றும் சட்ட விரோதமான சம்பாத்தியங்கள் தடை செய்யப்படுகின்றன.","Mord, självmord och olagliga vinster förbjudna","Убийство, самоубийство и незаконная нажива запрещены","হত্যা, আত্মহত্যা এবং অবৈধ লাভ নিষিদ্ধ","Prohibición de asesinato, suicidio y ganancias ilícitas",قتل، خودکشی اور ناجائز منافع حرام ہیں۔
499,4:3,Grounds For Polygamy*,4,3,Çokeşlilik için Gerekçeler,Motifs de polygamie,Gründe für Polygamie*,Asas-asas Poligami*,دلایل تعدد زوجات*,பலதார மணத்திற்குரிய சூழ்நிலைகள்*,Skäl för polygami*,Основания для полигамии*,বহুবিবাহের কারণসমূহ*,Motivos para la poligamia*.,کثیر الزوجی کی بنیادیں*
528,4:32,Men and Women Endowed With Unique Qualities,4,32,Erkeklere de Kadınlara da Eşsiz Nitelikler Verilmiştir,Des hommes et des femmes dotés de qualités uniques,Männer und Frauen mit einzigartigen Qualitäten ausgestattet,Lelaki dan wanita dianugerahi dengan kualiti unik,مردان و زنانی که به ویژگی‌های منحصربه‌فرد آراسته شده‌اند,ஆண்களும் பெண்களும் தனித்தன்மை வாய்ந்த இயல்புகளுடன் கொடையளிக்கப்பட்டிருக்கின்றனர்,Män och kvinnor utrustade med unika egenskaper,Мужчины и женщины наделены уникальными качествами,স্বতন্ত্র গুণে ভূষিত পুরুষ ও নারী,Hombres y mujeres dotados de cualidades únicas,مردوں اور عورتوں کو منفرد خصوصیات سے نوازا گیا ہے
529,4:33,Do Not Object to the Inheritance Laws Proposed by God,4,33,Tanrı Tarafından Getirilen Miras Kanunlarına İtiraz Etmeyin,Ne pas s'opposer aux lois successorales proposées par Dieu,Keine Einwände gegen die von Gott vorgeschlagenen Erbschaftsgesetze,Jangan Menentang Undang-Undang Warisan yang Dicadangkan oleh Tuhan,به قوانین میراثی که خداوند پیشنهاد کرده است اعتراض نکنید,கடவுளால் முன் மொழியப்பட்ட வாரிசுரிமைச் சட்டங்களில் ஆட்சேபனை செய்யாதீர்கள்,Gör inte invändningar mot de arvslagar som föreslagits av Gud,"Не возражайте против законов о наследовании, предложенных Богом",ঈশ্বর কর্তৃক প্রস্তাবিত উত্তরাধিকার আইনগুলির বিরুদ্ধে আপত্তি করবেন না।,No se oponga a las leyes de herencia propuestas por Dios,خدا کی طرف سے تجویز کردہ وراثت کے قوانین کی مخالفت نہ کرو
530,4:34,Do Not Beat Your Wife*,4,34,Eşlerinize Vurmayın,Ne battez pas votre femme*,Schlagen Sie Ihre Frau nicht*,Jangan pukul isteri anda*,همسرت را نزن*,உங்களுடைய மனைவியரை அடிக்காதீர்கள்*,Slå inte din fru*,Не бейте свою жену*,তোমার স্ত্রীকে মারবো না*,No pegue a su mujer*.,اپنی بیوی کو نہ مارو*
531,4:35,Marriage Arbitration,4,35,Evliliğin Hakem Yoluyla Çözülmesi,Arbitrage du mariage,Ehe-Schiedsverfahren,Timbang tara perkahwinan,داوری ازدواج,திருமணபந்தத்தில் மத்தியஸ்தம்,Skiljeförfarande i äktenskapsfrågor,Брачный арбитраж,বিবাহ সালিশি,Arbitraje matrimonial,شادی میں ثالثی
532,4:36,Major Commandments,4,36,Başlıca Buyruklar,Les grands commandements,Die wichtigsten Gebote,Perintah-perintah Utama,فرمان‌های اصلی,முக்கியமான கட்டளைகள்,De stora budorden,Основные заповеди,প্রধান আদেশসমূহ,Mandamientos principales,اہم احکام
536,4:40,Divine Justice,4,40,İlahi Adalet,Justice divine,Göttliche Gerechtigkeit,Keadilan Ilahi,عدالت الهی,தெய்வீக நீதி,Gudomlig rättvisa,Божественное правосудие,দৈবিক ন্যায়,Justicia divina,الٰہی انصاف
539,4:43,What Nullifies Ablution,4,43,Abdesti Bozanlar,Ce qui annule l'ablution,Was die Ablution aufhebt,Apa yang membatalkan wudu,مبطلات وضو,அங்க சுத்தியை செல்லாமல் ஆக்குவது எது,Vad upphäver avtvättning,Что отменяет омовение,অজুহ ভেঙে দেয় কী,Lo que anula la ablución,کون سی چیزیں وضو کو باطل کر دیتی ہیں
544,4:48,The Unforgivable Sin,4,48,Bağışlanamaz Günah,Le péché impardonnable,Die unverzeihliche Sünde,Dosa Yang Tidak Dimaafkan,گناه نابخشودنی,மன்னிக்கப்பட மாட்டாத பாவம்,Den oförlåtliga synden,Непростительный грех,অক্ষমাযোগ্য পাপ,El pecado imperdonable,ناقابلِ معافی گناہ
552,4:56,Allegorical Description of Hell,4,56,Cehenemin Alegorik Tarifi,Description allégorique de l'enfer,Allegorische Beschreibung der Hölle,Keterangan Alegori Neraka,توصیف تمثیلی جهنم,நரகத்தின் உருவக வர்ணனை,Allegorisk beskrivning av helvetet,Аллегорическое описание ада,নরকের রূপক বর্ণনা,Descripción alegórica del infierno,دوزخ کی تمثیلی تفصیل
554,4:58,Honesty & Justice Advocated,4,58,Dürüstlük & Adalet Desteklendi,Défense de l'honnêteté et de la justice,Ehrlichkeit und Gerechtigkeit befürwortet,Menegakkan Kejujuran dan Keadilan,پافشاری بر صداقت و عدالت,நேர்மை & நீதி பரிந்துரைக்கப்படுகின்றது,Ärlighet och rättvisa förespråkas,Честность и справедливость в защиту,সততা ও ন্যায়বিচারের পক্ষে সমর্থন,Abogar por la honradez y la justicia,دیانتداری اور انصاف کی وکالت
556,4:60,Believers Or Hypocrites?,4,60,İmanlılar veya İkiyüzlüler?,Croyants ou hypocrites ?,Gläubige oder Heuchler?,Orang Beriman atau Munafik?,مؤمنان یا ریاکاران؟,நம்பிக்கையாளர்களா அல்லது நயவஞ்சகர்களா?,Troende eller hycklare?,Верующие или лицемеры?,বিশ্বাসী নাকি ভণ্ড?,¿Creyentes o hipócritas?,مومن یا منافق؟
560,4:64,Unquestioning Submission: Quality of the True Believers,4,64,Kayıtsız-Şartsız Teslimiyet: Gerçek İmanlıların Özelliği,La soumission sans réserve : Qualité des vrais croyants,Bedingungslose Unterwerfung: Die Qualität der wahren Gläubigen,Penyerahan Tanpa Soal: Kualiti Orang-orang Beriman Sejati,تسلیم بی‌چون‌وچرا: کیفیت مؤمنان حقیقی,கேள்வி கேட்காது சரணடைதல்: மெய்யான நம்பிக்கையாளர்களின் தன்மை,Oförbehållsam underkastelse: Kvalitet hos de sanna troende,Беспрекословное подчинение: Качества истинных верующих,অন্ধ আনুগত্য: প্রকৃত বিশ্বাসীদের গুণ,Sumisión incondicional: Cualidad de los verdaderos creyentes,بے سوال فرمانبرداری: مومنوں کی صفات
562,4:66,God's Tests Are Never Unreasonable,4,66,Tanrı'nın Testleri Asla Mantıksız Değildir,Les épreuves de Dieu ne sont jamais déraisonnables,Gottes Prüfungen sind nie unvernünftig,Ujian Tuhan tidak pernah tidak munasabah,آزمایش‌های خدا هرگز غیرمنطقی نیستند,கடவுளின் சோதனைகள் ஒருபோதும் காரணமற்றவையல்ல,Guds prövningar är aldrig orimliga,Божьи испытания никогда не бывают неразумными,ঈশ্বরের পরীক্ষাগুলো কখনোই অযৌক্তিক নয়।,Las pruebas de Dios nunca son irrazonables,خدا کی آزمائشیں کبھی غیر معقول نہیں ہوتیں
565,4:69,Equality of Believers,4,69,İmanlıların Eşitliği,L'égalité des croyants,Gleichheit der Gläubigen,Kesaksamaan orang-orang yang beriman,برابری مؤمنان,நம்பிக்கையாளர்களின் சமத்துவம்,Jämlikhet mellan de troende,Равенство верующих,বিশ্বাসীদের সমতা,Igualdad de los creyentes,مؤمنوں کی مساوات
503,4:7,Women's Inheritance Rights,4,7,Kadınların Miras Hakları,Droits de succession des femmes,Das Erbrecht der Frauen,Hak Warisan Wanita,حقوق ارث زنان,பெண்களுக்கான வாரிசுச் சொத்து உரிமைகள்,Kvinnors arvsrätt,Наследственные права женщин,মহিলাদের উত্তরাধিকার অধিকার,Derechos de sucesión de las mujeres,خواتین کے وراثتی حقوق
571,4:75,The Believers are Fearless,4,75,İmanlılar Korkusuzdur,Les croyants n'ont pas peur,Die Gläubigen sind furchtlos,Orang-orang yang beriman tidak gentar,مؤمنان بی‌باک‌اند,நம்பிக்கையாளர்கள் வீரமுள்ளவர்களாக இருக்கின்றனர்,De troende är orädda,Верующие бесстрашны,বিশ্বাসীরা নির্ভীক,Los creyentes no tienen miedo,مومن بے خوف ہوتے ہیں
574,4:78,God is the Doer of Everything*,4,78,Her Şeyi Yapan Tanrıdır,Dieu est l'auteur de tout*,Gott ist der Macher von allem*,Tuhan adalah Pelaku Segala-galanya*,خداوند انجام‌دهندهٔ همه چیز است*,கடவுள்தான் ஒவ்வொன்றையும் செய்பவராக இருக்கின்றார்*,Gud är den som gör allt*,Бог - творец всего*.,ঈশ্বরই সবকিছুর कर्ता।,Dios es el Hacedor de Todo*.,خدا ہر چیز کا کرنے والا ہے*
575,4:79,Nothing Bad Comes From God,4,79,Tanrı'dan Kötü Hiçbir Şey Gelmez,Rien de mauvais ne vient de Dieu,Von Gott kommt nichts Schlechtes,Tiada yang buruk datang daripada Tuhan,هیچ چیز بدی از خدا نمی‌آید,கெட்டது எதுவும் கடவுளிடமிருந்து வருவதில்லை,Inget ont kommer från Gud,Ничто плохое не приходит от Бога,ঈশ্বরের কাছ থেকে কোনো খারাপ কিছুই আসে না।,Nada malo viene de Dios,خدا کی طرف سے کوئی برائی نہیں آتی
578,4:82,Proof of Divine Authorship,4,82,İlahi Yazarlığın Kanıtı,Preuve de la paternité divine,Beweis für die göttliche Urheberschaft,Bukti Keberadaan Pengarang Ilahi,اثبات الهام الهی,தெய்வீக இயற்றுதலுக்கான ஆதாரம்,Bevis för gudomligt författarskap,Доказательство Божественного авторства,ঐশ্বরিক রচয়িতার প্রমাণ,Prueba de la autoría divina,الٰہی مصنفیت کا ثبوت
579,4:83,Beware of the Devil's Rumors,4,83,Şeytanın Söylediklerine Dikkat Edin,Méfiez-vous des rumeurs du diable,Hüte dich vor den Gerüchten des Teufels,Awas terhadap khabar angin syaitan,مراقب شایعات شیطان باشید,சாத்தானுடைய வதந்திகளைக் குறித்து விழிப்புடனிருங்கள்,Akta dig för djävulens rykten,Остерегайтесь дьявольских слухов,শয়তানের গুজব থেকে সাবধান,Cuidado con los rumores del diablo,شیطان کی افواہوں سے ہوشیار رہو
581,4:85,Responsibility,4,85,Sorumluluk,Responsabilité,Verantwortung,Tanggungjawab,مسئولیت,பொறுப்பு,Ansvarsfullhet,Ответственность,দায়িত্ব,Responsabilidad,ذمہ داری
582,4:86,You Shall Be Courteous,4,86,Nazik Olmalısınız,Tu seras courtois,Du sollst höflich sein,Kamu hendaklah bersopan santun,مادرتان را به رنج نکشید,நீங்கள் மரியாதையளிப்பவராக இருக்க வேண்டும்,Du skall vara hövlig,Будьте вежливы,তুমি ভদ্র হবে,Serás cortés,آپ شائستہ رہیں گے
584,4:88,How to Deal With the Hypocrites,4,88,İkiyüzlülerle Nasıl Baş Edilir,Comment faire face aux hypocrites,Wie man mit den Heuchlern umgeht,Cara Menghadapi Orang Munafik,چگونه با ریاکاران برخورد کنیم,நயவஞ்சகர்களை எவ்வாறு நடத்துவது,Hur man hanterar hycklarna,Как справиться с лицемерами,ভণ্ডদের সাথে কীভাবে মোকাবিলা করবেন,Cómo tratar a los hipócritas,منافقین سے کیسے نمٹا جائے
588,4:92,You Shall Not Kill,4,92,Öldürmeyeceksin,Tu ne tueras point,Du sollst nicht töten,Jangan membunuh,نابود مکن,நீங்கள் கொலை செய்யாதிருக்க வேண்டும்,Du skall icke dräpa,Ты не должен убивать,তুমি হত্যা করবে না,No matarás,تم قتل نہ کرو
589,4:93,An Unforgivable Offense,4,93,Bağışlanamaz Bir Suç,Une offensive infaillible,An Unforgivable Offense,Kesalahan yang tidak dapat dimaafkan,جرم نابخشودنی,மன்னிக்கப்பட மாட்டாத ஒரு குற்றம்,En oförlåtlig förseelse,Непростительное преступление,একটি অक्षम্য অপরাধ,Una ofensa imperdonable,ایک ناقابلِ معافی جرم
591,4:95,Higher Ranks for the Strivers,4,95,Çaba Gösterenler için Yüksek Dereceler,Des rangs plus élevés pour les battants,Höhere Ränge für die Striver,Pangkat Lebih Tinggi untuk Para Penjudi,رتبه‌های بالاتر برای تلاش‌کنندگان,பாடுபடுபவர்களுக்கு உயர் அந்தஸ்துகள்,Högre rank för de strävsamma,Высокие звания для упорных,প্রচেষ্টাশীলদের জন্য উচ্চতর পদ,Rangos más altos para los luchadores,کوشش کرنے والوں کے لیے اعلیٰ رتبے
593,4:97,Apathy Condemned,4,97,İlgisiz Kalmak Kınandı,L'apathie condamnée,Apathie verurteilt,Apati Dikecam,محکومیت بی‌تفاوتی,அக்கறையின்மை கண்டனம் செய்யப்படுகின்றது,Apati fördöms,Апатия осуждена,উদাসীনতার নিন্দা,Apatía condenada,غفلت کی مذمت
4179,40:10,God ALONE: The Disbelievers Confess,40,10,YALNIZCA Tanrı: İnkârcılar İtiraf Ederler,Dieu SEUL : Les incrédules avouent,Gott ALLEIN: Die Ungläubigen bekennen,Hanya Tuhan: Orang-orang Yang Tidak Percaya Mengakui,تنها خدا: اعتراف کافران,கடவுள் மட்டும்: நம்பமறுப்பவர்கள் ஒப்புக் கொள்கின்றனர்,Gud ENBART: De icke-troende bekänner,Бог один: неверующие признаются,কেবল ঈশ্বর: অবিশ্বাসীদের স্বীকারোক্তি,Dios SOLO: Los incrédulos confiesan,خدا اکیلا: کافروں کا اعتراف
4180,40:11,God ALONE: The Disbelievers Suffer Two Deaths*,40,11,YALNIZCA Tanrı: İnkârcılar İki Ölümü Tadarlar,Dieu SEUL : les mécréants subissent deux morts*,Gott ALLEIN: Die Ungläubigen erleiden zwei Tode*,Hanya Tuhan: Orang-orang yang kafir menanggung dua kematian*,تنها خدا: کافران دو مرگ می‌چشند*,கடவுள் மட்டும்: நம்பமறுப்பவர்கள் இரு மரணங்களை அனுபவிக்கின்றனர்*,Gud ENBART: De otrogna drabbas av två dödsfall*,Бог ОДИН: неверующих постигнут две смерти*.,কেবল ঈশ্বর: অবিশ্বাসীরা দুইবার মৃত্যু ভোগ করে*,Dios SOLO: Los incrédulos sufren dos muertes*.,خدا اکیلا: کافروں کو دو مرتبہ موت آتی ہے*
4181,40:12,God ALONE: Note the Reason,40,12,YALNIZCA Tanrı: Nedene Dikkat Edin,Dieu SEUL : Notez la raison,Gott ALLEIN: Beachten Sie den Grund,Hanya Tuhan: Perhatikan Sebabnya,تنها خدا: به دلیل توجه کنید,கடவுள் மட்டும்: காரணத்தைக் கவனியுங்கள்,Gud ENBART: Notera skälet,Бог один: обратите внимание на причину,কেবল ঈশ্বর: কারণটি লক্ষ্য করুন,Dios SOLO: Observe la Razón,صرف خدا: وجہ نوٹ کریں
4186,40:17,Prepare for the Big Day,40,17,Büyük Gün İçin Hazırlanın,Se préparer pour le grand jour,Vorbereitung auf den großen Tag,Bersiaplah untuk Hari Istimewa,برای روز بزرگ آماده شوید,அந்தப் பெரிய நாளுக்காகத் தயாராகுங்கள்,Förbered dig inför den stora dagen,Подготовьтесь к большому дню,বড় দিনের জন্য প্রস্তুতি নিন,Prepárese para el gran día,بڑے دن کے لیے تیار ہو جائیں
4187,40:18,No Intercession,40,18,Şefaat Yok,Pas d'intercession,Keine Fürbitte,Tiada Perantaraan,شفاعتی در کار نیست,பரிந்துரை இல்லை,Ingen förbön,Без заступничества,কোনও মধ্যস্থতা নেই,No Intercesión,شفاعت نہیں
4192,40:23,Moses,40,23,Musa,Moïse,Moses,Musa,موسی,மோஸஸ்,Moses,Мозес,মোশে,Moisés,موسیٰ
4195,40:26,Moses vs Pharaoh,40,26,Firavun'a karşı Musa,Moïse contre Pharaon,Mose gegen Pharao,Musa vs Firaun,موسی در برابر فرعون,மோஸஸுக்கு எதிராக ஃபேரோ,Moses mot Farao,Моисей против фараона,মোশে বনাম ফেরাউন,Moisés contra el Faraón,موسیٰ بنام فرعون
4197,40:28,God Guides Not the Liars,40,28,Tanrı Yalancı Olmayanlara Rehberlik Eder,Dieu guide pas les menteurs,Gott lenkt nicht die Lügner,"Tuhan membimbing, bukan para pendusta",خدا دروغگویان را هدایت نمی‌کند,கடவுள் பொய்யர்களை வழிநடத்துவதில்லை,Gud vägleder inte lögnarna,Бог направляет не лжецов,"ঈশ্বর মিথ্যাবাদীদের নয়, পথপ্রদর্শন করেন।",Dios no guía a los mentirosos,خدا جھوٹوں کی رہنمائی نہیں کرتا
4203,40:34,Who is the Last Messenger?* A Tragic Human Trait,40,34,Son Elçi Kimdir? Trajik Bir İnsan Özelliği,Qui est le dernier messager ? un trait humain tragique,Wer ist der letzte Bote?* Ein tragischer menschlicher Charakterzug,Siapakah Utusan Terakhir?* Satu Ciri Tragis Manusia,آخرین پیامبر کیست؟* یک ویژگی تراژیک انسانی,யார் இறுதித் தூதர்?*சோகமானதொரு மானிடப் பண்பு,Vem är den sista budbäraren? * En tragisk mänsklig egenskap,Кто такой последний посланник? Трагическая черта человека,শেষ দূত কে?* একটি মর্মান্তিক মানবিক বৈশিষ্ট্য,¿Quién es el último mensajero?* Un trágico rasgo humano,آخری رسول کون ہے؟* ایک المیہ انسانی وصف
4209,40:40,The Best Deal,40,40,En İyi Anlaşma,La meilleure affaire,Der beste Deal,Tawaran Terbaik,بهترین معامله,மிகச்சிறந்த பேரம்,Det bästa erbjudandet,Лучшая сделка,সেরা চুক্তি,La mejor oferta,بہترین سودا
4210,40:41,The Believing Egyptian Debates With His People,40,41,İman Eden Mısırlı Kendi Halkıyla Tartışıyor,L'Égyptien croyant débat avec son peuple,Der gläubige Ägypter debattiert mit seinem Volk,Orang Mesir yang Beriman Berdebat Dengan Bangsanya,مصری مؤمن با قومش مناظره می‌کند,நம்பிக்கை கொண்ட எகிப்தியர் தன் சமூகத்தாருடன் விவாதம் செய்கின்றார்,Den troende egyptiern debatterar med sitt folk,Верующий египтянин спорит со своим народом,বিশ্বাসী মিশরীয় তার জনগণের সঙ্গে বিতর্ক করে,El egipcio creyente debate con su pueblo,ایمان لانے والا مصری اپنے قوم سے مباحثہ کرتا ہے
4215,40:46,While in the Grave: A Continuous Nightmare,40,46,Kabirdeyken: Sürekli Bir Kâbus,Dans la tombe : Un cauchemar permanent,Während im Grab: Ein ständiger Alptraum,Semasa di dalam kubur: Mimpi ngeri yang berterusan,در گور: کابوسی پیوسته,சமாதியில் இருக்கும் பொழுது:தொடர்ச்சியானதொரு தீய கனவு,Medan du är i graven: En ständig mardröm,Пока в могиле: Непрекращающийся кошмар,কবরের ভিতরে: একটি অবিরাম দুঃস্বপ্ন,Mientras en la tumba: Una pesadilla continua,قبر میں: ایک مسلسل ڈراؤنا خواب
4218,40:49,Too Late,40,49,Çok Geç,Trop tard,Zu spät,Terlambat,خیلی دیر,மிகவும் தாமதம்,För sent,Слишком поздно,অতি দেরি,Demasiado tarde,بہت دیر ہو گئی
4220,40:51,Guaranteed Victory; Here and Forever,40,51,Garantilenmiş Galibiyet; Burada ve Sonsuza Dek,Victoire garantie ; ici et pour toujours,Garantierter Sieg; hier und für immer,Kemenangan Dijamin; Di Sini dan Selamanya,پیروزی تضمین‌شده؛ اینجا و برای همیشه,உத்தரவாதமான வெற்றி; இங்கும் எப்பொழுதும்,Garanterad seger; här och för evigt,Гарантированная победа; здесь и навсегда,নিশ্চিত বিজয়; এখানে এবং চিরতরে,Victoria garantizada; aquí y siempre,یقینی فتح؛ یہاں اور ہمیشہ کے لیے
4222,40:53,Learn From History,40,53,Tarihten Ders Alın,Tirer les leçons de l'histoire,Aus der Geschichte lernen,Belajar daripada sejarah,از تاریخ بیاموزید,சரித்திரத்திலிருந்து படிப்பினை பெற்றுக் கொள்ளுங்கள்,Lär av historien,Учитесь у истории,ইতিহাস থেকে শিখুন,Aprender de la historia,تاریخ سے سبق حاصل کریں
4226,40:57,Awesome Construction of the Universe,40,57,Kâinatın Muhteşem İnşası,Une construction impressionnante de l'univers,Beeindruckende Konstruktion des Universums,Pembinaan Hebat Alam Semesta,ساختار شگفت‌انگیز کیهان,பிரபஞ்சத்தின் பிரமிப்பூட்டும் கட்டுமானம்,Fantastisk konstruktion av universum,Удивительное строение Вселенной,মহাবিশ্বের অসাধারণ নির্মাণ,Impresionante construcción del Universo,کائنات کی شاندار تعمیر
4229,40:60,Supplication: A Form of Worship*,40,60,Yakarış: Bir Tapınma Şekli,La supplication : Une forme de culte*,Das Bittgebet: Eine Form der Anbetung*,Doa: Satu Bentuk Ibadah*,دعا: شکلی از عبادت*,பிரார்த்தனை: வழிபாட்டின் ஒரு வடிவம்*,Bön och bön: En form av tillbedjan*,Мольба: Форма поклонения*,দোয়া: ইবাদতের একটি রূপ*,La súplica: Una forma de adoración*.,دعا: عبادت کی ایک صورت*
4235,40:66,"Before God's Blessings Upon Him, Muhammad Used to Worship Idols",40,66,Tanrı'nın Üzerine Olan Nimetlerinden Önce Muhammed Putlara Tapardı,"Avant la bénédiction de Dieu sur lui, Muhammad adorait des idoles","Bevor Gott ihn segnete, betete Muhammad Götzen an","Sebelum mendapat berkat daripada Tuhan, Muhammad pernah menyembah berhala.",پیش از آنکه بر محمد برکت خدا نازل شود، او بت‌ها را می‌پرستید.,முஹம்மத் மீதான கடவுளின் ஆசீர்வாதத்திற்கு முன்னர் அவர் போலித் தெய்வங்களை வழிபடுபவராக இருந்தார்,Före Guds välsignelse över honom brukade Muhammed dyrka avgudar,"До того как Мухаммад обрел Божье благословение, он поклонялся идолам",আল্লাহর আশীর্বাদ তার ওপর বর্ষিত হওয়ার আগে মুহাম্মদ মূর্তি পূজা করতেন।,"Antes de recibir la bendición de Dios, Mahoma adoraba ídolos",اللہ کی اس پر برکت نازل ہونے سے پہلے محمد بتوں کی عبادت کیا کرتے تھے۔
4176,40:7,Angels Pray for the Believers,40,7,Melekler İmanlılar İçin Dua Ederler,Les anges prient pour les croyants,Engel beten für die Gläubigen,Malaikat Berdoa untuk Orang-orang Beriman,فرشتگان برای مؤمنان دعا می‌کنند,வானவர்கள் நம்பிக்கையாளர்களுக்காகப் பிரார்த்திக்கின்றனர்,Änglar ber för de troende,Ангелы молятся за верующих,স্বর্গদূতরা বিশ্বাসীদের জন্য প্রার্থনা করে,Los ángeles rezan por los creyentes,فرشتے مومنوں کے لیے دعا کرتے ہیں
4243,40:74,They Worshiped Nothing,40,74,Onlar Bir Hiçe Taptılar,Ils n'adoraient rien,Sie verehrten nichts,Mereka menyembah tiada apa-apa,آنها هیچ‌چیز را نمی‌پرستیدند,அவர்கள் வழிபட்டது ஒன்றுமில்லை,De dyrkade ingenting,Они ничему не поклонялись,তারা কিছুই উপাসনা করত না,No adoraban nada,انہوں نے کسی چیز کی عبادت نہیں کی
4247,40:78,God's Authorization for the Quran's Mathematical Miracle*,40,78,Kuran'ın Matematiksel Mucizesi için Tanrı'nın Yetkilendirmesi,L'autorisation de Dieu pour le miracle mathématique du Coran* (en anglais),Gottes Ermächtigung für das mathematische Wunder des Korans*,Kebenaran Tuhan untuk Mukjizat Matematik Al-Quran*,مجوز الهی برای معجزه ریاضی قرآن*,குர்ஆனின் கணித அற்புதத்திற்குக் கடவுளின் அங்கீகாரம்*,Guds tillåtelse för Koranens matematiska mirakel*,Божье разрешение на математические чудеса Корана*,কুরআনের গাণিতিক অলৌকিকতার জন্য ঈশ্বরের অনুমোদন*,Autorización divina para el milagro matemático del Corán*.,قرآن کے ریاضیاتی معجزے کے لیے خدا کی اجازت*
4253,40:84,God ALONE,40,84,YALNIZCA Tanrı,Dieu SEUL,Gott ALLEIN,Hanya Tuhan,تنها خدا,கடவுள் மட்டும்,Gud ENBART,Бог один,কেবল ঈশ্বর,Dios SOLO,خدا اکیلا
4254,40:85,Too Late,40,85,Çok Geç,Trop tard,Zu spät,Terlambat,خیلی دیر,மிகவும் தாமதம்,För sent,Слишком поздно,অতি দেরি,Demasiado tarde,بہت دیر ہو گئی
4268,41:13,Warning,41,13,Uyarı,Avertissement,Warnung,Amaran,هشدار,எச்சரிக்கை,Varning,Внимание,সতর্কবার্তা,Advertencia,انتباہ
4276,41:21,The Video Record,41,21,Video Kaydı,L'enregistrement vidéo,Die Videoaufzeichnung,Rekod Video,سوابق ویدیویی,வீடியோ பதிவு,Videoinspelning,Видеозапись,ভিডিও রেকর্ড,La grabación en vídeo,ویڈیو ریکارڈ
4280,41:25,The Jinn Companions,41,25,Cin Yoldaşlar,Les compagnons djinns,Die Dschinn-Gefährten,Rakan Jin,همراهان جن,ஜின் கூட்டாளிகள்,Jinnernas följeslagare,Спутники джиннов,জিন সঙ্গী,Los Compañeros Jinn,جنّی ساتھی
4284,41:29,On the Day of Judgment,41,29,Yargı Günü'nde,Le jour du jugement,Am Tag des Jüngsten Gerichts,Pada Hari Pembalasan,در روز قیامت,தீர்ப்பு நாளன்று,På domedagen,В Судный день,কিয়ামতের দিন,El día del Juicio,روزِ قیامت
4285,41:30,Perfect Happiness: Now and Forever,41,30,Mükemmel Mutluluk: Şimdi ve Sonsuza Dek,Le bonheur parfait : Aujourd'hui et pour toujours,Perfektes Glücklichsein: Jetzt und für immer,Kebahagiaan Sempurna: Sekarang dan Selamanya,شادی کامل: اکنون و برای همیشه,பூரணமான மகிழ்ச்சி: இப்பொழுதும் எப்பொழுதும்,Perfekt lycka: Nu och för alltid,Идеальное счастье: Сейчас и навсегда,পরম সুখ: এখন এবং চিরতরে,La felicidad perfecta: Ahora y siempre,کامل خوشی: اب اور ہمیشہ کے لیے
4288,41:33,Submitters,41,33,Teslim Olanlar,Soumetteurs,Einreicher,Pengemukakan,ارسال‌کنندگان,Submitters,Inlämnare,Податели,জমা দাতারা,Remitentes,جمع کرانے والے
4291,41:36,When the Devil Entices You,41,36,Şeytan Seni Ayarttığı Zaman,Quand le diable vous séduit,Wenn der Teufel dich lockt,Apabila Iblis menggoda kamu,وقتی شیطان شما را وسوسه می‌کند,சாத்தான் உங்களைத் தூண்டும் போது,När djävulen lockar dig,Когда дьявол соблазняет тебя,যখন শয়তান আপনাকে প্রলুব্ধ করে,Cuando el diablo te seduce,جب شیطان آپ کو بہکائے
4292,41:37,Proofs of God,41,37,Tanrı'nın Kanıtları,Les preuves de l'existence de Dieu,Beweise für Gott,Bukti-bukti Tuhan,اثبات‌های خدا,கடவுளின் சான்றுகள்,Bevis för Gud,Доказательства Бога,ঈশ্বরের প্রমাণসমূহ,Pruebas de Dios,خدا کے ثبوت
4296,41:41,Mathematical Miracle of the Quran*,41,41,Kuran'ın Matematiksel Mucizesi,Le miracle mathématique du Coran*,Das mathematische Wunder des Korans*,Mukjizat Matematik Al-Quran*,معجزه ریاضی قرآن*,குர்ஆனின் கணித அற்புதம்*,Koranens matematiska mirakel*,Математическое чудо Корана*,কুরআনের গাণিতিক অলৌকিকতা*,El milagro matemático del Corán*.,قرآن کا ریاضیاتی معجزہ*
4298,41:43,God's Messenger of the Covenant*,41,43,Tanrı'nın Antlaşma Elçisi,Le messager de l'alliance de Dieu*,Gottes Gesandter des Bundes*,Pembawa Perjanjian Tuhan*,پیام‌آور عهد خدا*,கடவுளின் உடன்படிக்கைத் தூதர்*,Guds budbärare av förbundet*,Посланник Божьего Завета*.,আহদ-এর ঈশ্বরের দূত*,Mensajero de Dios de la Alianza*.,عہد کا رسولِ خدا*
4299,41:44,Language is Irrelevant,41,44,Dil Önemsizdir,La langue n'est pas pertinente,Sprache ist unerheblich,Bahasa tidak relevan,زبان بی‌ربط است,மொழி ஒரு பொருட்டல்ல,Språk är irrelevant,Язык не имеет значения,ভাষা অপ্রাসঙ্গিক,La lengua es irrelevante,زبان غیر متعلقہ ہے
4302,41:47,Idols Disown Their Followers,41,47,Putlar Kendi Takipçilerini Sahiplenmez,Les idoles désavouent leurs fans,Idole verleugnen ihre Anhänger,Berhala menafikan pengikutnya,بت‌ها از پیروان خود انکار می‌کنند,போலித் தெய்வங்கள் தங்களைப் பின்பற்றியவர்களைக் கைவிட்டு விடுகின்றன,Idoler förskjuter sina följare,Кумиры отрекаются от своих последователей,প্রতিমারা তাদের অনুসারীদের অস্বীকার করে,Los ídolos reniegan de sus seguidores,بتوں نے اپنے پیروکاروں سے انکار کر دیا
4304,41:49,Bad Weather Friends,41,49,Kötü Gün Dostları,Amis du mauvais temps,Bad Weather Friends,Teman Cuaca Buruk,دوستان هوای بد,கஷ்ட காலத்தில் நண்பர்கள்,Vänner i dåligt väder,Друзья по плохой погоде,খারাপ আবহাওয়ার বন্ধুরা,Amigos del mal tiempo,خراب موسم کے دوست
4308,41:53,A Great Prophecy*,41,53,Büyük Bir Kehânet,Une grande prophétie*,Eine große Prophezeiung*,Sabuah Nubuat Yang Hebat*,یک پیشگویی بزرگ*,ஒரு மாபெரும் முன்னறிவிப்பு*,En stor profetia*,Великое пророчество*,একটি মহান ভবিষ্যদ্বাণী*,Una gran profecía,ایک عظیم پیشگوئی*
4321,42:11,None Equals God,42,11,Hiç Kimse Tanrı'ya Denk Değildir,Aucun n'est égal à Dieu,Keiner ist gleich Gott,Sifar Tidak Sama Dengan Tuhan,هیچ‌کس برابر خدا نیست,கடவுளுக்கு நிகர் எவருமில்லை,Ingen är lika med Gud,Никто не равен Богу,শূন্য ঈশ্বরের সমান নয়,Nadie es igual a Dios,کچھ بھی خدا کے برابر نہیں
4323,42:13,"Only One Religion, Monotheists vs Idol Worshipers",42,13,"Yalnızca Tek Din, Monoteistler Putperestler'e Karşı","Une seule religion, monothéistes contre adorateurs d'idoles","Nur eine Religion, Monotheisten gegen Götzenanbeter","Hanya Satu Agama, Ahli Monoteisme vs Penyembah Berhala",تنها یک دین، توحیدگرایان در برابر بت‌پرستان,மார்க்கம் ஒன்றே ஒன்றுதான்,"Endast en religion, monoteister vs idoldyrkare","Только одна религия, монотеисты против идолопоклонников","শুধুমাত্র একটি ধর্ম, একঈশ্বরবাদী বনাম মূর্তি পূজারী","Una sola religión, monoteístas vs adoradores de ídolos",صرف ایک مذہب، توحید پرست بمقابلہ بت پرست
4325,42:15,Message to the Christians and the Jews,42,15,Hrıstiyanlar ve Yahudilere Mesaj,Message aux chrétiens et aux juifs,Botschaft an die Christen und die Juden,Pesan kepada orang Kristian dan orang Yahudi,پیامی برای مسیحیان و یهودیان,கிறிஸ்துவர்கள் மற்றும் யூதர்களுக்குரிய தூதுச்செய்தி,Meddelande till de kristna och judarna,Послание к христианам и иудеям,খ্রিস্টান ও ইহুদীদের জন্য বার্তা,Mensaje a los cristianos y a los judíos,عیسائیوں اور یہودیوں کے نام پیغام
4328,42:18,The Believers Mindful of the Day of Judgment,42,18,İmanlılar Yargı Günü'nü Önemserler,Les croyants conscients du jour du jugement,Die Gläubigen im Bewusstsein des Jüngsten Gerichts,Orang-orang yang beriman yang sentiasa sedar akan hari kiamat,مؤمنان خبیر از روز قیامت,நம்பிக்கையாளர்கள் தீர்ப்பு நாள் பற்றி கவனத்துடன் இருக்கின்றனர்,De troende som är medvetna om domedagen,"Верующие, помнящие о Судном дне",কিয়ামতের দিনের কথা স্মরণকারী বিশ্বাসীরা,Los creyentes atentos al Día del Juicio Final,روزِ قیامت سے باخبر ایمان والے
4331,42:21,The Idols: Innovating New Religious Laws*,42,21,Putlar: Yeni Dini Yasalar İcat Ederler,Les idoles : innover de nouvelles lois religieuses*.,Die Götzen: Neue religiöse Gesetze erfinden*,Para Wali: Berinovasi dalam Undang-Undang Agama Baru*,بت‌ها: نوآوری در قوانین دینی جدید*,போலித்தெய்வங்கள்: புதிய மார்க்கச் சட்டங்களை உருவாக்குகின்றன*,Idolerna: Innovationer för nya religiösa lagar*,Идолы: создание новых религиозных законов*,আইডলস: নতুন ধর্মীয় আইন উদ্ভাবন*,Los ídolos: innovación de nuevas leyes religiosas*.,بت‌پرست: نئے مذہبی قوانین میں جدت*
4334,42:24,God Erases the Falsehood and Affirms the Truth*,42,24,Tanrı Sahte Olanı Siler ve Gerçek Olanı Tasdik Eder,Dieu efface les faussetés et affirme la vérité*.,Gott löscht die Unwahrheit und bestätigt die Wahrheit*,Tuhan Menghapuskan Kebatilan dan Mengukuhkan Kebenaran*,خدا دروغ را محو می‌کند و حقیقت را تأیید می‌نماید*,கடவுள் பொய்மையை அகற்றி சத்தியத்தை உறுதிப்படுத்துகின்றார்*,Gud utplånar falskheten och bekräftar sanningen*,Бог стирает ложь и утверждает истину*.,ঈশ্বর মিথ্যা মুছে ফেলেন এবং সত্যকে প্রতিষ্ঠিত করেন*,Dios borra la falsedad y afirma la verdad*.,خدا جھوٹ کو مٹا دیتا ہے اور سچ کی تصدیق کرتا ہے*
4340,42:30,Only A Consequence,42,30,Sadece Bir Sonuç,Une conséquence seulement,Nur eine Konsequenz,Hanya Satu Akibat,تنها یک پیامد,ஒரு பின்விளைவு மட்டுமே,Bara en konsekvens,Только последствия,শুধুমাত্র একটি পরিণতি,Sólo una consecuencia,صرف ایک نتیجہ
4347,42:37,Traits of the Believers,42,37,İmanlıların Özellikleri,Caractéristiques des croyants,Charaktereigenschaften der Gläubigen,Sifat-sifat orang-orang yang beriman,ویژگی‌های مؤمنان,நம்பிக்கையாளர்களின் பண்புகள்,De troendes kännetecken,Черты верующих,বিশ্বাসীদের বৈশিষ্ট্যসমূহ,Rasgos de los creyentes,مومنوں کی خصوصیات
4358,42:48,Sole Mission of the Messenger,42,48,Elçinin Tek Görevi,La mission unique du messager,Einziger Auftrag des Boten,Misi Tunggal Utusan,مأموریت یگانه پیام‌آور,தூதருடைய ஒரே இறைப்பணி,Budbärarens enda uppdrag,Единственная миссия Посланника,বার্তাবাহকের একমাত্র মিশন,La única misión del Mensajero,پیغامبر کا واحد مشن
4361,42:51,How God Communicates With Us,42,51,Tanrı Bizimle Nasıl Haberleşir,Comment Dieu communique avec nous,Wie Gott mit uns kommuniziert,Bagaimana Tuhan Berkomunikasi Dengan Kita,چگونه خدا با ما ارتباط برقرار می‌کند,கடவுள் எவ்வாறு நம்முடன் தகவல் தொடர்பு கொள்கின்றார்,Hur Gud kommunicerar med oss,Как Бог общается с нами,ঈশ্বর আমাদের সাথে কীভাবে যোগাযোগ করেন,Cómo se comunica Dios con nosotros,خدا ہم سے کس طرح بات چیت کرتا ہے
4379,43:15,Angels As Daughters: A Blasphemy,43,15,Kız Çocukları Olarak Melekler: Bir Küfür,Les anges comme filles : Un blasphème,Engel als Töchter: Eine Blasphemie,Malaikat Sebagai Anak Perempuan: Satu Kufur,فرشتگان همچون دختران: یک کفرگویی,புதல்விகளாக வானவர்கள்: ஓர் இறைநிந்தனை,Änglar som döttrar: En blasfemi,Ангелы как дочери: A Blasphemy,ফেরেশতারা কন্যা হিসেবে: একটি ধর্মদ্রোহ,Ángeles como hijas: Una Blasfemia,فرشتے بیٹیاں: ایک گستاخی
4386,43:22,Inherited Traditions Condemned,43,22,Miras Alınan Gelenekler Kınandı,Des traditions héritées condamnées,Vererbte Traditionen verurteilt,Tradisi Turun-Temurun Dikecam,محکومیت سنت‌های موروثی,பாரம்பர்யப் பழக்கவழக்கங்கள்கண்டனம் செய்யப்படுகின்றன,Nedärvda traditioner fördömda,Наследственные традиции осуждаются,উত্তরাধিকারসূত্রে প্রাপ্ত ঐতিহ্যসমূহের নিন্দা,Tradiciones heredadas condenadas,وراثتی روایات کی مذمت
4390,43:26,Abraham's Example,43,26,İbrahim'in Örneği,L'exemple d'Abraham,Abrahams Beispiel,Teladan Abraham,نمونه‌ی ابراهیم,ஆப்ரஹாமின் உதாரணம்,Abrahams exempel,Пример Авраама,আব্রাহামের দৃষ্টান্ত,El ejemplo de Abraham,ابراہیم کی مثال
4395,43:31,Muhammad Ridiculed,43,31,Muhammed'le Alay Edildi,Muhammad ridiculisé,Mohammed lächerlich gemacht,Muhammad Diejek,مسخره شدن محمد,முஹம்மத் பரிகசிக்கப்பட்டார்,Muhammed förlöjligad,Мухаммед высмеян,মুহাম্মদকে উপহাস করা হয়েছে,Mahoma ridiculizado,محمد کا مذاق اڑایا گیا
4397,43:33,Materials of This World: All That The Disbelievers Get,43,33,Bu Dünya'nın Maddiyatı: İnkârcıların Elde Ettiği Her Şey,Matériaux de ce monde : Tout ce que les mécréants obtiennent,"Materialien dieser Welt: Alles, was die Ungläubigen bekommen",Bahan-bahan Dunia Ini: Segala yang Diperoleh Orang-orang Kafir,مواد این دنیا: همه آنچه کافران به دست می‌آورند,நம்பமறுப்பவர்களுக்குக் கிடைப்பதெல்லாம்:இந்த உலகப் பொருட்கள்தான்,Material av denna värld: Allt som de icke-troende får,"Материалы этого мира: Все, что получают неверующие",এই বিশ্বের উপকরণ: অবিশ্বাসীরা যা কিছু পায়,Materiales de este mundo: Todo Lo Que Obtienen Los Incrédulos,اس دنیا کے وسائل: وہ سب کچھ جو کافروں کو ملتا ہے
4400,43:36,"Invisible, Devilish, Companions*",43,36,"Görünmez, Şeytani Yoldaşlar","Invisibles, diaboliques, compagnons*","Unsichtbar, teuflisch, Gefährten*","Teman yang tidak kelihatan, yang jahat*",نامرئی، شیطانی، همراهان*,"கண்ணுக்குத் தெரியாத, சாத்தானிய, கூட்டாளிகள்*","Osynliga, djävulska, följeslagare*","Невидимые, дьявольские, компаньоны*","অদৃশ্য, শয়তানী সঙ্গী*","Invisibles, diabólicos, compañeros*",نظر نہ آنے والے، شیطانی ساتھی*
4404,43:40,God's Messenger of the Covenant,43,40,Tanrı'nın Antlaşma Elçisi,Le messager de l'alliance de Dieu,Gottes Gesandter des Bundes,Pembawa Perjanjian Tuhan,پیامبر عهد خدا,கடவுளின் உடன்படிக்கைத் தூதர்,Guds budbärare av förbundet,Посланник Божьего завета,চুক্তির ঈশ্বরের দূত,El Mensajero de Dios de la Alianza,عہد کا خدا کا رسول
4412,43:48,Moses and Pharaoh,43,48,Musa ve Firavun,Moïse et Pharaon,Mose und der Pharao,Musa dan Firaun,موسی و فرعون,மோஸஸும் ஃபேரோவும்,Moses och Farao,Моисей и фараон,মোশে ও ফেরাউন,Moisés y el Faraón,موسیٰ اور فرعون
4421,43:57,Jesus: Another Example,43,57,İsa: Başka Bir Örnek,Jésus : Un autre exemple,Jesus: Ein weiteres Beispiel,Yesus: Satu Contoh Lain,عیسی: یک مثال دیگر,ஜீஸஸ்: மற்றொரு உதாரணம்,Jesus - ett annat exempel Ett annat exempel,Иисус: Другой пример,যিশু: আরেকটি উদাহরণ,Jesús: Otro ejemplo,عیسیٰ: ایک اور مثال
4370,43:6,The Plan for Redemption,43,6,Günahtan Kurtuluş İçin Plan,Le plan de rédemption,Der Plan zur Erlösung,Rancangan Penebusan,نقشهٔ رستگاری,மீட்சிக்கான திட்டம்,Planen för återlösning,План искупления,মোক্ষের পরিকল্পনা,El plan de redención,نجات کا منصوبہ
4425,43:61,Jesus and the End of the World*,43,61,İsa ve Dünya'nın Sonu,Jésus et la fin du monde*,Jesus und das Ende der Welt*,Yesus dan Kiamat,عیسی و پایان جهان*,ஜீஸஸும் உலகத்தின் முடிவும்*,Jesus och världens undergång*,Иисус и конец света*,যীশু এবং বিশ্বের শেষ,Jesús y el fin del mundo,عیسیٰ اور قیامت*
4432,43:68,The Righteous,43,68,Doğrular,Les Justes,Die Gerechten,Yang Beriman,صالحان,நன்னெறியாளர்கள்,De rättfärdiga,Праведники,সৎকর্মশীলরা,Los Justos,نیک لوگ
4442,43:78,They Hate The Truth,43,78,Onlar Gerçeklerden Nefret Ederler,Ils détestent la vérité,Sie hassen die Wahrheit,Mereka Membenci Kebenaran,آنها از حقیقت متنفرند,அவர்கள் சத்தியத்தை வெறுக்கின்றனர்,De hatar sanningen,Они ненавидят правду,তারা সত্যকে ঘৃণা করে,Odian la verdad,وہ سچ سے نفرت کرتے ہیں
4464,44:10,The Smoke: A Major Prophecy*,44,10,Duman: Büyük Bir Kehânet,La fumée : Une prophétie majeure*,Der Rauch: Eine große Prophezeiung*,Asap: Nubuat Utama*,دود: یک پیشگویی بزرگ*,புகை: முக்கியமானதொரு முன்னறிவிப்பு*,Röken: En stor profetia*,Дым: Важнейшее пророчество*,ধোঁয়া: একটি প্রধান ভবিষ্যদ্বাণী*,El Humo: Una Profecía Mayor*,دھواں: ایک بڑی پیشگوئی*
4467,44:13,God's Messenger of the Covenant*,44,13,Tanrı'nın Antlaşma Elçisi,Le messager de l'alliance de Dieu*,Gottes Gesandter des Bundes*,Pembawa Perjanjian Tuhan*,پیام‌آور عهد خدا*,கடவுளின் உடன்படிக்கைத் தூதர்*,Guds budbärare av förbundet*,Посланник Божьего Завета*.,আহদ-এর ঈশ্বরের দূত*,Mensajero de Dios de la Alianza*.,عہد کا خدا کا رسول*
4488,44:34,Expect The Same Consequences,44,34,Aynı Sonuçları Bekleyin,S'attendre aux mêmes conséquences,Erwarten Sie die gleichen Konsequenzen,Jangka akibat yang sama,انتظار عواقب مشابه را داشته باشید,அதே விளைவுகளை எதிர்பாருங்கள்,Förvänta dig samma konsekvenser,Ожидайте тех же последствий,একই পরিণতি আশা করুন,Espere las mismas consecuencias,ایک ہی نتائج کی توقع رکھو
4497,44:43,The Disbelievers,44,43,İnkârcılar,Les mécréants,Die Ungläubigen,Orang-orang yang kafir,کافران,நம்பமறுப்பவர்கள்,De icke-troende,Неверующие,অবিশ্বাসীরা,Los incrédulos,کافر
4505,44:51,The Righteous,44,51,Doğrular,Les Justes,Die Gerechten,Yang Beriman,صالحان,நன்னெறியாளர்கள்,De rättfärdiga,Праведники,সৎকর্মশীলরা,Los Justos,نیک لوگ
4510,44:56,The Righteous Do Not Really Die*,44,56,Doğrular Gerçekte Ölmezler,Les justes ne meurent pas vraiment*,Die Gerechten sterben nicht wirklich*,Orang-orang yang benar sebenarnya tidak mati*,صالحان در واقع نمی‌میرند*,நன்னெறியாளர்கள் உண்மையில் மரணிப்பதில்லை*,De rättfärdiga dör inte på riktigt*,Праведники не умирают*,সৎ মানুষরা আসলে মারা যায় না*,Los justos no mueren de verdad*.,نیک لوگ حقیقت میں مرتے نہیں ہیں*
4537,45:23,Common Form of Idolatry: The Ego As A god,45,23,Putperestliğin Yaygın Formu: Bir tanrı Olarak Ego,Une forme courante d'idolâtrie : L'ego en tant que dieu,Gemeinsame Form der Idolatrie: Das Ego als Gott,Bentuk Lazim Penyembahan Berhala: Ego Sebagai Tuhan,شکلی رایج از بت‌پرستی: خود به‌عنوان یک خدا,போலித்தெய்வ வழிபாட்டின் ஒரு பொதுவான வடிவம்: அகந்தை ஒரு தெய்வமாக,Vanlig form av avgudadyrkan: Egot som gud,Распространенная форма идолопоклонства: Эго как бог,মূর্তি পূজার সাধারণ রূপ: আত্মাকে দেবতারূপে পূজা,Forma común de idolatría: El ego como dios,بت پرستی کی عام شکل: خودی کو ایک خدا کے طور پر
4542,45:28,Kneeling,45,28,Diz Çöküş,A genoux,Kniend,Berlutut,زانو زدن,மண்டியிடுதல்,Knäböjande,Стоя на коленях,হাঁটু গেড়ে বসা,De rodillas,گھٹنوں کے بل بیٹھنا
4520,45:6,Which Hadith?*,45,6,Hangi Hadis?,Quel Hadith ?,Welcher Hadith?*,Hadith yang mana?*,کدام حدیث؟*,எந்த ஹதீஸ்?*,Vilken Hadith?,Какой хадис?,কোন হাদিস?*,¿Qué Hadith?,کون سی حدیث؟*
4562,46:10,Rabbi Judah the Pious*,46,10,Takva Ehli Haham Juda,Rabbi Juda le Pieux*,Rabbi Juda der Fromme*,Rabbi Yehuda si Saleh,ربی یهودا پارسا,ரப்பி ஜுதா எனும் பக்திமான்*,Rabbi Judah den fromme*,Рабби Иуда Благочестивый*,রাব্বি যিহুদা ধার্মিক,Rabí Judá el Piadoso*,ربی یہودا پارسا
4565,46:13,Good News,46,13,Müjde,Bonnes nouvelles,Gute Nachrichten,Berita Baik,خبر خوب,நற்செய்தி,Goda nyheter,Хорошие новости,ভাল খবর,Buenas noticias,اچھی خبر
4567,46:15,40: The Age of Decision*,46,15,40: Karar Yaşı,40 : L'âge de la décision*,40: Das Zeitalter der Entscheidung*,40: Umur Keputusan*,۴۰: سن تصمیم‌گیری*,தீர்மானிக்கும் வயது: 40*,40: Beslutets tidsålder*,40: Эпоха решений*,৪০: সিদ্ধান্তের যুগ*,40: La edad de la decisión*.,40: فیصلے کا دور*
4573,46:21,Hûd,46,21,Hud,Hûd,Hûd,Hûd,هود,ஹூத்,Hûd,Hûd,হূদ,Hûd,ہود
4578,46:26,They Ridiculed the Messenger's Warnings,46,26,Elçinin Uyarılarını Alaya Aldılar,Ils ont ridiculisé les avertissements du messager,Sie machten sich über die Warnungen des Gesandten lustig,Mereka mengejek amaran Utusan itu.,آنها هشدارهای پیامبر را مسخره کردند,தூதர்களுடைய எச்சரிக்கைகளை அவர்கள் பரிகசித்தனர்,De förlöjligade budbärarens varningar,Они высмеивали предупреждения Посланника,তারা বার্তাবাহকের সতর্কতাকে উপহাস করেছিল।,Ridiculizaron las advertencias del Mensajero,انہوں نے رسول کی تنبیہوں کا مذاق اڑایا۔
4581,46:29,Believers Among the Jinns*,46,29,Cinler Arasındaki İmanlılar,Les croyants parmi les djinns*,Gläubige unter den Dschinns*,Para Mukmin di Kalangan Jin*,مؤمنان در میان جنیان*,ஜின்களில் நம்பிக்கையாளர்கள்*,Troende bland djinnerna*,Верующие среди джиннов*,জ্বিনদের মধ্যে বিশ্বাসীরা*,Creyentes entre los genios,جنوں میں مومن
4587,46:35,God's Messenger of the Covenant*,46,35,Tanrı'nın Antlaşma Elçisi,Le messager de l'alliance de Dieu*,Gottes Gesandter des Bundes*,Pembawa Perjanjian Tuhan*,پیام‌آور عهد خدا*,கடவுளின் உடன்படிக்கைத் தூதர்*,Guds budbärare av förbundet*,Посланник Божьего Завета*.,আহদ-এর ঈশ্বরের দূত*,Mensajero de Dios de la Alianza*.,عہد کا خدا کا رسول*
4557,46:5,The Idols Totally Unaware,46,5,Putlar Tamamen Habersiz,Les idoles totalement inconscientes,Die Idole sind völlig ahnungslos,Para Idola Sama Sekali Tidak Sedar,بت‌های کاملاً بی‌خبر,போலித் தெய்வங்கள் முற்றிலும் அறியாதிருக்கின்றன,Idolerna helt omedvetna,Кумиры совершенно не знают,আইডলরা একেবারেই অজ্ঞ,Los ídolos totalmente inconscientes,مورتوں کو بالکل بھی خبر نہیں
4558,46:6,The Idols Disown Their Worshipers*,46,6,Putlar Kendilerine Tapanları Sahiplenmezler,Les idoles renient leurs adorateurs*,Die Götzen verleugnen ihre Anbeter*innen,Para Dewa Menafikan Pengikut Mereka*,بت‌ها از پرستندگان خود انکار می‌کنند*,போலித்தெய்வங்கள் தங்களை வழிபட்டவர்களைக் கைவிட்டு விடுகின்றன*,Idolerna förskjuter sina dyrkare*,Идолы отрекаются от своих поклонников*,প্রতিমাগুলো তাদের পূজারিদের অস্বীকার করে*,Los ídolos repudian a sus adoradores*.,بتوں نے اپنے پوجاریوں سے انکار کر دیا*
4606,47:18,End of the World*,47,18,Dünya'nın Sonu,La fin du monde*,Ende der Welt*,Akhir Dunia*,پایان دنیا*,உலகத்தின் முடிவு*,Världens ände*,Конец света*,বিশ্বের শেষ*,Fin del mundo,دنیا کا خاتمہ*
4607,47:19,Lã Elãha Ellã Allãh: First Commandment,47,19,La İlahe İllallah: İlk Buyruk,Lã Elãha Ellã Allãh : Premier commandement,Lã Elãha Ellã Allãh: Erstes Gebot,Lã Elãha Ellã Allãh: Perintah Pertama,لا اله الا الله: فرمان نخست,லா இலாஹ இல்லல்லாஹ்:முதற் கட்டளை,Lã Elãha Ellã Allãh: Första budordet,Lã Elãha Ellã Allãh: Первая заповедь,লা আনলাহা ইল্লাল্লাহ: প্রথম আদেশ,Lã Elãha Ellã Allãh: Primer mandamiento,لا الہ الا اللہ: پہلی حکم
4608,47:20,Exposing the Hypocrites,47,20,İkiyüzlülerin İfşa Olması,Démasquer les hypocrites,Entlarvung der Heuchler,Mendedahkan Orang Munafik,افشای ریاکاران,நயவஞ்சகர்களை வெளிப்படுத்துதல்,Avslöjar hycklarna,Разоблачение лицемеров,ভণ্ডদের উন্মোচন,Desenmascarar a los hipócritas,منافقین کا پردہ فاش
4609,47:21,Proof of Faith During Muhammad's Era,47,21,Muhammed'in Devrinde İmanın Kanıtı,La preuve de la foi à l'époque de Mahomet,Glaubensbeweise zur Zeit Muhammads,Bukti Keimanan Pada Zaman Muhammad,اثبات ایمان در عصر محمد,முஹம்மதுடைய சகாப்தத்தின் போதுவிசுவாசத்தின் சான்று,Trosbevis under Muhammeds tid,Доказательства веры в эпоху Мухаммада,মুহাম্মদ (স.)-এর যুগে বিশ্বাসের প্রমাণ,Pruebas de fe en la época de Mahoma,حضرت محمد ﷺ کے دور میں ایمان کا ثبوت
4612,47:24,Study the Quran,47,24,Kuran'ı İnceleyin,Étudier le Coran,Studieren Sie den Koran,Kaji Al-Quran,قرآن را مطالعه کنید,குர்ஆனை ஆராய்ந்து பாருங்கள்,Studera Koranen,Изучайте Коран,কুরআন অধ্যয়ন করুন,Estudiar el Corán,قرآن کا مطالعہ کریں
4622,47:34,The Great Disaster,47,34,Büyük Felaket,La grande catastrophe,Die große Katastrophe,Bencana Besar,فاجعه بزرگ,மகத்தான பெரு நாசம்,Den stora katastrofen,Великая катастрофа,মহাপ্রলয়,La gran catástrofe,عظیم آفت
4626,47:38,Warning to the Arabs*,47,38,Araplara Uyarı,Avertissement aux Arabes*,Warnung an die Araber*,Amaran kepada orang Arab*,هشدار به اعراب*,Warning to the Arabs*,Varning till araberna*,Предупреждение арабам*,আরবদের জন্য সতর্কবার্তা*,Advertencia a los árabes,عربوں کو انتباہ*
4637,48:10,You Shall Support God's Messenger,48,10,Tanrı'nın Elçisi'ne Destek Verin,Vous soutiendrez le messager de Dieu,Ihr sollt den Gesandten Gottes unterstützen,Kamu hendaklah menyokong utusan Allah,از پیامبر خدا حمایت کنید,கடவுளின் தூதருக்கு நீங்கள்ஆதரவளிக்க வேண்டும்,Du ska stödja Guds sändebud,Вы должны поддерживать посланника Божьего,তুমি ঈশ্বরের দূতকে সমর্থন করবে,Apoyarás al Mensajero de Dios,تم خدا کے رسول کی حمایت کرو گے
4643,48:16,The Test for Early Generations,48,16,İlk Nesiller İçin İlk Test,Le test pour les premières générations,Der Test für frühe Generationen,Ujian untuk Generasi Awal,آزمون نسل‌های اولیه,ஆரம்பத் தலைமுறையினருக்குரிய சோதனை,Testet för tidiga generationer,Тест для первых поколений,প্রাথমিক প্রজন্মের পরীক্ষা,La prueba para las primeras generaciones,ابتدائی نسلوں کے لیے آزمائش
4649,48:22,Victory Guaranteed for the Believers,48,22,İmanlılar için Galibiyet Garantidir,Victoire garantie pour les croyants,Garantierter Sieg für die Gläubigen,Kemenangan Dijamin untuk Orang-orang yang Beriman,پیروزی تضمین‌شده برای مؤمنان,வெற்றியானது நம்பிக்கையாளர்களுக்கு உத்தரவாதமளிக்கப்படுகின்றது,Seger garanterad för de troende,Победа гарантирована верующим,বিশ্বাসীদের জন্য বিজয় নিশ্চিত,Victoria garantizada para los creyentes,مومنوں کے لیے فتح یقینی ہے
4655,48:28,The Great Prophecy*,48,28,Büyük Kehânet,La grande prophétie*,Die große Prophezeiung*,Ramalan Agung*,پیشگویی بزرگ*,மகத்தான முன்னறிவிப்பு*,Den stora profetian*,Великое пророчество*,মহান ভবিষ্যদ্বাণী*,La Gran Profecía,عظیم پیشگوئی*
4656,48:29,Qualities of the Believers,48,29,İmanlıların Nitelikleri,Qualités des croyants,Qualitäten der Gläubigen,Sifat-sifat orang-orang yang beriman,ویژگی‌های مؤمنان,நம்பிக்கையாளர்களின் தனிப்பண்புகள்,De troendes egenskaper,Качества верующих,বিশ্বাসীদের গুণাবলী,Cualidades de los creyentes,مومنوں کی خصوصیات
4667,49:10,The Real Family,49,10,Gerçek Aile,La vraie famille,Die wahre Familie,Keluarga Sejati,خانواده واقعی,அசலான குடும்பம்,Den verkliga familjen,Настоящая семья,আসল পরিবার,La verdadera familia,اصل خاندان
4668,49:11,Believers Set the Example,49,11,İmanlılar Örnek Teşkil Ederler,Les croyants donnent l'exemple,Gläubige gehen mit gutem Beispiel voran,Orang-orang yang beriman menjadi teladan,مؤمنان الگو باشند,நம்பிக்கையாளர்கள் உதாரணம் அமைக்கின்றனர்,De troende föregår med gott exempel,Верующие подают пример,বিশ্বাসীরা দৃষ্টান্ত স্থাপন করে,Los creyentes dan ejemplo,مومن مثال قائم کرتے ہیں
4669,49:12,Suspicion Is Sinful,49,12,Zan Günahtır,Le soupçon est un péché,Verdächtigung ist sündhaft,Keraguan itu berdosa,شک گناه‌آلود است,சந்தேகம் பாவகரமானது,Misstanke är syndigt,Подозрение - это грех,সন্দেহ পাপ,La sospecha es pecaminosa,شک گناہ ہے
4670,49:13,The Only Criterion For Distinguishing Among The People,49,13,İnsanlar Arasında Ayrım Yapmanın Tek Kriteri,Le seul critère de distinction entre les peuples,Das einzige Kriterium zur Unterscheidung zwischen den Menschen,Satu-satunya Kriteria untuk Membezakan Antara Orang,تنها معیار برای تمایز میان مردم,மக்களுக்கிடையில் வேறுபடுத்திக் காண்பதற்கான ஒரே அளவுகோல்,Det enda kriteriet för att skilja mellan människor,Единственный критерий для различения людей,মানুষদের মধ্যে পার্থক্য করার একমাত্র মানদণ্ড,El único criterio para distinguir entre las personas,لوگوں کے درمیان امتیاز کے لیے واحد معیار
4671,49:14,Muslim vs Mu'men,49,14,Mü'mine karşı Müslüman,Musulmans vs Mu'men,Muslime gegen Mu'men,Muslim vs Percaya,مسلمان در برابر مؤمن,முஸ்லிமும் முஃமினும்,Muslimer kontra muhammedaner,Мусульмане против муменов,মুসলিম বনাম বিশ্বাসী,Musulmanes vs Mu'men,مسلمان بمقابلہ مومن
4674,49:17,Who Is Doing Whom A Favor?,49,17,Kim Kime İyilik Yapıyor?,Qui rend service à qui ?,Wer tut wem einen Gefallen?,Siapa yang sedang memberi budi baik kepada siapa?,چه کسی به چه کسی لطف می‌کند؟,யாருக்கு யார் சலுகை புரிகின்றார்?,Vem gör vem en tjänst?,Кто кому делает одолжение?,কে কার উপকার করছে?,¿Quién hace un favor a quién?,کون کس کا احسان کر رہا ہے؟
4663,49:6,Investigate Rumors Before Believing Them,49,6,Söylentilere İnanmadan Önce Onları Araştırın,Enquêter sur les rumeurs avant de les croire,"Untersuchen Sie Gerüchte, bevor Sie ihnen Glauben schenken",Siasat khabar angin sebelum mempercayainya,پیش از باور کردن شایعات، آنها را بررسی کنید.,வதந்திகளை நம்புவதற்கு முன் அவற்றை விசாரித்துக் கொள்ளுங்கள்,Undersök rykten innan du tror på dem,"Изучите слухи, прежде чем им верить",গুজব বিশ্বাস করার আগে তদন্ত করুন,Investigue los rumores antes de creerlos,افواہوں پر یقین کرنے سے پہلے ان کی تفتیش کریں۔
4666,49:9,Reconcile The Believers,49,9,İmanlıları Uzlaştırın,Réconcilier les croyants,Die Gläubigen versöhnen,Memperdamaikan orang-orang yang beriman,مؤمنان را آشتی دهید,நம்பிக்கையாளர்களை இணக்கப்படுத்துங்கள்,Förena de troende,Примирить верующих,বিশ্বাসীদের পুনর্মিলন,Reconciliar a los creyentes,مومنوں کے درمیان صلح کرو
777,5:104,Do Not Follow Your Parents' Religion Blindly,5,104,Atalarınızın Dinini Körü Körüne Takip Etmeyin,Ne suivez pas aveuglément la religion de vos parents,Folgen Sie nicht blind der Religion Ihrer Eltern,Jangan Ikuti Agama Ibu Bapa Anda Secara Membuta,مذهب والدینتان را کورکورانه دنبال نکنید,உங்களுடைய பெற்றோர்களின் மார்க்கத்தைக் கண்மூடிப் பின்பற்றாதீர்கள்,Följ inte dina föräldrars religion blint,Не следуйте слепо религии своих родителей,আপনার পিতামাতার ধর্ম অন্ধভাবে অনুসরণ করবেন না।,No sigas ciegamente la religión de tus padres,اپنے والدین کے مذہب کی اندھا دھند پیروی نہ کریں۔
779,5:106,Witnessing A Will,5,106,Bir Vasiyete Şahit Olmak,Témoigner d'un testament,Ein Testament bezeugen,Saksi Wasiat,گواهی بر وصیت‌نامه,ஓர் உயிலுக்குச் சாட்சியம் அளித்தல்,Bevittnande av testamente,Свидетельствование завещания,একটি উইটের সাক্ষী হওয়া,Testificar un testamento,وصیت کی گواہی
782,5:109,The Dead Messengers Totally Unaware,5,109,Ölmüş Elçiler Tamamen Habersizdirler,Les messagers morts totalement inconscients,Die toten Boten sind völlig ahnungslos,Pembawa Berita Mati Sama Sekali Tidak Sedar,پیام‌رسانان مرده کاملاً بی‌خبر,இறந்து விட்ட தூதர்கள் முற்றிலும் அறியாதவர்களே,De döda budbärarna helt ovetande,Мертвые посланники совершенно не знают,মৃত বার্তাবাহকরা একেবারেই অজ্ঞ,Los mensajeros muertos totalmente inconscientes,مردہ پیغامبر بالکل بے خبر
684,5:11,God Defends the Believers,5,11,Tanrı İmanlıları Savunur,Dieu défend les croyants,Gott verteidigt die Gläubigen,Tuhan membela orang-orang yang beriman,خداوند از مؤمنان دفاع می‌کند,நம்பிக்கையாளர்களைக் கடவுள் காப்பாற்றுகின்றார்,Gud försvarar de troende,Бог защищает верующих,ঈশ্বর বিশ্বাসীদের রক্ষা করেন,Dios defiende a los creyentes,خدا مومنوں کا دفاع کرتا ہے
785,5:112,The Feast,5,112,Ziyafet,Le festin,Das Fest,Perjamuan,ضیافت,விருந்து,Festmåltiden,Праздник,ভোজ,La fiesta,داؤٔت
787,5:114,Greater Miracles Bring Greater Responsibility*,5,114,Büyük Mucizeler: Büyük Sorumluluk Getirir,De plus grands miracles entraînent de plus grandes responsabilités*,Größere Wunder bringen größere Verantwortung*,Mukjizat yang lebih besar membawa tanggungjawab yang lebih besar*,معجزات بزرگ‌تر، مسئولیت بزرگ‌تری به همراه دارند*,மாபெரும் அற்புதங்கள் மாபெரும் பொறுப்பினைக் கொண்டு வருகின்றன*,Större mirakel ger större ansvar*,Большие чудеса влекут за собой большую ответственность*,বড় অলৌকিক ঘটনা বড় দায়িত্ব নিয়ে আসে*,"A mayores milagros, mayor responsabilidad*.",بڑے معجزے زیادہ ذمہ داری لیتے ہیں*
789,5:116,On The Day Of Resurrection,5,116,Diriliş Günü'nde,Le jour de la résurrection,Am Tag der Auferstehung,Pada Hari Kebangkitan,در روز قیامت,உயிர்த்தெழுப்பப்படுகின்ற நாள் அன்று,På uppståndelsens dag,В день воскресения,পুনরুত্থানের দিনে,El día de la resurrección,روزِ قیامت
685,5:12,Conditions for Staying Within God's Protection*,5,12,Tanrı'nın Koruması Altında Kalma Şartları,Les conditions pour rester sous la protection de Dieu*,Bedingungen für den Verbleib in Gottes Schutz*,Syarat-syarat untuk Kekal dalam Perlindungan Tuhan*,شرایط باقی ماندن در حفاظت خدا*,கடவுளின் பாதுகாப்பிற்குள் நிலைத்திருப்பதற்குரிய நிபந்தனைகள்*,Villkor för att hålla sig inom Guds beskydd*,Условия пребывания под Божьей защитой*,ঈশ্বরের সুরক্ষার মধ্যে থাকার শর্তাবলী*,Condiciones para permanecer bajo la protección de Dios*.,اللہ کی حفاظت میں رہنے کی شرائط*
686,5:13,Consequences of Violating God's Covenant,5,13,Tanrı'nın Antlaşmasını İhlal Etmenin Sonuçları,Conséquences de la violation de l'alliance de Dieu,Folgen der Verletzung von Gottes Bund,Konsekuensi Melanggar Perjanjian Allah,پیامدهای نقض پیمان خدا,கடவுளின் உடன்படிக்கையை மீறுவதன் பின்விளைவுகள்,Konsekvenser av att bryta mot Guds förbund,Последствия нарушения Божьего завета,ঈশ্বরের প্রতিশ্রুতি লঙ্ঘনের পরিণতি,Consecuencias de violar la Alianza de Dios,خدا کے عہد کی خلاف ورزی کے نتائج
687,5:14,"Christians, too, Must Obey God's Messenger",5,14,Hrıstiyanlar da Tanrı'nın Elçisine İtaat Etmek Zorundadır,Les chrétiens aussi doivent obéir au messager de Dieu,Auch Christen müssen dem Gesandten Gottes gehorchen,Kristian juga mesti taat kepada utusan Tuhan.,مسیحیان نیز باید از پیامبر خدا اطاعت کنند,"கிறிஸ்துவர்கள் கூட, கடவுளின் தூதருக்குக் கீழ்ப்படிய வேண்டும்",Även kristna måste lyda Guds budbärare,Христиане тоже должны повиноваться Божьему посланнику,খ্রিস্টানদেরও ঈশ্বরের দূতের আজ্ঞা মানতে হবে।,También los cristianos deben obedecer al Enviado de Dios,عیسائیوں کو بھی خدا کے رسول کی اطاعت کرنی چاہیے۔
688,5:15,The Quran: God's Message to the Jews and Christians,5,15,Kuran: Tanrı'nın Yahudilere ve Hrıstiyanlara Mesajı,Le Coran : Le message de Dieu aux juifs et aux chrétiens,Der Koran: Gottes Botschaft an die Juden und Christen,Al-Quran: Perutusan Tuhan kepada orang Yahudi dan orang Kristian,قرآن: پیام خدا به یهودیان و مسیحیان,இந்தக் குர்ஆன்: யூதர்கள் மற்றும் கிறிஸ்துவர் களுக்கான கடவுளின் தூதுச் செய்தி,Koranen: Guds budskap till judar och kristna,Коран: Послание Бога евреям и христианам,কুরআন: ইহুদী ও খ্রিস্টানদের জন্য ঈশ্বরের বার্তা,El Corán: El mensaje de Dios a judíos y cristianos,قرآن: یہودیوں اور عیسائیوں کے لیے خدا کا پیغام
690,5:17,Gross Blasphemy,5,17,Büyük Küfür,Blasphème grossier,Grobe Blasphemie,Kufur Terang-terangan,کفرگویی آشکار,மகத்தானதொரு இறை நிந்தனை,Grov hädelse,Грубое богохульство,গুরুতর ধর্ম অবমাননা,Blasfemia grave,سنگین توہینِ مذہب
691,5:18,"God's Messenger to the Jews, Christians and Muslims",5,18,"Yahudilere, Hrıstiyanlara ve Müslümanlara Tanrı'nın Elçisi","Le Messager de Dieu pour les Juifs, les Chrétiens et les Musulmans","Der Gesandte Gottes für die Juden, Christen und Muslime","Pembawa Risalah Tuhan kepada orang Yahudi, orang Kristian dan orang Islam",پیامبر خدا برای یهودیان، مسیحیان و مسلمانان,"யூதர்கள், கிறிஸ்துவர்கள் மற்றும் முஸ்லிம்களுக்குரிய கடவுளின் தூதர்","Guds sändebud till judarna, de kristna och muslimerna","Посланник Бога к иудеям, христианам и мусульманам","ইহুদী, খ্রিস্টান ও মুসলিমদের জন্য ঈশ্বরের দূত","Mensajero de Dios a los judíos, cristianos y musulmanes",یہودیوں، عیسائیوں اور مسلمانوں کے لیے خدا کا رسول
692,5:19,God's Messenger of the Covenant,5,19,Tanrı'nın Antlaşma Elçisi,Le messager de l'alliance de Dieu,Gottes Gesandter des Bundes,Pembawa Perjanjian Tuhan,پیام‌آور عهد خدا,கடவுளின் உடன்படிக்கைத்தூதர்,Guds budbärare av förbundet,Посланник Божьего завета,চুক্তির ঈশ্বরের দূত,El Mensajero de Dios de la Alianza,عہد کا رسولِ خدا
694,5:21,God Gives the Holy Land to Israel,5,21,Tanrı Kutsal Toprakları İsrail'e Verir,Dieu donne la Terre Sainte à Israël,Gott schenkt Israel das Heilige Land,Tuhan Memberi Tanah Suci kepada Israel,خدا سرزمین مقدس را به اسرائیل می‌دهد,புண்ணிய தேசத்தை இஸ்ரவேலர்களுக்குக் கடவுள் கொடுக்கின்றார்,Gud ger det heliga landet till Israel,Бог дарует Израилю Святую землю,ঈশ্বর পবিত্র ভূমি ইস্রায়েলকে দিয়েছেন,Dios regala Tierra Santa a Israel,خدا نے مقدس سرزمین اسرائیل کو عطا کی۔
697,5:24,Despite All the Miracles They Saw,5,24,Gördükleri Tüm Mucizelere Rağmen,Malgré tous les miracles qu'ils ont vus,"Trotz all der Wunder, die sie sahen",Walaupun semua mukjizat yang mereka saksikan,با وجود تمام معجزه‌هایی که دیدند,அவர்கள் கண்ட அத்தனை அற்புதங்களுக்குப் பின்னரும்,Trots alla mirakel de såg,"Несмотря на все чудеса, которые они видели",তারা যতই অলৌকিক ঘটনা দেখেছিল,A pesar de todos los milagros que vieron,انہوں نے جو تمام معجزے دیکھے
700,5:27,The First Murder*,5,27,İlk Cinayet,Le premier meurtre*,Der erste Mord*,Pembunuhan Pertama*,اولین قتل*,முதன் முதல் கொலை*,Det första mordet*,Первое убийство*,প্রথম হত্যাকাণ্ড*,El primer asesinato*,پہلا قتل*
676,5:3,"Only Four Meats Prohibited ""Animals that die of themselves"" Defined",5,3,"Sadece Dört Et Haram Kılındı ""Kendiliğinden ölen hayvanlar"" Tanımlandı","Seules quatre viandes sont interdites Définition des ""animaux qui meurent d'eux-mêmes","Nur vier Fleischsorten verboten ""Tiere, die an sich selbst sterben"" Definiert","Hanya Empat Jenis Daging Dilarang ""Haiwan yang mati dengan sendirinya"" Ditakrifkan",تنها چهار نوع گوشت ممنوع است   «حیواناتی که خودبه‌خود می‌میرند» تعریف شده,நான்கு மாமிச உணவுகள் மட்டுமே தடுக்கப் படுகின்றன தாமாகச் செத்த பிராணிகள் விவரிக்கப்படுகின்றன,"Endast fyra köttprodukter förbjudna ""Djur som dör av sig själva"" definierat","Запрещены только четыре вида мяса ""Животные, которые умирают сами"" Определение","শুধুমাত্র চার ধরনের মাংস নিষিদ্ধ ""স্বয়ংক্রিয়ভাবে মৃত প্রাণী"" সংজ্ঞায়িত","Sólo cuatro carnes prohibidas Definición de ""animales que mueren por sí mismos","صرف چار اقسام کے گوشت ممنوع ہیں   ""خود مرنے والے جانور"" کی تعریف"
705,5:32,Grossness of Murder,5,32,Cinayetin Büyüklüğü,Grossièreté de l'assassinat,Ekelhaftigkeit des Mordes,Kejijikan Pembunuhan,ناجوری قتل,கொலையின் பெருங்கேடு,Mordets grovhet,Грубость убийства,হত্যার জঘন্যতা,Brutalidad del asesinato,قتل کی گھناؤنی کیفیت
706,5:33,Capital Punishment: When is it Justified?,5,33,İdam Cezası: Ne Zaman Haklıdır?,La peine capitale : Quand est-elle justifiée ?,Die Todesstrafe: Wann ist sie gerechtfertigt?,Hukuman Mati: Bilakah ia dibenarkan?,مجازات اعدام: چه زمانی موجه است؟,மரண தண்டனை:எப்பொழுது அது நியாயமாகின்றது?,Dödsstraff: När är det berättigat?,Смертная казнь: Когда она оправдана?,মৃত্যুদণ্ড: কখন এটি ন্যায্য?,Pena capital: ¿Cuándo está justificada?,سزائے موت: کب یہ جائز ہوتی ہے؟
709,5:36,The Cost of Disbelief,5,36,İnkârın Maliyeti,Le coût de l'incrédulité,Die Kosten des Unglaubens,Kos Ketidakpercayaan,هزینهٔ کفر,நம்பமறுத்தலுக்கான விலை,Kostnaden för att inte tro,Цена неверия,অবিশ্বাসের মূল্য,El coste de la incredulidad,کفر کی قیمت
711,5:38,Mathematical Proof Supports Quranic Justice,5,38,Matematiksel Kanıt Kurani Adaleti Destekler,La preuve mathématique soutient la justice coranique,Mathematische Beweise unterstützen Koran-Gerechtigkeit,Bukti Matematik Menyokong Keadilan Al-Quran,اثبات ریاضی از عدالت قرآنی حمایت می‌کند,குர்ஆனிய நீதிக்குக் கணிதச் சான்று ஆதரவளிக்கின்றது,Matematiskt bevis stöder koranisk rättvisa,Математическое доказательство подтверждает справедливость Корана,গণিতগত প্রমাণ কোরআনের ন্যায়বিচারকে সমর্থন করে,Una prueba matemática apoya la justicia coránica,ریاضیاتی ثبوت قرآن کے انصاف کی تائید کرتا ہے۔
717,5:44,Honoring Previous Scripture,5,44,Önceki Kutsal Yazıları Onurlandırma,Honorer les Écritures précédentes,Ehrung früherer Schriften,Menghormati Kitab Suci Sebelumnya,گرامیداشت کتاب مقدس پیشین,முந்திய வேதங்களுக்கு மதிப்பளித்தல்,Att respektera tidigare skrifter,Почитание предыдущего Писания,পূর্ববর্তী শাস্ত্রকে সম্মান করা,Respetar las escrituras anteriores,گزشتہ صحیفے کا احترام
718,5:45,The Law of Equivalence,5,45,Denklik Yasası,La loi d'équivalence,Das Gesetz der Äquivalenz,Undang-undang Ekuivalensi,قانون معادل‌سازی,சமநீதியுடைய சட்டம்,Lagen om ekvivalens,Закон эквивалентности,সমতুল্যতার সূত্র,Ley de equivalencia,قانونِ مساوات
719,5:46,The Gospel of Jesus: Guidance and Light,5,46,İsa'nın İncili: Rehberlik ve Işık,L'Évangile de Jésus : Guidance et lumière,Das Evangelium von Jesus: Wegweisung und Licht,Injil Yesus: Petunjuk dan Cahaya,انجیل عیسی: هدایت و نور,ஜீஸஸின் சுவிசேஷம்:வழிகாட்டலும் ஒளியும்,Jesu evangelium: Vägledning och ljus,Евангелие от Иисуса: Руководство и свет,যিশুর সুসমাচার: পথপ্রদর্শন ও আলো,El Evangelio de Jesús: Guía y Luz,عیسیٰ کی خوشخبری: رہنمائی اور نور
721,5:48,Quran: The Ultimate Reference,5,48,Kuran: Nihai Referans,Coran : La référence ultime,Koran: Die ultimative Referenz,Al-Quran: Rujukan Utama,قرآن: مرجع نهایی,குர்ஆன்: இறுதியான ஆலோசனைக் குறிப்பேடு,Koranen: Den ultimata referensen,Коран: The Ultimate Reference,কুরআন: চূড়ান্ত রেফারেন্স,Corán: La referencia definitiva,قرآن: حتمی حوالہ
724,5:51,Certain Jews and Christians Cannot Be Friends*,5,51,Belirli Yahudi ve Hrıstiyanlarla Dost Olunamaz,Certains juifs et chrétiens ne peuvent pas être amis*,Bestimmte Juden und Christen können keine Freunde sein*,Sesetengah orang Yahudi dan orang Kristian tidak boleh menjadi kawan.,برخی از یهودیان و مسیحیان نمی‌توانند دوست باشند*,குறிப்பிட்ட சில யூதர்களும் கிறிஸ்துவர்களும் நண்பர்களாக இருக்க இயலாது*,Vissa judar och kristna kan inte vara vänner*,Некоторые евреи и христиане не могут быть друзьями*,কিছু ইহুদী ও খ্রিস্টান বন্ধু হতে পারে না*,Algunos judíos y cristianos no pueden ser amigos*.,کچھ یہودی اور عیسائی دوست نہیں بن سکتے*
730,5:57,Which Jews and Christians,5,57,Hangi Yahudi ve Hrıstiyanlar,Quels sont les juifs et les chrétiens,Welche Juden und Christen,Yahudi dan Kristian mana?,کدام یهودیان و مسیحیان,எத்தகைய யூதர்கள் மற்றும் கிறிஸ்துவர்கள்,Vilka judar och kristna,Какие евреи и христиане,কোন ইহুদী ও খ্রিস্টানরা,Qué judíos y cristianos,کون سے یہودی اور عیسائی
731,5:58,Recipients of the Scriptures Transgress,5,58,Kutsal Yazılar Alanlar Haddi Aşıyor,Les destinataires des Écritures transgressent,Empfänger der Heiligen Schrift überschreiten,Penerima-penerima Kitab Suci Melanggar,دریافت‌کنندگان کتاب مقدس تعدی می‌کنند,வேதங்களைப் பெற்றுக் கொண்டவர்கள் வரம்பு மீறுகின்றனர்,Mottagare av skrifterna överträder,Получатели Писания преступают,শাস্ত্রের প্রাপকরা লঙ্ঘন করে,Los destinatarios de las Escrituras transgreden,کتابِ مقدس کے حامل حد سے تجاوز کرتے ہیں
679,5:6,Ablution,5,6,Abdest,Ablution,Waschung,Mandi kecil,وضو,அங்க சுத்தி,Ablution,Омовение,অজু,Ablution,وضو
737,5:64,Blaspheming Against God,5,64,Tanrı'ya Karşı Küfür,Blasphémer contre Dieu,Blasphemie gegen Gott,Mengejek Tuhan,کفرگویی علیه خدا,கடவுளுக்கெதிராக நிந்தனை செய்தல்,Hädelse mot Gud,Хула на Бога,ঈশ্বরের বিরুদ্ধে ধর্মনিন্দা,Blasfemar contra Dios,خدا کے خلاف گستاخی
738,5:65,Salvation For Jews and Christians,5,65,Yahudi ve Hrıstiyanlar için Kurtuluş,Le salut pour les juifs et les chrétiens,Erlösung für Juden und Christen,Penebusan bagi orang Yahudi dan orang Kristian,نجات برای یهودیان و مسیحیان,யூதர்கள் மற்றும் கிறிஸ்துவர்களுக்குரிய மீட்சி,Frälsning för judar och kristna,Спасение для евреев и христиан,ইহুদী ও খ্রিস্টানদের জন্য মুক্তি,Salvación para judíos y cristianos,یہودیوں اور عیسائیوں کے لیے نجات
739,5:66,They Must Believe in This Quran,5,66,Onlar Bu Kur'an'a İman Etmek Zorundalar,Ils doivent croire en ce Coran,Sie müssen an diesen Koran glauben,Mereka mesti percaya kepada Al-Quran ini.,آنها باید به این قرآن ایمان بیاورند,அவர்கள் இந்தக் குர்ஆன் மீது நம்பிக்கை கொண்டாக வேண்டும்,De måste tro på denna Koran,Они должны верить в этот Коран,তাদের অবশ্যই এই কুরআনে বিশ্বাস করতে হবে।,Deben creer en este Corán,انہیں اس قرآن پر ایمان لانا ضروری ہے۔
740,5:67,The Messenger Must Deliver,5,67,Elçi İletmek Zorundadır,Le messager doit délivrer,Der Bote muss liefern,Pembawa Khabar Harus Menghantar,پیام‌آور باید برساند,தூதர் சேர்ப்பித்தாக வேண்டும்,Budbäraren måste leverera,Посланник должен доставить,বার্তাবাহককে অবশ্যই পৌঁছে দিতে হবে,El mensajero debe cumplir,پیغام رساں کو پیغام پہنچانا ضروری ہے۔
742,5:69,Minimum Requirements For Salvation,5,69,Kurtuluş için Minimum Gereksinimler,Exigences minimales pour le salut,Mindestanforderungen für die Erlösung,Syarat Minimum Untuk Keselamatan,حداقل شرایط لازم برای نجات,மீட்சிக்கு உரிய குறைந்தபட்சத் தேவைகள்,Minimikrav för frälsning,Минимальные требования для спасения,উদ্ধারের জন্য ন্যূনতম প্রয়োজনীয়তা,Requisitos mínimos para la salvación,نجات کے لیے کم از کم ضروریات
745,5:72,Today's Christianity Not Jesus' Religion*,5,72,Günümüz Hrıstiyanlığı İsa'nın Dini Değil,Le christianisme d'aujourd'hui n'est pas la religion de Jésus*,Das heutige Christentum ist nicht die Religion Jesu*,Kristianiti Hari Ini Bukan Agama Yesus*,مسیحیت امروزی، دین عیسی نیست*,இன்றைய கிறிஸ்துவம் ஜீஸஸின் மார்க்கம் அல்ல*,Dagens kristendom är inte Jesu religion*,Современное христианство - не религия Иисуса*,আজকের খ্রিস্টধর্ম যীশুর ধর্ম নয়*,El cristianismo actual no es la religión de Jesús*.,آج کا عیسائیت یسوع کا مذہب نہیں*
750,5:77,Choose Your Friends Carefully,5,77,Dostlarınızı Dikkatle Seçin,Choisissez vos amis avec soin,Wählen Sie Ihre Freunde mit Bedacht,Pilih rakan anda dengan berhati-hati,دوستانتان را با دقت انتخاب کنید,உங்களுடைய நண்பர்களைக் கவனத்துடன் தேர்ந்தெடுங்கள்,Välj dina vänner med omsorg,Тщательно выбирайте друзей,সাবধানে বন্ধু নির্বাচন করুন,Elige bien a tus amigos,اپنے دوست احتیاط سے چنیں
752,5:79,Apathy Condemned,5,79,İlgisiz Kalmak Kınandı,L'apathie condamnée,Apathie verurteilt,Apati Dikecam,محکومیت بی‌تفاوتی,அக்கறையின்மை கண்டனம் செய்யப்படுகின்றது,Apati fördöms,Апатия осуждена,উদাসীনতার নিন্দা,Apatía condenada,غفلت کی مذمت
681,5:8,You Shall Not Bear False Witness,5,8,Yalancı Şahitlik Yapmayın,Tu ne porteras pas de faux témoignage,Du sollst nicht falsches Zeugnis ablegen,Jangan memberi keterangan palsu.,شاهد دروغین مشو,நீங்கள் பொய் சாட்சியம் பகர வேண்டாம்,Du skall inte bära falskt vittnesbörd,Вы не должны давать ложных показаний,তুমি মিথ্যা সাক্ষ্য দেবে না।,No levantarás falso testimonio,تم جھوٹی گواہی نہ دو
755,5:82,A Statement of Fact,5,82,Gerçeğin Bir İfadesi,Un état des lieux,Eine Feststellung des Sachverhalts,Pernyataan Fakta,بیانیه‌ای از حقایق,சத்தியமானதொரு வாக்கு,En redogörelse för fakta,Констатация факта,একটি তথ্য বিবৃতি,Una exposición de los hechos,حقیقت کا بیان
760,5:87,Do Not Prohibit Lawful Things,5,87,Helal Şeyleri Haram Kılmayın,Ne pas interdire les choses licites,Verbieten Sie keine rechtmäßigen Dinge,Jangan Larang Perkara Yang Sah,چیزهای قانونی را ممنوع نکنید,அனுமதிக்கப்பட்ட பொருட்களைத் தடுக்காதீர்கள்,Förbjud inte lagliga saker,Не запрещайте законные вещи,আইনসম্মত বিষয়গুলো নিষিদ্ধ করবেন না,No prohibir cosas lícitas,جائز چیزوں پر پابندی نہ لگائیں
762,5:89,Do Not Take God's Name in Vain,5,89,Tanrı'nın Adını Boş Yere Ağzınıza Almayın,Ne prenez pas le nom de Dieu en vain,Nimm Gottes Namen nicht umsonst an,Jangan menyebut nama Tuhan dengan sia-sia,نام خدا را بیهوده نبر,கடவுளின் பெயரை வீணாகப் பயன்படுத்தாதீர்கள்,Ta inte Guds namn i onödan,Не принимайте Божье имя всуе,ঈশ্বরের নাম বৃথা গ্রহণ করো না,No tomes el nombre de Dios en vano,خدا کا نام بے جا نہ لو
763,5:90,Intoxicants and Gambling Prohibited,5,90,Sarhoş Ediciler ve Kumar Haram Kılındı,Interdiction de consommer des stupéfiants et de jouer à des jeux d'argent,Rauschmittel und Glücksspiel sind verboten,Bahan memabukkan dan perjudian dilarang,ممنوعیت مواد مست‌کننده و قمار,போதையூட்டுபவையும் சூதாட்டமும் தடை செய்யப்படுகின்றது,Förbud mot berusningsmedel och hasardspel,Интоксиканты и азартные игры запрещены,মাদকদ্রব্য ও জুয়া নিষিদ্ধ,Prohibidos los tóxicos y el juego,نشہ آور اشیاء اور جوئے کی ممانعت
767,5:94,Game Conservation,5,94,Av Hayvanını Koruma,Conservation du gibier,Wildschutz,Pemuliharaan Permainan,حفاظت از حیات‌وحش,வேட்டைப் பிராணிகளின் பாதுகாப்பு,Bevarande av vilt,Сохранение дичи,খেলা সংরক্ষণ,Conservación de la caza,حفاظتِ کھیل
769,5:96,All Creatures of the Sea Lawful to Eat,5,96,Tüm Deniz Mahlukları Yemek için Helaldir,Toutes les créatures de la mer dont la consommation est licite,Alle Kreaturen des Meeres dürfen gegessen werden,Semua makhluk laut yang boleh dimakan,تمام موجودات دریایی که خوردن آن‌ها مجاز است,நீர்வாழ் உயிரினங்கள் அனைத்தும் உண்ணுவதற்கு அனுமதிக்கப்பட்டவையே,Alla havsdjur lagliga att äta,Всех морских обитателей можно употреблять в пищу,সমুদ্রের সব প্রাণী যা খাওয়া বৈধ,Todas las criaturas del mar lícitas para el consumo,سمندر کی تمام مخلوقات جو کھانا جائز ہیں۔
4769,51:47,"""Expansion of the Universe Theory"" Confirmed",51,47,"""Evrenin Genişlemesi Teorisi"" Doğrulandı","""La théorie de l'expansion de l'univers confirmée","""Theorie der Expansion des Universums"" bestätigt",Teori Pemerluasan Alam Semesta Disahkan,نظریهٔ گسترش جهان تأیید شد,விரிவடையும் பிரபஞ்சம் எனும் கோட்பாடு உறுதிப்படுத்தப்படுகின்றது,"""Teorin om universums expansion"" bekräftad","""Теория расширения Вселенной"" подтверждена","""ব্ৰহ্মাণ্ড সম্প্রসারণ তত্ত্ব"" নিশ্চিত","""Confirmada la ""Teoría de la Expansión del Universo","""کائنات کی توسیع کے نظریے"" کی تصدیق"
4778,51:56,The Purpose of Our Existence,51,56,Varlığımızın Amacı,Le but de notre existence,Der Zweck unseres Daseins,Tujuan kewujudan kami,هدف وجود ما,நமது வாழ்வின் நோக்கம்,Syftet med vår existens,Цель нашего существования,আমাদের অস্তিত্বের উদ্দেশ্য,El propósito de nuestra existencia,ہماری موجودگی کا مقصد
4812,52:29,The Messenger,52,29,Elçi,Le messager,The Messenger,Penyampai,پیام‌آور,தூதர்,Budbäraren,Вестник,বার্তাবাহক,El Mensajero,پیغامبر
4817,52:34,"""Mohammedans"" Challenge God and Produce Hadith",52,34,"""Muhammediler"" Tanrı'ya Meydan Okuyup Hadis Üretiyorlar","Les ""mahométans"" défient Dieu et produisent des hadiths","""Mohammedaner"" fordern Gott heraus und produzieren Hadithe","""Mohammedans"" mencabar Tuhan dan menghasilkan Hadis",«محمدیان» خدا را به چالش می‌کشند و حدیث تولید می‌کنند,முஹம்மதியர்கள் கடவுளுக்குச் சவால் விட்டு ஹதீஸ்களைக் கொண்டு வருகின்றனர்,"""Muhammedaner"" utmanar Gud och producerar hadither","""Магометане"" бросают вызов Богу и производят хадисы","""মুসলিমরা"" ঈশ্বরকে চ্যালেঞ্জ করে এবং হাদিস রচনা করে","Los ""mahometanos"" desafían a Dios y producen hadices","""محمدی"" خدا کو چیلنج کرتے ہیں اور حدیث پیش کرتے ہیں"
4852,53:19,The Flimsy Idols,53,19,Çürük Putlar,Les idoles fragiles,Die fadenscheinigen Idole,Berhala-berhala Rapuh,بت‌های سست,பலஹீனமான போலித்தெய்வங்கள்,De svaga idolerna,Хрупкие идолы,নড়বড়ে মূর্তিগুলো,Los endebles ídolos,کمزور بت
4862,53:29,Choose Your Friends Carefully,53,29,Dostlarınızı Dikkatle Seçin,Choisissez vos amis avec soin,Wählen Sie Ihre Freunde mit Bedacht,Pilih rakan anda dengan berhati-hati,دوستانتان را با دقت انتخاب کنید,உங்களுடைய நண்பர்களைக் கவனத்துடன் தேர்ந்தெடுங்கள்,Välj dina vänner med omsorg,Тщательно выбирайте друзей,সাবধানে বন্ধু নির্বাচন করুন,Elige bien a tus amigos,اپنے دوست احتیاط سے چنیں
4878,53:45,The Husband Determines The Baby's Gender,53,45,Bebeğin Cinsiyetini Koca Belirliyor,Le mari détermine le sexe du bébé,Der Ehemann bestimmt das Geschlecht des Babys,Suami menentukan jantina bayi,شوهر جنسیت نوزاد را تعیین می‌کند,குழந்தையின் பால்வகையைக் கணவனே தீர்மானிக்கின்றான்,Mannen bestämmer barnets kön,Муж определяет пол ребенка,স্বামী নির্ধারণ করেন শিশুর লিঙ্গ,El marido determina el sexo del bebé,شوہر بچے کا جنس طے کرتا ہے۔
4909,54:13,The Ark,54,13,Gemi,L'Arche,Die Arche,Bahtera,کشتی نوح,மரக்கலம்,Arken,Ковчег,নৌকা,El Arca,کشتی
5058,56:27,The Lower Heaven,56,27,Alt Cennet,Le ciel inférieur,Der untere Himmel,Syurga Bawah,بهشت پایین‌تر,தாழ்வான சொர்க்கம்,Den lägre himlen,Нижние небеса,নিম্ন স্বর্গ,El Bajo Cielo,نچلا جنت
5072,56:41,Hell,56,41,Cehennem,L'enfer,Hölle,Neraka,جهنم,நரகம்,Helvetet,Ад,নরক,Infierno,دوزخ
5088,56:57,Reflections,56,57,Tefekkür,Réflexions,Reflexionen,Renungan,تأملات,சிந்தனைகள்,Reflektioner,Размышления,প্রতিফলন,Reflexiones,تأملات
5106,56:75,Only the Sincere Can Understand the Quran,56,75,Kuran'ı Sadece Samimi Olanlar Anlayabilir,Seules les personnes sincères peuvent comprendre le Coran,Nur der Aufrichtige kann den Koran verstehen,Hanya yang ikhlas dapat memahami al-Quran,تنها صادقان می‌توانند قرآن را درک کنند,உண்மையானவர்கள் மட்டுமே குர்ஆனைப் புரிந்து கொள்ள இயலும்,Endast den uppriktige kan förstå Koranen,Только искренние могут понять Коран,কেবলমাত্র আন্তরিকরাই কোরআন বুঝতে পারে।,Sólo los sinceros pueden entender el Corán,صرف مخلص ہی قرآن کو سمجھ سکتے ہیں
5138,57:10,Special Honor,57,10,Özel Onur,Honneur spécial,Besondere Ehre,Penghormatan Istimewa,افتخار ویژه,Special Honor,Särskild ära,Особая честь,বিশেষ সম্মান,Honor especial,خصوصی اعزاز
5140,57:12,The Great Triumph,57,12,Büyük Zafer,Le grand triomphe,Der große Triumph,Kejayaan Agung,پیروزی بزرگ,மகத்தான பெருவெற்றி,Den stora triumfen,Великий триумф,মহান বিজয়,El gran triunfo,عظیم فتح
5141,57:13,The Worst Losers,57,13,En Kötü Kaybedenler,Les pires perdants,Die schlimmsten Verlierer,Penyangak Terburuk,بدترین بازنده‌ها,மிகவும் மோசமான நஷ்டவாளிகள்,De värsta förlorarna,Худшие неудачники,সবচেয়ে খারাপ পরাজিতরা,Los peores perdedores,بدترین ہارنے والے
5144,57:16,Deterioration of Religion,57,16,Dinin Bozulması,Détérioration de la religion,Die Verschlechterung der Religion,Kemerosotan Agama,فرسایش دین,மார்க்கத்தின் சீரழிவு,Försämring av religionen,Ухудшение религии,ধর্মের অবনতি,Deterioro de la religión,مذہب کا زوال
5148,57:20,Preoccupation With This Life Condemned,57,20,Zihnin Sürekli Bu Hayatla Meşgul Olması Kınandı,Préoccupation de cette vie condamnée,Beschäftigung mit dem verdammten Leben,Keterlaluan memikirkan kehidupan duniawi dikecam,محکومیت سرگرم شدن به زندگی دنیا,இந்த வாழ்வில் மூழ்கி விடுதல் கண்டனம் செய்யப்படுகின்றது,Upptagenhet med detta liv Fördömd,Озабоченность этой жизнью осуждена,এই জীবনের প্রতি অতিরিক্ত আসক্তি নিন্দিত,Preocupación por esta vida condenada,اس زندگی میں مشغول رہنا مذمت شدنی ہے۔
5149,57:21,The Intelligent Alternative,57,21,Akıllı Seçenek,L'alternative intelligente,Die intelligente Alternative,Alternatif Pintar,گزینه هوشمندانه,புத்திசாலித்தனமான மாற்று ஏற்பாடு,Det intelligenta alternativet,Интеллектуальная альтернатива,বুদ্ধিমান বিকল্প,La alternativa inteligente,عقلمندانہ متبادل
5150,57:22,Profound Fact*,57,22,Derin Gerçek,Un fait profond*,Profunde Tatsache*,Fakta Mendalam*,واقعیت ژرف*,தீர்க்கமான உண்மை*,Djupt faktum*,Глубокий факт*,গভীর সত্য*,Hechos profundos,گہرا حقیقت*
5153,57:25,Iron: The Most Useful Metal,57,25,Demir: En Yararlı Metal,Le fer : le métal le plus utile,Eisen: Das nützlichste Metall,Besi: Logam Paling Berguna,آهن: مفیدترین فلز,இரும்பு: மிகப் பயன்நிறைந்த உலோகம்,Järn: Den mest användbara metallen,Железо: самый полезный металл,লোহা: সবচেয়ে উপকারী ধাতু,Hierro: el metal más útil,لوہا: سب سے زیادہ مفید دھات
5154,57:26,The Prophets,57,26,Peygamberler,Les prophètes,Die Propheten,Para Nabi,پیامبران,நபிமார்கள்,Profeterna,Пророки,নবীরা,Los Profetas,پیغمبر
5155,57:27,Deterioration of Religion,57,27,Dinin Bozulması,Détérioration de la religion,Die Verschlechterung der Religion,Kemerosotan Agama,فرسایش دین,மார்க்கத்தின் சீரழிவு,Försämring av religionen,Ухудшение религии,ধর্মের অবনতি,Deterioro de la religión,مذہب کا زوال
5172,58:14,Choose Your Friends,58,14,Dostlarınızı Seçin,Choisissez vos amis,Wählen Sie Ihre Freunde,Pilih rakan anda,دوستانتان را انتخاب کنید,உங்களுடைய நண்பர்களைத் தேர்ந்தெடுங்கள்,Välj dina vänner,Выбирайте друзей,তোমার বন্ধুদের বেছে নাও,Elige a tus amigos,اپنے دوستوں کا انتخاب کریں
5180,58:22,Run For Your Life,58,22,Canını Seven Kaçsın,Courir pour sauver sa vie,Lauf um dein Leben,Lari Untuk Nyawamu,برو جانت را نجات بده,உங்களைக் காப்பாற்றிக் கொள்ள விரைந்திடுங்கள்,Spring för ditt liv,"Беги, чтобы жить",তোমার জীবনের জন্য দৌড়ো,Corre por tu vida,اپنی جان کے لیے دوڑو
5165,58:7,God is With You Now,58,7,Tanrı Şuanda Sizinle,Dieu est avec vous maintenant,Gott ist jetzt bei Ihnen,Tuhan Bersamamu Sekarang,خداوند اکنون با شماست,கடவுள் இப்பொழுது உங்களுடன் இருக்கின்றார்,Gud är med dig nu,Бог сейчас с тобой,ঈশ্বর এখন তোমার সাথে আছেন,Dios está contigo ahora,خدا اب آپ کے ساتھ ہے
5166,58:8,Do Not Conspire,58,8,Komplo Kurmayın,Ne pas conspirer,Nicht konspirieren,Jangan Berkonspirasi,توطئه نکنید,சூழ்ச்சி செய்யாதீர்கள்,Konspirera inte,Не вступать в сговор,ষড়যন্ত্র করবেন না,No conspire,سازش نہ کرو
5183,59:2,God Defends the Believers,59,2,Tanrı İmanlıları Müdafaa Eder,Dieu défend les croyants,Gott verteidigt die Gläubigen,Tuhan membela orang-orang yang beriman,خداوند از مؤمنان دفاع می‌کند,நம்பிக்கையாளர்களைக் கடவுள் காக்கின்றார்,Gud försvarar de troende,Бог защищает верующих,ঈশ্বর বিশ্বাসীদের রক্ষা করেন,Dios defiende a los creyentes,خدا مومنوں کا دفاع کرتا ہے
5202,59:21,Greatness of the Quran,59,21,Kuran'ın Büyüklüğü,La grandeur du Coran,Die Größe des Korans,Keagungan Al-Quran,عظمت قرآن,குர்ஆனின் மகத்துவம்,Koranens storhet,Величие Корана,কুরআনের মহিমা,La grandeza del Corán,قرآن کی عظمت
5203,59:22,God,59,22,Tanrı,Dieu,Gott,Tuhan,خدا,கடவுள்,Gud,Бог,ঈশ্বর,Dios,خدا
5188,59:7,The Spoils of War,59,7,Savaş Ganimetleri,Le butin de guerre,Die Ausbeute des Krieges,Harta Rampasan Perang,غنائم جنگ,போரின் மீதப் பொருட்கள்,Krigsbyten,Военные трофеи,যুদ্ধের লুটপাট,El botín de guerra,جنگی مال غنیمت
896,6:102,God,6,102,Tanrı,Dieu,Gott,Tuhan,خدا,கடவுள்,Gud,Бог,ঈশ্বর,Dios,خدا
905,6:111,A Consequence of Their Own Decision,6,111,Kendi Kararlarının Bir Sonucu,Une conséquence de leur propre décision,Eine Konsequenz aus ihrer eigenen Entscheidung,Konsekuensi Keputusan Mereka Sendiri,پیامد تصمیم خودشان,அவர்களுடைய சொந்தத் தீர்மானத்தின் ஒரு பின்விளைவு,En konsekvens av deras eget beslut,Последствия их собственного решения,তাদের নিজস্ব সিদ্ধান্তের পরিণতি,Consecuencia de su propia decisión,اپنے فیصلے کا نتیجہ
906,6:112,Hadith & Sunna: Fabrications by the Prophet's Enemies,6,112,Hadis & Sünnet: Peygamber Düşmanlarının Uydurmaları,Hadiths et Sunna : les fabrications des ennemis du Prophète,Hadith & Sunna: Erfindungen der Feinde des Propheten,Hadis & Sunnah: Palsu oleh Musuh-Musuh Nabi,حدیث و سنت: جعل‌های دشمنان پیامبر,ஹதீஸ் & சுன்னா: நபியுடைய விரோதிகளின் புனைந்துரைகள்,Hadith & Sunna: Påhitt av profetens fiender,Хадисы и сунна: измышления врагов Пророка,হাদিস ও সুন্না: নবীর শত্রুদের উদ্ভাবিত জালিয়াতি,Hadiz y Sunna: Fabricaciones de los enemigos del Profeta,حدیث و سنت: نبی کے دشمنوں کی من گھڑتیں
907,6:113,Important Criterion,6,113,Önemli Kriter,Critère important,Wichtiges Kriterium,Kriteria Penting,معیار مهم,முக்கியமான அளவுகோல்,Viktigt kriterium,Важный критерий,গুরুত্বপূর্ণ মানদণ্ড,Criterio importante,اہم معیار
908,6:114,Quran: Fully Detailed*,6,114,Kuran: Tamamen Detaylı,Coran : Entièrement détaillé*,Koran: Ausführlich*,Al-Quran: Terperinci sepenuhnya*,قرآن: کاملاً تفصیلی*,குர்ஆன்: முற்றிலும் விவரிக்கப்பட்டது*,Koranen: Fullständigt detaljerad*,Коран: Полностью подробный*,কুরআন: সম্পূর্ণ বিশদ*,Corán: Totalmente detallado*.,قرآن: مکمل تفصیل*
913,6:119,Chance to Remember God: Mention God's Name Before You Eat,6,119,Tanrı'yı Hatırlama Şansı: Yemeden Önce Tanrı'nın Adını Zikredin,L'occasion de se souvenir de Dieu : Mentionnez le nom de Dieu avant de manger,"Gelegenheit, sich an Gott zu erinnern: Erwähne Gottes Namen bevor du isst",Peluang untuk mengingati Tuhan: Sebutkan nama Tuhan sebelum anda makan,فرصتی برای یاد خدا: پیش از غذا خوردن نام خدا را ببرید,கடவுளை நினைவு கூர்வதற்குரிய சந்தர்ப்பம்:நீங்கள் உண்ணுவதற்கு முன் கடவுளின் பெயரை மொழியுங்கள்,Chans att komma ihåg Gud: Nämn Guds namn innan du äter,Шанс вспомнить о Боге: Упоминайте Божье имя перед едой,ঈশ্বরকে স্মরণ করার সুযোগ: খাবার খাওয়ার আগে ঈশ্বরের নাম উল্লেখ করুন,Oportunidad de recordar a Dios: Menciona el nombre de Dios antes de comer,خدا کو یاد کرنے کا موقع: کھانے سے پہلے خدا کا نام لیں۔
918,6:124,Questioning God's Wisdom*,6,124,Tanrı'nın Hikmetini Sorgulamak,Remettre en question la sagesse de Dieu*,Gottes Weisheit in Frage stellen*,Mertanyakan Kebijaksanaan Tuhan*,پرسش از حکمت خدا*,கடவுளின் ஞானத்தைக் கேள்வி கேட்பது*,Ifrågasättande av Guds visdom*,Подвергая сомнению Божью мудрость*,ঈশ্বরের প্রজ্ঞা প্রশ্ন করা*,Cuestionar la sabiduría de Dios*.,خدا کی حکمت پر سوال اٹھانا*
919,6:125,Quranic Knowledge Far Ahead of Human Progress*,6,125,Kurani Bilgi İnsanlığın Katettiği Mesafenin Çok İlerisinde,Le savoir coranique en avance sur le progrès humain*,Koranisches Wissen weit vor dem menschlichen Fortschritt*,Pengetahuan Al-Quran jauh di hadapan kemajuan manusia*,دانش قرآنی بسیار جلوتر از پیشرفت بشر*,குர்ஆனிய அறிவு மானிடர்களின் முன்னேற்றத்தை* விட மிகவும் முந்தியதாகும்.,Koranens kunskap långt före mänsklighetens framsteg*,Знания Корана намного опережают человеческий прогресс*,মানব অগ্রগতির তুলনায় কুরআনিক জ্ঞান অনেক এগিয়ে*,El conocimiento coránico muy por delante del progreso humano*.,قرآنی علم انسانی ترقی سے بہت آگے*
930,6:136,Abusing God's Provisions,6,136,Tanrı'nın Rızıklarını Suistimal Etmek,Abuser des dispositions de Dieu,Gottes Vorsorge missbrauchen,Mencabul Peruntukan Tuhan,سوءاستفاده از مواهب الهی,கடவுளின் வாழ்வாதாரங்களைத் துஷ்பிரயோகம் செய்தல்,Att missbruka Guds försörjning,Злоупотребление Божьими дарами,ঈশ্বরের প্রদত্ত ব্যবস্থাগুলোর অপব্যবহার,Abusar de las provisiones de Dios,خدا کی عطا کردہ نعمتیں ضائع کرنا
932,6:138,Religious Innovations Condemned,6,138,Dini Bidatler Kınandı,Les innovations religieuses condamnées,Religiöse Innovationen verurteilt,Inovasi Agama Ditentang,محکومیت بدعت‌های دینی,மார்க்கத்தில் புதுமைகளைப் புகுத்துதல் கண்டனம் செய்யப்படுகின்றது,Religiösa innovationer fördöms,Религиозные нововведения осуждаются,ধর্মীয় উদ্ভাবনসমূহের নিন্দা,Condena de las innovaciones religiosas,مذہبی بدعات کی مذمت
935,6:141,"Zakat Must Be Given ""On The Day Of Harvest""*",6,141,"Zekât ""Hasat Gününde"" Verilmelidir","La zakat doit être versée ""le jour de la récolte ""*.","Die Zakat muss ""am Tag der Ernte"" gegeben werden*.","Zakat Wajib Diberi ""Pada Hari Panen""*",زکات باید «در روز برداشت»* پرداخت شود.,அறுவடை நாள் அன்றே* ஜகாத் கொடுக்கப்பட்டாக வேண்டும்,"Zakat måste ges ""på skördedagen""*.","Закят должен быть выплачен ""в день сбора урожая ""*.","যাকাত অবশ্যই ""ফসলের দিনে""* দিতে হবে।","El zakat debe entregarse ""el día de la cosecha ""*.","زکوٰۃ لازماً ""فصل کی کٹائی کے دن""* دینی چاہیے۔"
937,6:143,Innovated Dietary Prohibitions Condemned,6,143,İcat Edilen Beslenme Yasakları Kınandı,Des interdictions alimentaires innovantes condamnées,Neuartige Diätverbote verurteilt,Larangan Diet Inovatif Ditolak,محکومیت ممنوعیت‌های غذایی نوآورانه,புதுமையான உணவுத்தடைகள் கண்டனம் செய்யப்படுகின்றன,Förnyade kostförbud fördömdes,Инновационные диетические запреты осуждаются,নতুনভাবে প্রবর্তিত খাদ্য নিষেধাজ্ঞাসমূহ নিন্দিত,Condenadas las prohibiciones dietéticas innovadoras,جدید غذائی پابندیوں کی مذمت
939,6:145,The Only Dietary Prohibitions*,6,145,Beslenme Yasakları Sadece Şunlardır,Les seules interdictions alimentaires*,Die einzigen diätetischen Verbote*,Satu-satunya Larangan Pemakanan*,تنها ممنوعیت‌های غذایی*,உணவுத் தடைகள் இவை மட்டுமே*,De enda kostförbuden*,Единственный диетический запрет*,একইমাত্র খাদ্যগত নিষেধাজ্ঞা*,Las únicas prohibiciones dietéticas*,خوراک کی صرف ممنوعہ اشیاء*
943,6:149,The Most Powerful Argument*,6,149,En Güçlü Argüman,L'argument le plus puissant*,Das stärkste Argument*,Hujah Paling Kuasa*,قدرتمندترین استدلال*,மிகவும் வலிமை வாய்ந்த வாதம்,Det mest kraftfulla argumentet*,Самый мощный аргумент*,সবচেয়ে শক্তিশালী যুক্তি*,El argumento más poderoso,سب سے طاقتور دلیل*
945,6:151,The Major Commandments,6,151,Başlıca Buyruklar,Les grands commandements,Die wichtigsten Gebote,Perintah-perintah Utama,دستورات اصلی,முக்கியக் கட்டளைகள்,De viktigaste budorden,Главные заповеди,প্রধান আদেশসমূহ,Los Mandamientos Mayores,اہم احکام
946,6:152,Additional Commandments,6,152,İlave Buyruklar,Commandements supplémentaires,Zusätzliche Gebote,Perintah Tambahan,دستورات اضافی,கூடுதல் கட்டளைகள்,Ytterligare budord,Дополнительные заповеди,অতিরিক্ত আদেশসমূহ,Mandamientos adicionales,اضافی احکام
951,6:157,Mathematics: The Ultimate Proof*,6,157,Matematik: Nihai Kanıt,Les mathématiques : La preuve ultime*,Mathematik: Der ultimative Beweis*,Matematik: Bukti Mutlak*,ریاضیات: برهان نهایی*,கணித இயல்: மேம்பட்டசான்று*,Matematik: Det ultimata beviset*,Математика: Окончательное доказательство*,গণিত: চূড়ান্ত প্রমাণ*,Matemáticas: La prueba definitiva*,ریاضیات: حتمی ثبوت*
952,6:158,Requirements of the Test,6,158,Testin Gereklilikleri,Exigences du test,Anforderungen des Tests,Keperluan Ujian,شرایط آزمون,சோதனையின் அத்தியாவசியங்கள்,Krav för testet,Требования к тесту,পরীক্ষার প্রয়োজনীয়তা,Requisitos de la prueba,ٹیسٹ کی ضروریات
953,6:159,Religious Sects Condemned,6,159,Dini Mezhepler Kınandı,Les sectes religieuses condamnées,Religiöse Sekten verurteilt,Sekte Agama Dikecam,محکومیت فرقه‌های مذهبی,மார்க்கப் பிரிவுகள் கண்டனம் செய்யப்படுகின்றன,Religiösa sekter fördömda,Религиозные секты осуждены,ধর্মীয় সম্প্রদায়গুলি নিন্দিত,Sectas religiosas condenadas,مذہبی فرقوں کی مذمت
811,6:17,Only God Controls Happiness,6,17,Mutluluğu Sadece Tanrı Kontrol Eder,Seul Dieu contrôle le bonheur,Nur Gott steuert das Glück,Hanya Tuhan yang mengawal kebahagiaan,تنها خدا شادی را کنترل می‌کند,மகிழ்ச்சியைக் கட்டுப்படுத்துகின்றவர் கடவுள் மட்டுமே,Endast Gud kontrollerar lyckan,Только Бог управляет счастьем,শুধুমাত্র ঈশ্বরই সুখ নিয়ন্ত্রণ করেন,Sólo Dios controla la felicidad,صرف خدا ہی خوشی کو کنٹرول کرتا ہے۔
813,6:19,"Quran, the Whole Quran, and Nothing But the Quran",6,19,"Kuran, Tüm Kuran, Kuran Dışında Hiçbir Şey","Le Coran, tout le Coran et rien que le Coran","Koran, der ganze Koran und nichts als der Koran","Al-Quran, keseluruhan Al-Quran, dan tiada apa selain Al-Quran",قرآن، تمام قرآن، و جز قرآن هیچ,"குர்ஆன், முழுமையான குர்ஆன், மேலும் குர்ஆனைத் தவிர எதுவுமில்லை","Koranen, hela Koranen och inget annat än Koranen","Коран, весь Коран и ничего, кроме Корана","কুরআন, সম্পূর্ণ কুরআন, এবং শুধুমাত্র কুরআন","El Corán, todo el Corán y nada más que el Corán",قرآن، پورا قرآن، اور صرف قرآن
816,6:22,Idol Worshipers Deny Their Idolatry,6,22,Puta Tapanlar Putperestliklerini İnkâr Ederler,Les adorateurs de l'idole nient leur idolâtrie,Götzenanbeter verleugnen ihre Götzendienste,Para penyembah berhala menafikan penyembahan berhala mereka.,بت‌پرستان بت‌پرستی خود را انکار می‌کنند,போலித்தெய்வ வழிபாடு செய்கின்றவர்கள் தங்களுடைய போலித்தெய்வ வழிபாட்டினை மறுக்கின்றனர்,Idoldyrkare förnekar sin avgudadyrkan,Поклоняющиеся идолам отрицают свое идолопоклонство,মূর্তি পূজারীরা তাদের মূর্তি পূজা অস্বীকার করে,Los adoradores de ídolos niegan su idolatría,بت پرست اپنی بت پرستی سے انکار کرتے ہیں
826,6:32,Rearranging Our Priorities,6,32,Önceliklerimizi Yeniden Düzenlemek,Réorganiser nos priorités,Neuordnung unserer Prioritäten,Mengatur semula keutamaan kita,بازتنظیم اولویت‌های ما,நமது முன்னுரிமைகளை திருத்தியமைத்துக் கொள்ளுதல்,Omläggning av våra prioriteringar,Изменение наших приоритетов,আমাদের অগ্রাধিকারের পুনর্বিন্যাস,Reorganizar nuestras prioridades,اپنی ترجیحات کا ازسرنو ترتیب دینا
832,6:38,Animals and Birds: Submitting Creatures*,6,38,Hayvanlar ve Kuşlar: Teslim Olan Yaratıklar,Animaux et oiseaux : Soumettre des créatures*,Tiere und Vögel: Kreaturen einreichen*,Haiwan dan Burung: Makhluk yang Menyerah*,حیوانات و پرندگان: موجودات مطیع*,விலங்குகளும் பறவைகளும்: சரணடைகின்ற படைப்பினங்கள்*,Djur och fåglar: Skicka in varelser*,Животные и птицы: Представление существ*,পশু ও পাখি: অধীনস্থ প্রাণী*,Animales y aves: Enviar criaturas*,جانور اور پرندے: فرمانبردار مخلوقات*
833,6:39,Overwhelming Miracle of the Quran,6,39,Kuran'ın Karşı Konulmaz Mucizesi,Le miracle écrasant du Coran,Das überwältigende Wunder des Koran,Mukjizat Al-Quran yang Mengagumkan,معجزهٔ عظیم قرآن,குர்ஆனுடைய மிகப்பெரும் அற்புதம்,Koranens överväldigande mirakel,Ошеломляющее чудо Корана,কুরআনের অপ্রতিরোধ্য অলৌকিকতা,El sobrecogedor milagro del Corán,قرآن کا زبردست معجزہ
838,6:44,The System*,6,44,Sistem,Le système*,Das System*,Sistem*,سیستم*,வழிமுறை*,Systemet*,Система*,সিস্টেম*,El sistema,نظام*
840,6:46,God Alone Worthy of Worship,6,46,Yalnızca Tanrı Tapılmaya Layıktır,Dieu seul digne d'être adoré,Gott allein ist der Anbetung würdig,Hanya Tuhan Saja Yang Layak Disembah,تنها خدا شایستهٔ پرستش است,கடவுள் மட்டுமே வழிபாட்டிற்குத் தகுதியுடைவர்,Gud allena värd att dyrkas,Бог один достоин поклонения,উপাসনার যোগ্য একমাত্র ঈশ্বর,Sólo Dios es digno de adoración,صرف خدا ہی عبادت کے لائق ہے
842,6:48,Role of the Messengers,6,48,Elçilerin Rolü,Rôle des messagers,Die Rolle der Boten,Peranan Para Utusan,نقش پیام‌رسانان,தூதர்களின் பங்கு,Budbärarnas roll,Роль посланников,বার্তাবাহকদের ভূমিকা,Papel de los mensajeros,پیغام رسانوں کا کردار
853,6:59,Almighty God,6,59,Yüce Tanrı,Dieu tout-puissant,Allmächtiger Gott,Tuhan Yang Maha Kuasa,خدای قادر متعال,எல்லாம் வல்லவரான கடவுள்,Allsmäktige Gud,Всемогущий Бог,সর্বশক্তিমান ঈশ্বর,Dios Todopoderoso,خدا قادرِ مطلق
854,6:60,Death and Resurrection: Every Day*,6,60,Ölüm ve Yeniden Diriliş: Her Gün,Mort et résurrection : Chaque jour*,Tod und Auferstehung: Jeden Tag*,Kematian dan Kebangkitan: Setiap Hari*,مرگ و رستاخیز: هر روز*,மரணமும் உயிர்த்தெழுப்பப்படுதலும்:ஒவ்வொரு நாளும்*,Död och uppståndelse: Varje dag*,Смерть и воскресение: Каждый день*,মৃত্যু ও পুনরুত্থান: প্রতিদিন*,Muerte y Resurrección: Todos los días,موت اور قیامت: ہر روز*
862,6:68,Respect for the Word of God,6,68,Tanrı'nın Kelamına Saygı,Respect de la parole de Dieu,Ehrfurcht vor dem Wort Gottes,Penghormatan terhadap Firman Tuhan,احترام به کلام خدا,கடவுளின் வார்த்தைக்கு உரிய மரியாதை,Respekt för Guds ord,Уважение к Слову Божьему,ঈশ্বরের বাক্যের প্রতি শ্রদ্ধা,Respeto de la Palabra de Dios,خدا کے کلام کا احترام
868,6:74,Abraham Debates With Idol Worshipers,6,74,İbrahim Puta Tapanlarla Tartışıyor,Abraham débat avec les adorateurs de l'idole,Abraham debattiert mit Götzenanbetern,Abraham Berdebat Dengan Penyembah Berhala,ابراهیم با بت‌پرستان مناظره می‌کند,விக்கிரக ஆராதனை செய்பவர்களுடன் ஆப்ரஹாம் வாதம் புரிகின்றார்,Abraham debatterar med idoldyrkare,Авраам спорит с поклоняющимися идолам,আব্রাহাম মূর্তিপূজকদের সঙ্গে বিতর্ক করেন,Abraham debate con los adoradores de ídolos,ابراہیم کا بت پرستوں سے مباحثہ
876,6:82,Perfect Security for Believers,6,82,İmanlılar için Mükemmel Güvenlik,Une sécurité parfaite pour les croyants,Vollkommene Sicherheit für Gläubige,Keselamatan Sempurna untuk Orang Percaya,امنیت کامل برای مؤمنان,நம்பிக்கையாளர்களுக்கு பரிபூரண பாதுகாப்பு,Perfekt säkerhet för troende,Совершенная безопасность для верующих,বিশ্বাসীদের জন্য নিখুঁত নিরাপত্তা,Seguridad perfecta para los creyentes,مومنوں کے لیے کامل حفاظت
803,6:9,Requirements of the Test,6,9,Testin Gereklilikleri,Exigences du test,Anforderungen des Tests,Keperluan Ujian,شرایط آزمون,சோதனையின் அத்தியாவசியங்கள்,Krav för testet,Требования к тесту,পরীক্ষার প্রয়োজনীয়তা,Requisitos de la prueba,ٹیسٹ کی ضروریات
885,6:91,God's Messages to the World,6,91,Tanrı'nın Dünya'ya Mesajı,Les messages de Dieu au monde,Gottes Botschaften an die Welt,Pesan-pesan Tuhan kepada Dunia,پیام‌های خدا به جهان,உலகத்தாருக்கான கடவுளின் தூதுச் செய்திகள்,Guds budskap till världen,Послания Бога миру,বিশ্বের জন্য ঈশ্বরের বার্তা,Mensajes de Dios al mundo,دنیا کے لیے خدا کے پیغامات
887,6:93,False Messengers Condemned,6,93,Sahte Elçiler Kınandı,Condamnation des faux messagers,Falsche Boten verurteilt,Utusan Palsu Disabitkan,پیامبران دروغین محکوم شدند,போலித் தூதர்கள் கண்டனம் செய்யப்படுகின்றனர்,Falska budbärare fördömda,Ложные посланники осуждены,মিথ্যা দূতদের নিন্দা,Condenados los falsos mensajeros,جھوٹے پیغامبر مذمت کیے گئے
889,6:95,Greatness of God,6,95,Tanrı'nın Büyüklüğü,La grandeur de Dieu,Die Größe Gottes,Kebesaran Tuhan,عظمت خدا,கடவுளின் மகத்துவம்,Guds storhet,Величие Бога,ঈশ্বরের মহিমা,Grandeza de Dios,عظمتِ خدا
5216,60:10,In Case of War,60,10,Savaş Durumunda,En cas de guerre,Im Falle eines Krieges,Sekiranya berlaku perang,در صورت جنگ,போர் ஏற்பட்டால்,I händelse av krig,В случае войны,যুদ্ধের ক্ষেত্রে,En caso de guerra,جنگ کی صورت میں
5210,60:4,Abraham: An Example,60,4,İbrahim: Bir Örnek,Abraham : Un exemple,Abraham: Ein Beispiel,Abraham: Satu Contoh,ابراهیم: یک الگو,ஆப்ரஹாம்: ஒரு முன்னுதாரணம்,Abraham - ett exempel Ett exempel,Авраам: Пример,আব্রাহাম: একটি উদাহরণ,Abraham: Un ejemplo,ابراہیم: ایک مثال
5214,60:8,Basic Law Regulating Relations With Unbelievers,60,8,İmansızlar İle İlişkileri Düzenleyen Temel Yasa,Loi fondamentale régissant les relations avec les non-croyants,Grundgesetz zur Regelung der Beziehungen zu Ungläubigen,Undang-Undang Asas yang Mengatur Hubungan dengan Orang yang Tidak Beriman,قانون اساسی تنظیم روابط با کافران,நம்பிக்கையற்றவர்களுடனான உறவுகளை வரைமுறைப்படுத்துகின்ற அடிப்படைச் சட்டம்,Grundlag som reglerar relationer med icke-troende,"Основной закон, регулирующий отношения с неверующими",অবিশ্বাসীদের সাথে সম্পর্ক নিয়ন্ত্রণকারী মৌলিক আইন,Ley fundamental que regula las relaciones con los infieles,کافروں کے ساتھ تعلقات کو منظم کرنے والا بنیادی قانون
5230,61:10,The Best Deal,61,10,En İyi Anlaşma,La meilleure affaire,Der beste Deal,Tawaran Terbaik,بهترین معامله,மிகச்சிறந்த பேரம்,Det bästa erbjudandet,Лучшая сделка,সেরা চুক্তি,La mejor oferta,بہترین سودا
5226,61:6,Messenger After Jesus,61,6,İsa'dan Sonra Elçi,Messager après Jésus,Bote nach Jesus,Mesej Selepas Yesus,پیام‌آور پس از عیسی,ஜீஸஸுக்குப் பின்னர் தூதர்,Budbärare efter Jesus,Посланник после Иисуса,যিশুর পর বার্তাবাহক,Mensajero después de Jesús,حضرت عیسیٰ کے بعد کا پیغامبر
5229,61:9,The Great Prophecy,61,9,Büyük Kehânet,La grande prophétie,Die große Prophezeiung,Ramalan Agung,پیشگویی بزرگ,மாபெரும் முன்னறிவிப்பு,Den stora profetian,Великое пророчество,মহান ভবিষ্যদ্বাণী,La gran profecía,عظیم پیشگوئی
5244,62:9,Important Commandments to All Believers,62,9,Tüm İmanlılara Önemli Buyruklar,Des commandements importants pour tous les croyants,Wichtige Gebote für alle Gläubigen,Perintah Penting Bagi Semua Orang Percaya,دستورالعمل‌های مهم برای همه مؤمنان,நம்பிக்கையாளர்கள் அனைவருக்குமான முக்கியக் கட்டளைகள்,Viktiga budord för alla troende,Важные заповеди для всех верующих,সকল বিশ্বাসীর জন্য গুরুত্বপূর্ণ আদেশসমূহ,Mandamientos importantes para todos los creyentes,تمام ایمان والوں کے لیے اہم احکام
5251,63:4,A Chip On Their Shoulders,63,4,Öfkeleri Burunlarında,Un poids sur les épaules,Ein Chip auf ihren Schultern,Satu kepingan di bahu mereka,کینه‌توز,அவர்களுடைய தோள்பட்டைகளில் ஓர் அடையாளம்,En flisa på deras axlar,Чип на плечах,তাদের কাঁধে একটা চিপ,Una astilla sobre sus hombros,ان کے کندھوں پر ایک چپ
5253,63:6,The Myth of Intercession Shattered*,63,6,Şefaat Efsanesi Paramparça Oldu,Le mythe de l'intercession brisé*,Der Mythos der Fürbitte zerschlagen*,Mitos Perantaraan Hancur*,افسانه شفاعت در هم شکست*,பரிந்துரை எனும் கட்டுக்கதை உடைத்தெறியப் படுகின்றது*,Myten om förbön krossad*,Миф о заступничестве разрушен*,শাফাআতের মিথ ভেঙে গেছে*,El mito de la intercesión hecho añicos*.,شفاعت کا اساطیری تصور درہم برہم*
5270,64:11,Divine Law,64,11,İlahi Yasa,Droit divin,Göttliches Gesetz,Undang-undang Ilahi,قانون الهی,தெய்வீகச் சட்டம்,Gudomlig lag,Божественный закон,দৈব আইন,Ley Divina,الہی قانون
5290,65:12,Seven Universes And Seven Earths*,65,12,Yedi Evren ve Yedi Dünya,Sept univers et sept terres*,Sieben Universen und sieben Erden*,Tujuh Alam Semesta Dan Tujuh Bumi*,هفت جهان و هفت زمین*,ஏழு பிரபஞ்சங்களும் ஏழு பூமிகளும்*,Sju universum och sju jordklot*,Семь вселенных и семь земель*,সাতটি মহাবিশ্ব এবং সাতটি পৃথিবী*,Siete Universos y Siete Tierras,سات کائناتیں اور سات زمینیں*
5301,66:10,The Myth of Intercession Shattered,66,10,Şefaat Efsanesi Paramparça Oldu,Le mythe de l'intercession brisé,Der Mythos der Fürbitte zerschlagen,Mitos Perantaraan Hancur,افسانه‌ی شفاعت در هم شکست,பரிந்துரையெனும் கட்டுக்கதை தகர்த்தெறியப்படுகின்றது,Myten om förbön krossad,Миф о заступничестве разрушен,শাফাআতের মিথ্যা ধারণা চূর্ণ-বিচূর্ণ,El mito de la intercesión hecho añicos,شفاعت کا اساطیری تصور درہم و برہم
5302,66:11,Examples of the Believers Pharaoh's Wife,66,11,İmanlıların Örnekleri: Firavun'un Karısı,Exemples de croyants Femme de Pharaon,Beispiele für Gläubige Die Frau des Pharao,Contoh-contoh orang-orang yang beriman: Isteri Firaun,نمونه‌هایی از فرعون همسر مؤمنان,நம்பிக்கையாளர்களுக்கு உதாரணங்கள்:ஃபேரோவின் மனைவி,Exempel på de troende Faraos hustru,Примеры верующих Жена фараона,বিশ্বাসীদের উদাহরণ: ফেরাউনের স্ত্রী,Ejemplos de creyentes La mujer del faraón,مومنوں کی مثالیں: فرعون کی بیوی
5303,66:12,Mary,66,12,Meryem,Marie,Maria,Mary,مری,மேரி,Mary,Мэри,মেরি,Mary,مریم
5299,66:8,The Believers Repent,66,8,İmanlılar Tövbe Ederler,Les croyants se repentent,Die Gläubigen bereuen,Orang-orang yang beriman bertaubat,مؤمنان توبه می‌کنند,நம்பிக்கையாளர்கள் பாவத்திற்காக வருந்துகின்றனர்,De troende ångrar sig,Верующие каются,বিশ্বাসীরা তওবা করে,Los creyentes se arrepienten,مومن توبہ کرتے ہیں
5306,67:2,The Purpose of Our Life*,67,2,Hayatımızın Amacı,Le but de notre vie*,Der Sinn unseres Lebens*,Tujuan Hidup Kita*,هدف زندگی ما*,நம்முடைய வாழ்வின் நோக்கம்*,Syftet med vårt liv*,Цель нашей жизни*,আমাদের জীবনের উদ্দেশ্য*,El objetivo de nuestra vida*.,ہماری زندگی کا مقصد*
5363,68:28,"They Should Have Said: ""God Willing.""",68,28,"Onların ""Tanrı İrade Ediyorsa"" Demeleri Gerekirdi","Ils auraient dû dire : ""Si Dieu le veut"".","Sie hätten sagen sollen: ""So Gott will"".","Mereka sepatutnya berkata: ""Insya-Allah.""",آنها باید می‌گفتند: «ان‌شاءالله.»,அவர்கள் கூறியிருக்க வேண்டும்: கடவுள் நாடினால்.,"De borde ha sagt: ""Om Gud så vill.""","Они должны были сказать: ""С Божьей помощью"".","তাদের বলা উচিত ছিল: ""যদি ঈশ্বর চান।""","Deberían haber dicho: ""Si Dios quiere"".","انہیں کہنا چاہیے تھا: ""اگر خدا نے چاہا""۔"
5407,69:19,The Believers,69,19,İmanlılar,Les croyants,Die Gläubigen,Orang-orang yang beriman,باورمندان,நம்பிக்கையாளர்கள்,De troende,Верующие,বিশ্বাসীরা,Los creyentes,مومن
5413,69:25,The Disbelievers,69,25,İnkârcılar,Les mécréants,Die Ungläubigen,Orang-orang yang kafir,کافران,நம்பமறுப்பவர்கள்,De icke-troende,Неверующие,অবিশ্বাসীরা,Los incrédulos,کافر
5432,69:44,Muhammad Forbidden from Issuing Any Religious Teachings,69,44,Muhammed'in Herhangi Bir Dini Öğreti Tebliğ Etmekten Menedilişi,Muhammad n'a pas le droit d'émettre d'enseignement religieux,"Mohammed ist es verboten, religiöse Lehren zu erteilen",Muhammad dilarang mengeluarkan sebarang ajaran agama,محمد از صدور هرگونه تعالیم دینی منع شده است,மார்க்க போதனைகள் எதனையும் வெளியிடுவதை விட்டு முஹம்மத் தடுக்கப்படுகின்றார்,Muhammed förbjuden att utfärda några religiösa läror,Мухаммеду запрещено излагать религиозные учения,মুহাম্মদকে কোনো ধর্মীয় শিক্ষা প্রদানে নিষেধ করা হয়েছে।,Se prohíbe a Mahoma impartir enseñanzas religiosas,محمد کو کسی بھی مذہبی تعلیمات کے اجراء سے منع کیا گیا ہے۔
1063,7:103,Moses,7,103,Musa,Moïse,Moses,Musa,موسی,மோஸஸ்,Moses,Мозес,মোশে,Moisés,موسیٰ
1078,7:118,The Truth Recognized by the Experts,7,118,"Hakikat, Uzmanlar Tarafından Tanındı",La vérité reconnue par les experts,Die von den Experten anerkannte Wahrheit,Kebenaran yang diiktiraf oleh para pakar,حقیقت مورد تأیید کارشناسان,சத்தியமானது விற்பன்னர்களால் அடையாளம் கண்டு கொள்ளப்படுகின்றது,Sanningen erkänd av experterna,"Истина, признанная экспертами",বিশেষজ্ঞদের স্বীকৃত সত্য,La verdad reconocida por los expertos,ماہرین کی تسلیم کردہ سچائی
972,7:12,The Test Begins,7,12,Test Başlıyor,Le test commence,Die Prüfung beginnt,Ujian Bermula,آزمون آغاز می‌شود,சோதனை துவங்குகின்றது,Testet inleds,Испытание начинается,পরীক্ষা শুরু হয়,Comienza la prueba,آزمائش شروع ہوتی ہے
1090,7:130,The Plagues,7,130,Musibetler,Les fléaux,Die Plagen,Wabak-wabak,وباها,பீடைகள்,Plågorna,Чума,মহামারি,Las plagas,آفتیں
1093,7:133,The Warnings Go Unheeded,7,133,Uyarılar Dikkate Alınmadı,Les avertissements restent lettre morte,Die Warnungen bleiben ungehört,Amaran itu diabaikan,هشدارها نادیده گرفته می‌شوند,எச்சரிக்கைகள் கவனிக்கப் படாமலேயே போகின்றன,Varningarna förblir ohörda,Предупреждения остаются без внимания,সতর্কবার্তাগুলো উপেক্ষিত হয়,Las advertencias no se escuchan,انتباہات کو نظر انداز کیا جاتا ہے
1096,7:136,The Inevitable Retribution,7,136,Kaçınılmaz Ceza,Le châtiment inévitable,Die unvermeidliche Vergeltung,Balasan yang tidak dapat dielakkan,کیفر اجتناب‌ناپذیر,தவிர்த்து விட முடியாத தண்டனை,Den oundvikliga vedergällningen,Неизбежное возмездие,অনিবার্য প্রতিদান,El castigo inevitable,ناگزیر بدلہ
1098,7:138,After All the Miracles,7,138,Tüm Mucizelerden Sonra,Après tous les miracles,Nach all den Wundern,Selepas Semua Mujizat,پس از همه معجزه‌ها,அத்தனை அற்புதங்களுக்குப் பின்னரும்,Efter alla mirakel,После всех чудес,সমস্ত অলৌকিক ঘটনার পর,Después de todos los milagros,تمام معجزات کے بعد
1101,7:141,Reminder to the Children of Israel,7,141,İsrailoğulları'na Hatırlatma,Rappel aux enfants d'Israël,Ermahnung an die Kinder Israels,Perhatian kepada Bani Israil,یادآوری به فرزندان اسرائیل,இஸ்ரேலின் சந்ததியினருக்கு ஒரு நினைவூட்டல்,Påminnelse till Israels barn,Напоминание детям Израиля,ইস্রায়েলের সন্তানদের জন্য স্মরণিকা,Recordatorio a los hijos de Israel,بنی اسرائیل کو یاد دہانی
1102,7:142,Our World Cannot Stand the Physical Presence of God,7,142,Dünyamız Tanrı'nın Fiziksel Varlığına Dayanamaz,Notre monde ne peut supporter la présence physique de Dieu,Unsere Welt kann die physische Gegenwart Gottes nicht ertragen,Dunia kita tidak dapat menahan kehadiran fizikal Tuhan.,جهان ما تاب حضور جسمانی خدا را ندارد,கடவுளின் நேரடி இருப்பை நம்முடைய உலகம் தாங்க இயலாது,Vår värld klarar inte av Guds fysiska närvaro,Наш мир не может выдержать физического присутствия Бога,আমাদের পৃথিবী ঈশ্বরের শারীরিক উপস্থিতি সহ্য করতে পারে না,Nuestro mundo no puede soportar la presencia física de Dios,ہماری دنیا خدا کی جسمانی موجودگی کو برداشت نہیں کر سکتی۔
1106,7:146,Divine Intervention Keeps the Disbelievers in the Dark,7,146,İlahi Müdahale İnkârcıları Karanlıkta Tutar,L'intervention divine maintient les incrédules dans l'ignorance,Göttliches Eingreifen lässt die Ungläubigen im Dunkeln tappen,Campur Tangan Ilahi Menjaga Orang-orang Yang Tidak Percaya Dalam Kegelapan,مداخله الهی کافران را در تاریکی نگه می‌دارد,தெய்வீகக் குறுக்கீடு நம்பமறுப்பவர்களை இருட்டில் வைத்திருக்கின்றது,Gudomlig intervention håller de icke-troende i mörkret,Божественное вмешательство держит неверующих в неведении,দৈব হস্তক্ষেপ অবিশ্বাসীদের অন্ধকারে রাখে,La intervención divina mantiene a los incrédulos en la oscuridad,الٰہی مداخلت کافروں کو اندھیرے میں رکھتی ہے۔
1108,7:148,The Golden Calf,7,148,Altın Buzağı,Le veau d'or,Das Goldene Kalb,Anak Lembu Emas,گوساله طلایی,தங்கத்தாலான கன்றுக் குட்டி,Den gyllene kalven,Золотой теленок,সোনার বাছুর,El Becerro de Oro,سونے کا بچھڑا
1116,7:156,Requirements For Attaining God's Mercy: The Importance of Zakat,7,156,Tanrı'nın Rahmetini Kazanmak için Gerekenler: Zekâtın Önemi,Conditions à remplir pour obtenir la miséricorde de Dieu : L'importance de la zakat,Voraussetzungen für den Erhalt der Barmherzigkeit Gottes: Die Wichtigkeit der Zakat,Syarat-Syarat untuk Mencapai Rahmat Allah: Pentingnya Zakat,شرایط کسب رحمت خدا: اهمیت زکات,கடவுளின் கருணையை அடைவதற்குரிய அத்தியாவசியங்கள்: ஜகாத்தின் முக்கியத்துவம்,Krav för att uppnå Guds barmhärtighet: Betydelsen av Zakat,Требования для получения Божьей милости: Важность закята,আল্লাহর রহমত লাভের শর্তসমূহ: যাকাতের গুরুত্ব,Requisitos para alcanzar la misericordia de Dios: La importancia del Zakat,اللہ کی رحمت حاصل کرنے کے لیے شرائط: زکوٰۃ کی اہمیت
1119,7:159,The Guided Jews,7,159,Rehberlik Edilen Yahudiler,Les Juifs guidés,Die geführten Juden,Orang Yahudi yang Dipandu,یهودیان هدایت‌شده,வழிநடத்தப்பட்ட யூதர்கள்,De guidade judarna,Евреи-путешественники,নির্দেশিত ইহুদিরা,Los judíos guiados,ہدایت یافتہ یہودی
1120,7:160,Miracles in Sinai,7,160,Sina'daki Mucizeler,Miracles au Sinaï,Wunder auf dem Sinai,Mukjizat di Sinai,معجزات در سینا,ஸினாயில் அற்புதங்கள்,Mirakel i Sinai,Чудеса на Синае,সিনাইয়ের অলৌকিক ঘটনা,Milagros en el Sinaí,سینا میں معجزے
1121,7:161,Rebellion Despite the Miracles,7,161,Mucizelere Rağmen İsyan,La rébellion malgré les miracles,Rebellion trotz der Wunder,Pemberontakan Walaupun Ajaib,شورش علی‌رغم معجزه‌ها,அற்புதங்களுக்குப் பின்னரும் கலகம்,Uppror trots mirakel,"Бунт, несмотря на чудеса",মিরাকল সত্ত্বেও বিদ্রোহ,Rebelión a pesar de los milagros,معجزوں کے باوجود بغاوت
1123,7:163,Observing the Commandments Brings Prosperity,7,163,Buyrukları Gözetmek Refah Getirir,Le respect des commandements apporte la prospérité,Die Einhaltung der Gebote bringt Wohlstand,Mematuhi Perintah Membawa Kemakmuran,رعایت فرمان‌ها، کامیابی می‌آورد,கட்டளைகளைக் கடைப்பிடித்தல் வளத்தைக் கொண்டு வருகின்றது,Att följa budorden ger välstånd,Соблюдение заповедей приносит процветание,আজ্ঞা পালন করলে সমৃদ্ধি আসে,Cumplir los mandamientos trae prosperidad,حکموں کی پابندی خوشحالی لاتی ہے۔
1124,7:164,Mocking and Ridiculing God's Message,7,164,Tanrı'nın Mesajı ile Alay Edip Eğlenmek,Se moquer et ridiculiser le message de Dieu,Gottes Botschaft verhöhnen und lächerlich machen,Mengejek dan Mengolok-olok Perutusan Tuhan,استهزا و تمسخر پیام خدا,கடவுளின் தூதுச் செய்தியைக் கேலி செய்தலும் பரிகசித்தலும்,Att håna och förlöjliga Guds budskap,Насмешки и издевательства над Божьим посланием,ঈশ্বরের বার্তাকে উপহাস ও বিদ্রূপ করা,Burlarse y ridiculizar el mensaje de Dios,خدا کے پیغام کا مذاق اڑانا اور اس کا استہزاء کرنا
1132,7:172,We Are Born With Instinctive Knowledge About God*,7,172,Tanrı Hakkında İçgüdüsel Bilgiyle Doğarız,Nous naissons avec une connaissance instinctive de Dieu*.,Wir werden mit einem instinktiven Wissen über Gott geboren*,Kita dilahirkan dengan pengetahuan naluriah tentang Tuhan*,ما با دانش غریزی دربارهٔ خدا به دنیا می‌آییم*,கடவுளைப்பற்றி இயல்பான அறிவுடன் நாம் பிறந்துள்ளோம்*,Vi föds med instinktiv kunskap om Gud*,Мы рождаемся с инстинктивным знанием о Боге*,আমরা ঈশ্বর সম্পর্কে স্বতঃসিদ্ধ জ্ঞান নিয়ে জন্মগ্রহণ করি।,Nacemos con un conocimiento instintivo de Dios*.,ہم خدا کے بارے میں فطری علم کے ساتھ پیدا ہوتے ہیں*
1139,7:179,Satan Hypnotizes His Constituents,7,179,Şeytan Kendi Elemanlarını Hipnotize Eder,Satan hypnotise ses électeurs,Satan hypnotisiert seine Wähler,Satan Menghipnotis Pengundi-pengundinya,شیطان رأی‌دهندگانش را هیپنوتیزم می‌کند,சாத்தான் தன் அங்கத்தினர்களை மனோவசியம் செய்கின்றான்,Satan hypnotiserar sina väljare,Сатана гипнотизирует своих избирателей,শয়তান তার নির্বাচকদের সম্মোহিত করে,Satán hipnotiza a sus electores,شیطان اپنے حلقے کے افراد کو ہپناٹائز کرتا ہے۔
1148,7:188,Messengers Are Powerless; They Do Not Know the Future.,7,188,Elçiler Güçsüzdürler; Onlar Geleceği Bilmezler,Les messagers sont impuissants ; ils ne connaissent pas l'avenir.,Boten sind machtlos; sie kennen die Zukunft nicht.,Utusan tidak berkuasa; mereka tidak mengetahui masa depan.,پیام‌آوران ناتوان‌اند؛ آنها از آینده بی‌خبرند.,தூதர்கள் சக்தியற்றவர்கள் ஆவர்; அவர்கள் எதிர்காலத்தை அறிய மாட்டார்கள்,Budbärare är maktlösa; de känner inte till framtiden.,"Посланники бессильны, они не знают будущего.",বার্তাবাহকরা শক্তিহীন; তারা ভবিষ্যত জানে না।,Los mensajeros son impotentes; no conocen el futuro.,پیغامبر بے بس ہیں؛ وہ مستقبل نہیں جانتے۔
1149,7:189,Our Children Can be Idols,7,189,Evlatlarımız Put Olabilir,Nos enfants peuvent être des idoles,Unsere Kinder können Idole sein,Anak-anak kita boleh menjadi idola,فرزندان ما می‌توانند بت باشند,நம்முடைய பிள்ளைகள் நம் போலித் தெய்வங்களாக இருக்கக் கூடும்,Våra barn kan vara idoler,Наши дети могут стать кумирами,আমাদের শিশুরা আইডল হতে পারে,Nuestros hijos pueden ser ídolos,ہمارے بچے بت بن سکتے ہیں
988,7:28,Examine All Inherited Information,7,28,Miras Alınan Tüm Bilgileri İnceleyin,Examiner toutes les informations héritées,Untersuchen Sie alle vererbten Informationen,Periksa Semua Maklumat yang Dibuang,بررسی تمام اطلاعات ارث‌بری‌شده,பாரம்பர்யத் தகவல்கள் அனைத்தையும் பரிசீலியுங்கள்,Undersök all nedärvd information,Изучите всю унаследованную информацию,সব উত্তরাধিকারসূত্রে প্রাপ্ত তথ্য পর্যালোচনা করুন,Examinar toda la información heredada,تمام وراثتی معلومات کا جائزہ لیں
990,7:30,Beware: They Believe that They Are Guided,7,30,Dikkat Edin: Onlar Kendilerine Rehberlik Edildiğine İnanırlar,Méfiez-vous : Ils croient qu'ils sont guidés,"Hüten Sie sich: Sie glauben, dass sie gelenkt werden",Awas: Mereka percaya bahawa mereka dipandu.,مراقب باشید: آنها گمان می‌کنند که هدایت می‌شوند.,கவனம்: தாங்கள் வழிநடத்தப்பட்டவர்கள் என அவர்கள் நம்பிக் கொண்டிருக்கின்றனர்,Akta er: De tror att de blir vägledda,"Остерегайтесь: Они верят, что их направляют",সতর্ক: তারা বিশ্বাস করে যে তাদের পথপ্রদর্শন করা হচ্ছে।,Cuidado: Se creen guiados,خبردار: وہ سمجھتے ہیں کہ انہیں رہنمائی مل رہی ہے۔
991,7:31,Dress Nicely For The Masjid,7,31,Mescit için Güzel Giyinin,S'habiller correctement pour aller au Masjid,Gut gekleidet in die Masjid,Berpakaian kemas untuk masjid,برای مسجد شیک بپوشید,மஸ்ஜித்களுக்கு நேர்த்தியாக உடையணிந்து செல்லுங்கள்,Klä dig snyggt för masjiden,Оденьтесь красиво для посещения Масджида,মসজিদের জন্য সুন্দরভাবে পোশাক পরিধান করুন,Vístete bien para ir a la mezquita,مسجد کے لیے اچھا لباس پہنیں
992,7:32,Innovated Prohibitions Condemned,7,32,İcat Edilen Haramlar Kınandı,Innové Interdictions Condamné,Verurteilung innovativer Verbote,Larangan Inovatif Dikecam,ممنوعیت‌های نوآورانه محکوم شدند,புதுமையாகப் புகுத்தப்படுகின்ற தடைகள் கண்டனம் செய்யப்படுகின்றன,Förnyade Förbud Fördömd,Инновационные запреты осуждаются,উদ্ভাবিত নিষেধাজ্ঞাসমূহ নিন্দিত,Prohibiciones innovadoras condenadas,جدید پابندیوں کی مذمت
995,7:35,Messengers From Among You,7,35,Aranızdan Elçiler,Des messagers parmi vous,Boten aus eurer Mitte,Utusan dari Kalangan Kamu,پیام‌آورانی از میان شما,உங்களில் இருந்தே தூதர்கள்,Budbärare bland er,Посланники среди вас,তোমাদের মধ্য থেকে দূতগণ,Mensajeros de entre vosotros,تم میں سے پیغامبر
998,7:38,Mutual Blaming,7,38,Karşılıklı Suçlama,Blâme mutuel,Gegenseitige Schuldzuweisungen,Salalah saling menyalahkan,متهم کردن متقابل,பரஸ்பரம் பழித்துக் கொள்ளுதல்,Ömsesidigt skuldbeläggande,Взаимные обвинения,পরস্পর দোষারোপ,Culpabilización mutua,باہمی الزام تراشی
1000,7:40,Rejecting God's Revelations: An Unforgivable Offense,7,40,Tanrı'nın Vahiylerini Reddetmek: Bağışlanamaz Bir Suç,Rejeter les révélations de Dieu : Une offense impardonnable,Gottes Offenbarungen ablehnen: Ein unverzeihliches Vergehen,Menolak Wahyu Tuhan: Satu Kesalahan yang Tidak Dimaafkan,ردّ وحی الهی: جرمی نابخشودنی,கடவுளின் வெளிப்பாடுகளை ஏற்க மறுத்தல்: மன்னிக்கப்பட மாட்டாத ஒரு குற்றம்,Att förkasta Guds uppenbarelser: En oförlåtlig kränkning,Отвержение Божьих откровений: Непростительный проступок,ঈশ্বরের প্রকাশ্য প্রত্যাখ্যান: এক অক্ষমাযোগ্য অপরাধ,Rechazar las Revelaciones de Dios: Una ofensa imperdonable,الٰہی وحیوں کو مسترد کرنا: ایک ناقابلِ معافی جرم
1003,7:43,By God's Grace,7,43,Tanrı'nın Lütfuyla,Par la grâce de Dieu,Durch Gottes Gnade,Dengan rahmat Tuhan,به فضل خدا,கடவுளின் அருளால்,Genom Guds nåd,По Божьей милости,ঈশ্বরের অনুগ্রহে,Por la Gracia de Dios,خدا کے فضل سے
1008,7:48,The Majority Doomed,7,48,Çoğunluk Mahkum Edildi,La majorité condamnée,Die Mehrheit ist dem Untergang geweiht,Kebanyakan Orang Hana Terluput,اکثریت محکوم,பெரும்பான்மையானோர் கடுமையான விதிக்குள்ளாகின்றனர்,Majoriteten dömd till undergång,Большинство обречено,সংখ্যাগরিষ্ঠের ধ্বংস নিশ্চিত,La mayoría condenada,اکثریت ہلاک شدہ
1012,7:52,Quran: Fully Detailed,7,52,Kuran: Tamamen Detaylı,Coran : Entièrement détaillé,Koran: Ausführlich,Al-Quran: Terperinci sepenuhnya,قرآن: کاملاً تفصیلی,குர்ஆன்: முற்றிலும் விவரிக்கப்பட்டது,Koranen: Fullständigt detaljerad,Коран: Полностью подробный,কুরআন: সম্পূর্ণ বিশদ,Corán: Completamente detallado,قرآن: مکمل تفصیل
1019,7:59,Noah,7,59,Nuh,Noah,Noah,Nuh,نوح,நோவா,Noah,Ной,নোহ,Noah,نوح
1025,7:65,Hûd,7,65,Hud,Hûd,Hûd,Hûd,هود,ஹூத்,Hûd,Hûd,হূদ,Hûd,ہود
1030,7:70,Following the Parents Blindly: A Human Tragedy,7,70,Atalarını Körü Körüne Takip Etmek: Bir İnsan Trajedisi,Suivre aveuglément les parents : Une tragédie humaine,Blindlings den Eltern folgen: Eine menschliche Tragödie,Mengikuti Ibu Bapa Secara Buta: Sebuah Tragedi Kemanusiaan,پیروی کورکورانه‌ی والدین: یک تراژدی انسانی,பெற்றோர்களைக் குருட்டுத்தனமாகப் பின்பற்றுதல்: ஒரு மானுட சோகம்,Att följa föräldrarna i blindo: En mänsklig tragedi,Слепое следование за родителями: Человеческая трагедия,অন্ধভাবে পিতামাতাকে অনুসরণ: একটি মানবিক ট্র্যাজেডি,Seguir ciegamente a los padres: Una tragedia humana,والدین کی اندھا اندھا تقلید: ایک انسانی المیہ
1033,7:73,Sãleh,7,73,Salih,Sãleh,Sãleh,Saleh,صالح,ஸாலிஹ்,Sãleh,Sãleh,সালেহ,Sãleh,صالح
1035,7:75,The Message: Proof of Messengership,7,75,Mesaj: Elçiliğin Kanıtı,Le message : Preuve de la qualité de messager,Die Botschaft: Der Beweis für die Botschafterschaft,Pesan: Bukti Keperpesanan,پیام: اثبات پیامبری,தூதுச் செய்தி: தூதுத்துவத்திற்கான சான்று,Budskapet: Bevis på budbärarskap,Послание: Доказательство посланничества,বার্তা: দূতত্বের প্রমাণ,El Mensaje: La prueba de la mensajería,پیغام: رسالت کا ثبوت
1040,7:80,Lot: Homosexuality Condemned,7,80,Lut: Eşcinsellik Kınandı,Lot : L'homosexualité condamnée,Los: Homosexualität verurteilt,Lot: Homoseksualiti Dikutuk,مورد: محکومیت همجنس‌گرایی,லோத்:ஓரினப்புணர்ச்சி கண்டனம் செய்யப்படுகின்றது,Lot: Homosexualitet fördöms,Лот: Гомосексуальность осуждена,লট: সমকামিতা নিন্দিত,Lote: Condenada la homosexualidad,لوط: ہم جنس پرستی کی مذمت
1045,7:85,"Shu'aib: Cheating, Dishonesty Condemned",7,85,"Şuayb: Hilekârlık, Sahtekârlık Kınandı",Shu'aib : La tricherie et la malhonnêteté condamnées,Shu'aib: Betrug und Unehrlichkeit verurteilt,Shu'aib: Penipuan dan ketidakjujuran dicela,شعیب: تقلب و بی‌صداقتی محکوم شد,"ஷுஐப்: ஏமாற்றுதல்,நேர்மையற்றதனம் கண்டனம் செய்யப்படுகின்றது",Shu'aib: Fusk och oärlighet fördöms,Шу'айб: Обман и нечестность осуждаются,শুআয়ব: প্রতারণা ও অসততার নিন্দা,Shu'aib: Se condena el engaño y la deshonestidad,شعیب: دھوکہ دہی اور بے ایمانی کی مذمت
1054,7:94,Blessings in Disguise,7,94,Şer Gibi Görünen Nimetler,Des bénédictions déguisées,Unverhüllter Segen,Nikmat Terselindung,برکت‌های مبدل,மாற்றுரூபத்தில் ஆசீர்வாதங்கள்,Välsignelser i förklädnad,Замаскированные благословения,অদৃশ্য আশীর্বাদ,Bendiciones disfrazadas,پوشیدہ نعمتیں
1056,7:96,Most People Make the Wrong Choice,7,96,Birçok İnsan Yanlış Seçim Yapar,La plupart des gens font le mauvais choix,Die meisten Menschen treffen die falsche Wahl,Kebanyakan orang membuat pilihan yang salah,اکثر مردم انتخاب اشتباهی می‌کنند,அதிகமான மக்கள் தவறான தேர்வைச் செய்கின்றனர்.,De flesta människor gör fel val,Большинство людей делают неправильный выбор,অধিকাংশ মানুষ ভুল সিদ্ধান্ত নেয়,La mayoría de la gente elige mal,زیادہ تر لوگ غلط انتخاب کرتے ہیں۔
5534,72:19,God's Messenger of the Covenant*,72,19,Tanrı'nın Antlaşma Elçisi,Le messager de l'alliance de Dieu*,Gottes Gesandter des Bundes*,Pembawa Perjanjian Tuhan*,پیام‌آور عهد خدا*,கடவுளின் உடன்படிக்கைத் தூதர்*,Guds budbärare av förbundet*,Посланник Божьего Завета*.,আহদ-এর ঈশ্বরের দূত*,Mensajero de Dios de la Alianza*.,عہد کا رسولِ خدا*
5595,74:30,The Quran's Common Denominator,74,30,Kuran'ın Ortak Paydası,Le dénominateur commun du Coran,Der gemeinsame Nenner des Koran,Penentu Bersama Al-Quran,مخرج مشترک قرآن,குர்ஆனின் பொது வகுஎண்,Koranens gemensamma nämnare,Общий знаменатель Корана,কুরআনের সাধারণ উপাদান,El denominador común del Corán,قرآن کا مشترکہ مخرج
5600,74:35,One of the Great Miracles,74,35,Büyük Mucizelerden Biri,Un des grands miracles,Eines der großen Wunder,Salah satu daripada Mukjizat Agung,یکی از معجزات بزرگ,மாபெரும் அற்புதங்களில் ஒன்று,Ett av de stora miraklen,Одно из великих чудес,মহান অলৌকিক ঘটনাগুলির একটি,Uno de los grandes milagros,عظیم معجزوں میں سے ایک
5638,75:16,Muhammad Forbidden From Explaining the Quran,75,16,Muhammed'in Kuran'ı Açıklamaktan Menedilişi,Interdiction pour Mahomet d'expliquer le Coran,"Mohammed ist es verboten, den Koran zu erklären",Muhammad dilarang mentafsir al-Quran,محمد از تفسیر قرآن منع شده است,குர்ஆனை விளக்குவதில் இருந்துமுஹம்மத் தடுக்கப்பட்டார்,Muhammed förbjuden att förklara Koranen,Мухаммеду запрещено объяснять Коран,মুহাম্মদকে কুরআন ব্যাখ্যা করতে নিষেধ করা হয়েছে,Mahoma tiene prohibido explicar el Corán,محمد کو قرآن کی تفسیر سے منع کیا گیا
1177,8:10,Victory Guaranteed for the Believers,8,10,İmanlılar için Galibiyet Garanti Edilmiştir,Victoire garantie pour les croyants,Garantierter Sieg für die Gläubigen,Kemenangan Dijamin untuk Orang-orang yang Beriman,پیروزی تضمین‌شده برای مؤمنان,நம்பிக்கையாளர்களுக்கு வெற்றி உத்தரவாதம் அளிக்கப்படுகின்றது,Seger garanterad för de troende,Победа гарантирована верующим,বিশ্বাসীদের জন্য বিজয় নিশ্চিত,Victoria garantizada para los creyentes,مومنوں کے لیے فتح یقینی ہے
1179,8:12,Lessons from History*,8,12,Tarihten Dersler,Les leçons de l'histoire*,Lehren aus der Geschichte*,Pengajaran daripada Sejarah*,درس‌هایی از تاریخ*,சரித்திரத்தில் இருந்து படிப்பினைகள்*,Lärdomar från historien*,Уроки истории*,ইতিহাসের শিক্ষা*,Lecciones de la Historia*.,تاریخ سے اسباق*
1184,8:17,God Is Doing Everything*,8,17,Her Şeyi Tanrı Yapıyor,Dieu fait tout*,Gott tut alles*,Tuhan sedang melakukan segala-galanya*,خدا همه چیز را انجام می‌دهد*,ஒவ்வொன்றையும் செய்பவர் கடவுளேயாவார்*,Gud gör allt*,Бог делает все*,ঈশ্বর সবকিছু করছেন*,Dios lo está haciendo todo*.,خدا ہر چیز کر رہا ہے*
1169,8:2,The True Believers,8,2,Gerçek İmanlılar,Les vrais croyants,Die wahren Gläubigen,Para Pencaya Sejati,مؤمنان راستین,உண்மையான நம்பிக்கையாளர்கள்,De sanna troende,Истинно верующие,সত্যিকারের বিশ্বাসীরা,Los verdaderos creyentes,سچے مومن
1188,8:21,The Disbelievers Blocked Out,8,21,İnkârcılar Bloke Edilirler,Les mécréants bloqués,Die Ungläubigen werden ausgesperrt,Orang-orang yang kafir menutup mata,کافران چشم‌پوشی کردند,நம்பமறுப்பவர்கள் தடுத்து நிறுத்தப்படுகின்றனர்,De icke-troende utestängda,Неверующие заблокированы,অবিশ্বাসীরা অন্ধ করে দিয়েছে,Los incrédulos bloqueados,کافر مسترد کر گئے
1191,8:24,The Righteous Do Not Really Die*,8,24,Doğrular Gerçekte Ölmezler,Les justes ne meurent pas vraiment*,Die Gerechten sterben nicht wirklich*,Orang-orang yang benar sebenarnya tidak mati*,صالحان در واقع نمی‌میرند*,நன்னெறியாளர்கள் உண்மையில் மரணிப்பதில்லை*,De rättfärdiga dör inte på riktigt*,Праведники не умирают*,সৎ মানুষরা আসলে মারা যায় না*,Los justos no mueren de verdad*.,نیک لوگ درحقیقت مرتے نہیں ہیں*
1193,8:26,God Supports the Believers,8,26,Tanrı İmanlıları Destekler,Dieu soutient les croyants,Gott unterstützt die Gläubigen,Tuhan menyokong orang-orang yang beriman,خداوند مؤمنان را حمایت می‌کند,நம்பிக்கையாளர்களுக்குக் கடவுள் ஆதரவளிக்கின்றார்,Gud stödjer de troende,Бог поддерживает верующих,ঈশ্বর বিশ্বাসীদের সমর্থন করেন,Dios apoya a los creyentes,خدا مومنوں کی حمایت کرتا ہے
1195,8:28,Money & Children Are Tests,8,28,Para & Evlatlar Testtir,L'argent et les enfants sont des tests,Geld und Kinder sind Tests,Wang dan anak-anak adalah ujian,پول و فرزندان، آزمون‌اند,பணம் & பிள்ளைகள் சோதனைகளாக உள்ளன,Pengar & barn är tester,Деньги и дети - это испытания,টাকা ও সন্তান পরীক্ষা,El dinero y los niños son pruebas,پیسہ اور بچے آزمائشیں ہیں
1197,8:30,God Protects His Messenger*,8,30,"Tanrı, Elçisini Korur",Dieu protège son messager*,Gott beschützt seinen Gesandten*,Allah melindungi pesuruh-Nya*,خداوند پیامبرش را محافظت می‌کند*,கடவுள் தன்னுடைய தூதரைப் பாதுகாக்கின்றார்*,Gud skyddar sin budbärare*,Бог защищает своего посланника*,আল্লাহ তাঁর প্রেরিতকে রক্ষা করেন,Dios protege a Su Mensajero*.,خدا اپنے رسول کی حفاظت کرتا ہے*
1202,8:35,The Contact Prayers (Salat) Existed Before the Quran*,8,35,İletişim Duaları (Namaz) Kuran'dan Önce de Vardı,Les prières de contact (Salat) existaient avant le Coran*.,Die Kontaktgebete (Salat) gab es schon vor dem Koran*,Doa Kontak (Salat) Wujud Sebelum al-Quran*,صلات (نماز)های مستحبی پیش از قرآن وجود داشتند*,(ஸலாத்) தொடர்புத் தொழுகைகள் குர்ஆனுக்கு முன்னரே வழக்கிலிருந்தது*,Kontaktbönerna (Salat) fanns före Koranen*,Контактные молитвы (салят) существовали до Корана*.,সংযোগ প্রার্থনা (সলাত) কুরআনের আগে থেকেই বিদ্যমান ছিল*,Las oraciones de contacto (salat) existían antes del Corán*.,رکنما نمازیں (صلات) قرآن سے پہلے موجود تھیں*
1203,8:36,Spending Their Money to Fight God*,8,36,Paralarını Tanrı ile Savaşmak için Harcamaları,Dépenser leur argent pour combattre Dieu*,"Ihr Geld ausgeben, um Gott zu bekämpfen*",Menghabiskan Wang Mereka untuk Berjuang Melawan Tuhan*,هزینه کردن پولشان برای مبارزه با خدا*,Spending Their Money to Fight God*,Spenderar sina pengar för att bekämpa Gud*,Тратят деньги на борьбу с Богом*,ঈশ্বরের বিরুদ্ধে লড়াই করতে তাদের টাকা খরচ করা*,Gastan su dinero para luchar contra Dios*.,اپنا پیسہ خدا سے لڑنے میں خرچ کرنا*
1209,8:42,God Controls Everything and Plans for the Believers,8,42,Tanrı İmanlılar için Her Şeyi Kontrol Eder ve Planlar,Dieu contrôle tout et fait des projets pour les croyants,Gott steuert alles und hat Pläne für die Gläubigen,Tuhan mengawal segala-galanya dan merancang untuk orang-orang yang beriman.,خدا همه چیز را کنترل می‌کند و برای مؤمنان نقشه می‌کشد.,கடவுள் ஒவ்வொன்றையும் கட்டுப்படுத்தி நம்பிக்கையாளர்களுக்காகத் திட்டமிடுகின்றார்,Gud kontrollerar allt och har planer för de troende,Бог контролирует все и планирует планы для верующих,ঈশ্বর সবকিছু নিয়ন্ত্রণ করেন এবং বিশ্বাসীদের জন্য পরিকল্পনা করেন।,Dios lo controla todo y tiene planes para los creyentes,خدا ہر چیز پر قابو رکھتا ہے اور مومنوں کے لیے منصوبہ بندی کرتا ہے۔
1215,8:48,The Devil Sees God's Invisible Soldiers,8,48,Şeytan Tanrı'nın Görünmeyen Askerlerini Görür,Le diable voit les soldats invisibles de Dieu,Der Teufel sieht die unsichtbaren Soldaten Gottes,Syaitan Melihat Tentera Ghaib Allah,شیطان سربازان نامرئی خدا را می‌بیند,"கண்ணுக்குத் தெரியாத, கடவுளின் படைவீரர்களை சாத்தான் பார்க்கின்றான்",Djävulen ser Guds osynliga soldater,Дьявол видит невидимых солдат Бога,শয়তান ঈশ্বরের অদৃশ্য সৈন্যদের দেখে,El diablo ve a los soldados invisibles de Dios,شیطان خدا کے پوشیدہ سپاہیوں کو دیکھتا ہے
1172,8:5,The Weak Believers,8,5,Zayıf İmanlılar,Les faibles croyants,Die Schwachgläubigen,Orang-orang yang Beriman Lemah,مؤمنان ضعیف,பலவீனமான நம்பிக்கையாளர்கள்,De svaga troende,Слабые верующие,দুর্বল বিশ্বাসীরা,Los creyentes débiles,کمزور مومن
1220,8:53,Retribution: A Consequence of Sin,8,53,Azap: Günahın Bir Sonucu,Le châtiment : Une conséquence du péché,Vergeltung: Eine Konsequenz der Sünde,Balasan: Akibat Dosa,کیفر: پیامد گناه,தண்டனை: பாவத்தின் ஒரு பின்விளைவு,Vedergällning: En konsekvens av synd,Воздаяние: Последствия греха,প্রতিফল: পাপের পরিণতি,El castigo: Una consecuencia del pecado,بدلہ: گناہ کا نتیجہ
1227,8:60,You Shall Be Prepared: A Divine Commandment,8,60,Hazırlıklı Olmalısınız: İlahi Bir Buyruk,Tu seras préparé : Un commandement divin,Du sollst vorbereitet sein: Ein göttliches Gebot,Kamu Akan Bersedia: Satu Perintah Ilahi,آماده باشید: یک فرمان الهی,நீங்கள் ஆயத்தமாக இருக்க வேண்டும்: ஒரு தெய்வீகக் கட்டளை,Du skall vara beredd: Ett gudomligt budord,Будьте готовы: Божественная заповедь,তুমি প্রস্তুত থাকবে: একটি ঐশ্বরিক আদেশ,Estarás preparado: Un mandamiento divino,تم تیار رہو گے: ایک الٰہی حکم
1229,8:62,God Suffices the Believers,8,62,Tanrı İmanlılara Yeter,Dieu suffit aux croyants,Gott genügt den Gläubigen,Allah mencukupi bagi orang-orang yang beriman,خدا برای مؤمنان کافی است,நம்பிக்கையாளர்களுக்குக் கடவுள் போதுமானவர்,Gud försörjer de troende,Бог помогает верующим,আল্লাহ বিশ্বাসীদের জন্য যথেষ্ট,Dios basta a los creyentes,خدا مومنوں کے لیے کافی ہے
1176,8:9,God's Invisible Soldiers,8,9,Tanrı'nın Görünmeyen Askerleri,Les soldats invisibles de Dieu,Gottes unsichtbare Soldaten,Askar Tak Terlihat Tuhan,سربازان نامرئی خدا,"கண்களுக்குத் தெரியாத,கடவுளின் படைவீரர்கள்",Guds osynliga soldater,Невидимые солдаты Бога,ঈশ্বরের অদৃশ্য সৈনিকরা,Los soldados invisibles de Dios,خدا کے پوشیدہ سپاہی
5892,81:15,God's Messenger of the Covenant,81,15,Tanrı'nın Antlaşma Elçisi,Le messager de l'alliance de Dieu,Gottes Gesandter des Bundes,Pembawa Perjanjian Tuhan,پیام‌آور عهد خدا,கடவுளின் உடன்படிக்கைத் தூதர்,Guds budbärare av förbundet,Посланник Божьего завета,চুক্তির ঈশ্বরের দূত,El Mensajero de Dios de la Alianza,عہد کا خدا کا رسول
5913,82:6,Reflect on God's Creations,82,6,Tanrı'nın Yarattığı Şeyler Üzerinde Derinlemesine Düşünün,Réfléchir aux créations de Dieu,Über Gottes Schöpfungen nachdenken,Renungkan ciptaan Tuhan,به خلقت‌های خدا بیندیشید,கடவுளின் படைப்புகளைப் பற்றிச் சிந்தியுங்கள்,Reflektera över Guds skapelser,Размышляйте о Божьих творениях,ঈশ্বরের সৃষ্টিসমূহ নিয়ে চিন্তা করুন,Reflexionar sobre las creaciones de Dios,خدا کی مخلوقات پر غور کریں
5934,83:7,Numerically Structured Books,83,7,Sayısal Olarak Yapılandırılmış Kitaplar,Livres à structure numérique,Numerisch strukturierte Bücher,Buku Berstruktur Numerikal,کتاب‌های ساختارمند عددی,எண்ணியல் அடிப்படையில் கட்டமைக்கப்பட்ட புத்தகங்கள்,Numeriskt strukturerade böcker,Книги с числовой структурой,সংখ্যাতাত্ত্বিকভাবে কাঠামোবদ্ধ বইসমূহ,Libros estructurados numéricamente,عددی طور پر منظم کتابیں
1243,9:1,No Basmalah*,9,1,Besmele Yok,Pas de Basmalah*,Keine Basmalah*,Tiada Basmalah*,بدون بسم‌الله‌,No Basmalah*,Ingen Basmalah*,Нет Басмала*,বিসমিল্লাহ নেই,No Basmalah*,بسم اللہ نہیں
1343,9:101,Retribution Doubled for the Hypocrites*,9,101,İkiyüzlüler için Azap Katlandı,Un châtiment doublé pour les hypocrites*,Doppelte Vergeltung für die Heuchler*,Balasan Diberikan Dua Kali Ganda Bagi Orang Munafik*,کیفر دوچندان برای ریاکاران*,நயவஞ்சகர்களுக்கு தண்டனை இருமடங்காக்கப்படுகின்றது*,Dubbel vedergällning för hycklarna*,Возмездие удвоено для лицемеров*,ভণ্ডদের জন্য প্রতিদান দ্বিগুণ*,Doble castigo para los hipócritas*.,منافقین کے لیے سزا کا دگنا ہونا*
1349,9:107,Masjids that Oppose God and His Messenger*,9,107,Tanrı'ya ve Elçisine Muhalefet Eden Mescitler,Les masjids qui s'opposent à Dieu et à son messager*,"Masjids, die sich gegen Gott und seinen Gesandten stellen*",Masjid-masjid yang menentang Allah dan Rasul-Nya*,مسجدهایی که با خدا و پیامبرش* مخالفت می‌کنند,கடவுளையும் அவருடைய தூதரையும் எதிர்க்கின்ற பள்ளிவாசல்கள்*,Masjider som motsätter sig Gud och Hans sändebud*,"Масджиды, выступающие против Бога и Его посланника*",যে মসজিদগুলো আল্লাহ ও তাঁর রাসূলের বিরোধিতা করে*,Masyids que se oponen a Dios y a Su Mensajero*.,وہ مساجد جو خدا اور اس کے رسول کی مخالفت کرتی ہیں*
1350,9:108,Do Not Pray in Those Masjids,9,108,Bu Mescitlerde Duaya/Namaza Durmayın,Ne pas prier dans ces mosquées,Beten Sie nicht in diesen Masjids,Jangan Bersembahyang di Masjid-masjid Itu,در آن مساجد نماز نخوانید,அத்தகைய பள்ளிவாசல்களில் தொழாதீர்கள்,Be inte i dessa masjider,Не молитесь в этих мечетях,সেই মসজিদগুলোতে নামাজ পড়বেন না,No reces en esas mezquitas,ان مساجدوں میں نماز نہ پڑھو
1253,9:11,Repentance: Cleaning the Slate,9,11,Tövbe: Geçmişe Sünger Çekmek,Repentir : Nettoyer l'ardoise,Buße: Die Schiefertafel reinigen,Taubat: Menghapus Semua Dosa,توبه: پاک کردن لوحه,பாவத்திற்கு வருந்துதல்: பலகையைத் துடைத்தல்,Ånger och botgöring: Rengöring av skifferplattan,Покаяние: Очистка шифера,অনুশোচনা: শূন্য থেকে শুরু,Arrepentimiento: Limpiar la pizarra,توبہ: گناہوں کا مٹانا
1353,9:111,The Most Profitable Investment,9,111,En Kârlı Yatırım,L'investissement le plus rentable,Die rentabelste Investition,Pelaburan Paling Menguntungkan,سودآورترین سرمایه‌گذاری,மிகவும் இலாபகரமான முதலீடு,Den mest lönsamma investeringen,Самые выгодные инвестиции,সর্বাধিক লাভজনক বিনিয়োগ,La inversión más rentable,سب سے زیادہ منافع بخش سرمایہ کاری
1354,9:112,The Believers,9,112,İmanlılar,Les croyants,Die Gläubigen,Orang-orang yang beriman,باورمندان,நம்பிக்கையாளர்கள்,De troende,Верующие,বিশ্বাসীরা,Los creyentes,مومن
1355,9:113,You Shall Disown God's Enemies Abraham Disowned His Father,9,113,Tanrı'nın Düşmanlarını Sahiplenmeyin: İbrahim Babasını Sahiplenmedi,Tu désavoueras les ennemis de Dieu Abraham a désavoué son père,Du sollst Gottes Feinde verleugnen Abraham verleugnete seinen Vater,Kamu hendak menafikan musuh-musuh Tuhan. Abraham menafikan bapanya.,شما دشمنان خدا را از خود جدا خواهید کرد. ابراهیم پدرش را از خود جدا کرد.,கடவுளின் விரோதிகளை நீங்கள் கை விட்டு விடவேண்டும்: ஆப்ரஹாம் தன் தந்தையைக் கைவிட்டு விட்டார்,Du skall förskjuta Guds fiender Abraham förnekade sin far,Вы должны отречься от врагов Божьих Авраам отрекся от своего отца,তুমি ঈশ্বরের শত্রুদের অস্বীকার করবে। আব্রাহাম তাঁর পিতাকে অস্বীকার করেছিলেন।,Repudiarás a los enemigos de Dios Abraham repudió a su padre,تم خدا کے دشمنوں سے انکار کرو۔ ابراہیم نے اپنے والد سے انکار کیا۔
1360,9:118,Do Not Abandon the Messenger,9,118,Elçiyi Terk Etmeyin,N'abandonnez pas le messager,Lassen Sie den Boten nicht im Stich,Jangan Tinggalkan Utusan,پیامبر را رها مکنید,தூதரைக் கைவிட்டு விடக் கூடாது,Överge inte budbäraren,Не оставляйте посланника,বার্তাবাহককে পরিত্যাগ করবেন না,No abandones al mensajero,پیغامبر کو ترک نہ کرو
1364,9:122,The Importance of Religious Education,9,122,Din Eğitiminin Önemi,L'importance de l'éducation religieuse,Die Bedeutung der religiösen Erziehung,Kepentingan Pendidikan Agama,اهمیت آموزش دینی,மார்க்கக் கல்வியின் முக்கியத்துவம்,Betydelsen av religionsundervisning,Важность религиозного образования,ধর্মীয় শিক্ষার গুরুত্ব,La importancia de la educación religiosa,مذہبی تعلیم کی اہمیت
1365,9:123,The Disbelievers,9,123,İnkârcılar,Les mécréants,Die Ungläubigen,Orang-orang yang kafir,کافران,நம்பமறுப்போர்,De icke-troende,Неверующие,অবিশ্বাসীরা,Los incrédulos,کافر
1366,9:124,The Hypocrites,9,124,İkiyüzlüler,Les hypocrites,Die Heuchler,Para Munafik,ریاکاران,நயவஞ்சகர்கள்,Hycklarna,Лицемеры,ভণ্ডরা,Los hipócritas,ریاکار
1369,9:127,A Historical Crime Unveiled: Tampering With the Word of God.* God Provides Irrefutable Evidence,9,127,"Tarihi Bir Cürüm Ortaya Çıkarıldı: Tanrı'nın Sözüyle Oynamak. Tanrı, Çürütülemez Kanıt Sunuyor",Un crime historique dévoilé : L'altération de la Parole de Dieu * Dieu fournit des preuves irréfutables,Ein historisches Verbrechen aufgedeckt: Die Manipulation des Wortes Gottes * Gott liefert unwiderlegbare Beweise,Kejahatan Sejarah yang Terbongkar: Memanipulasi Firman Tuhan.* Tuhan Memberi Bukti yang Tidak Dapat Disangkal,یک جنایت تاریخی فاش شد: دستکاری در کلام خدا.* خدا شواهدی غیرقابل انکار ارائه می‌دهد,ஒரு சரித்திரக் குற்றத்தின் திரை விலக்கப்படுகின்றது: கடவுளின் வார்த்தைகளைச் சிதைத்தல்* மறுக்க முடியாத சான்றுகளைக் கடவுள் வழங்குகின்றார்,Ett historiskt brott avslöjas: Att manipulera med Guds ord * Gud ger oåterkalleliga bevis,Раскрыто историческое преступление: Фальсификация Слова Божьего.* Бог предоставляет неопровержимые доказательства,একটি ঐতিহাসিক অপরাধ উন্মোচিত: ঈশ্বরের বাক্যে হস্তক্ষেপ।* ঈশ্বর অকাট্য প্রমাণ প্রদান করেন,Un Crimen Histórico Desvelado: Dios proporciona pruebas irrefutables,ایک تاریخی جرم بے نقاب: خدا کے کلام میں ہیر پھیر۔* خدا ناقابل تردید ثبوت فراہم کرتا ہے۔
1258,9:16,The Inevitable Test,9,16,Kaçınılmaz Test,Le test inévitable,Die unvermeidliche Prüfung,Ujian yang Tidak Dapat Dielakkan,آزمون اجتناب‌ناپذیر,தவிர்த்து விட இயலாத சோதனை,Det oundvikliga testet,Неизбежное испытание,অনিবার্য পরীক্ষা,La prueba inevitable,ناگزیر آزمائش
1261,9:19,Question to the Arabs,9,19,Araplara Soru,Question aux Arabes,Frage an die Araber,Soalan kepada orang Arab,سؤالی برای اعراب,அரேபியர்களுக்கு கேள்விக்கணை,Fråga till araberna,Вопрос к арабам,আরবদের জন্য প্রশ্ন,Pregunta a los árabes,عربوں کے لیے سوال
1262,9:20,Good News,9,20,Müjde,Bonnes nouvelles,Gute Nachrichten,Berita Baik,خبر خوب,நற்செய்தி,Goda nyheter,Хорошие новости,ভাল খবর,Buenas noticias,اچھی خبر
1265,9:23,If You Have to Make a Choice,9,23,Eğer Bir Seçim Yapmanız Gerekiyorsa,Si vous devez faire un choix,Wenn Sie eine Entscheidung treffen müssen,Jika Anda harus membuat pilihan,اگر مجبور به انتخاب باشید,நீங்கள் ஒரு தேர்வைச் செய்தாக வேண்டுமென்றால்,Om du måste göra ett val,Если вам нужно сделать выбор,যদি আপনাকে একটি পছন্দ করতে হয়,Si tiene que elegir,اگر آپ کو انتخاب کرنا پڑے
1266,9:24,Important Criterion*,9,24,Önemli Kriter,Critère important*,Wichtiges Kriterium*,Kriteria Penting*,معیار مهم*,முக்கியத்துவம் வாய்ந்த அளவுகோல்*,Viktigt kriterium,Важный критерий*,গুরুত্বপূর্ণ মানদণ্ড*,Criterio importante,اہم معیار*
1272,9:30,Blasphemies,9,30,Küfürler,Blasphèmes,Blasphemie,Kufur,کفرگویی‌ها,இறை நிந்தனைகள்,Hädelser,Богохульства,ধর্মদ্রোহ,Blasfemias,گستاخیاں
1273,9:31,Upholding the Teachings of Religious Leaders Instead of God's Teachings,9,31,Tanrı'nın Öğretileri Yerine Dini Liderlerin Öğretilerine Sarılmak,Soutenir les enseignements des chefs religieux au lieu des enseignements de Dieu,Aufrechterhaltung der Lehren religiöser Führer anstelle von Gottes Lehren,"Menegakkan ajaran pemimpin agama, bukannya ajaran Tuhan",پاسداری از تعالیم رهبران دینی به جای تعالیم خداوند,கடவுளின் போதனைகளுக்குப் பதிலாக மார்க்கத் தலைவர்களின் போதனைகளை ஆதரித்தல்,Upprätthålla religiösa ledares läror i stället för Guds läror,Придерживаться учения религиозных лидеров вместо Божьего учения,ঈশ্বরের শিক্ষার পরিবর্তে ধর্মীয় নেতাদের শিক্ষা প্রতিষ্ঠা,Mantener las enseñanzas de los líderes religiosos en lugar de las enseñanzas de Dios,خدا کی تعلیمات کے بجائے مذہبی رہنماؤں کی تعلیمات کی پاسداری
1275,9:33,"""Submission"" Destined to Prevail*",9,33,"""Teslimiyet"" Üstün Gelmeye Mukadderdir","La ""soumission"" destinée à prévaloir*","""Unterwerfung"" wird sich durchsetzen*","""Penyerahan"" Ditakdirkan untuk Berjaya*",«تسلیم» مقدر است که پیروز شود*,சரணடைதல் மிகைக்குமென விதிக்கப்பட்டுள்ளது.*,"""Underkastelse"" ödesbestämd att segra*","""Покорность"" призвана победить*","""সমর্পণ"" বিজয়ী হওয়ার জন্য নির্ধারিত*","La ""sumisión"", destinada a prevalecer*.","""تسلیم"" غالب آنے والی*"
1276,9:34,Beware of Professional Religionists,9,34,Profesyonel Dincilere Dikkat Edin,Méfiez-vous des religieux professionnels,Vorsicht vor Berufsreligionisten,Awas terhadap ahli agama profesional,مراقب دین‌داران حرفه‌ای باشید,தொழில்முறை மார்க்கவாதிகளிடம் விழிப்புடனிருங்கள்,Akta dig för professionella religionsutövare,Остерегайтесь профессиональных религиоведов,পেশাদার ধর্মপ্রচারীদের থেকে সাবধান,Cuidado con los religiosos profesionales,پیشہ ور مذہبی رہنماؤں سے ہوشیار رہیں
1278,9:36,God's System: Twelve Months Per Year*,9,36,Tanrı'nın Sistemi: Yılda On İki Ay,Le système de Dieu : Douze mois par an*,Gottes System: Zwölf Monate pro Jahr*,Sistem Tuhan: Dua Belas Bulan Sepanjang Tahun*,نظام الهی: دوازده ماه در سال*,கடவுளின் வழிமுறை: வருடமொன்றுக்குப் பன்னிரண்டு மாதங்கள்*,Guds system: Tolv månader per år*,Божья система: Двенадцать месяцев в году*,ঈশ্বরের ব্যবস্থা: বছরে বারো মাস*,Sistema de Dios: Doce meses por año*,خدا کا نظام: سال میں بارہ مہینے*
1279,9:37,Altering the Sacred Months*,9,37,Kutsal Ayları Değiştirmek,Modification des mois sacrés*,Veränderung der heiligen Monate*,Mengubah Bulan-Bulan Suci*,تغییر ماه‌های مقدس*,புனித மாதங்களை மாற்றியமைத்தல்*,Förändring av de heliga månaderna*,Изменение священных месяцев*,পবিত্র মাসগুলো পরিবর্তন করা*,Alteración de los Meses Sagrados*.,مقدس مہینوں میں تبدیلی*
1282,9:40,God's Invisible Soldiers,9,40,Tanrı'nın Görünmez Askerleri,Les soldats invisibles de Dieu,Gottes unsichtbare Soldaten,Askar Tak Terlihat Tuhan,سربازان نامرئی خدا,"கண்களுக்குத் தென்படாத,கடவுளின் படைவீரர்கள்",Guds osynliga soldater,Невидимые солдаты Бога,ঈশ্বরের অদৃশ্য সৈনিকরা,Los soldados invisibles de Dios,خدا کے پوشیدہ سپاہی
1283,9:41,Better Believers Strive in the Cause of God,9,41,Daha İyi Olan İmanlılar Tanrı Uğrunda Çaba Sarf Ederler,Les meilleurs croyants s'efforcent de défendre la cause de Dieu,Bessergläubige streben nach der Sache Gottes,Para mukmin yang lebih baik berusaha dalam perjuangan Allah.,مؤمنان بهتر در راه خدا تلاش می‌کنند,சிறந்த நம்பிக்கையாளர்கள் கடவுளின் நிமித்தம் பாடுபடுகின்றனர்,Bättre troende kämpar för Guds sak,Лучшие верующие стараются во имя Бога,সর্বাধিক বিশ্বাসীরা ঈশ্বরের পথে সংগ্রাম করে।,Los mejores creyentes luchan por la causa de Dios,بہتر مومن اللہ کی راہ میں کوشش کرتے ہیں
1284,9:42,The Sedentary,9,42,Yerinden Kalkmayan,La sédentarité,Der Sesshafte,Yang Sedenter,کمی‌تحرک,உட்கார்ந்து கொண்டவர்கள்,Den stillasittande,Сидячий образ жизни,অবসাদগ্রস্ত,El sedentario,بیٹھا رہنے والا
1296,9:54,The Contact Prayer Existed Before Muhammad*,9,54,İletişim Duası Muhammed'den Önce de Vardı,La prière de contact existait avant Mahomet*,Das Kontaktgebet gab es schon vor Mohammed*.,Doa Kontak Wujud Sebelum Muhammad*,دعاى تماس پیش از محمد* وجود داشت,முஹம்மதுக்கு முன்னரே தொடர்புத் தொழுகை இருந்தது*,Kontaktbönen fanns redan före Muhammed*,Контактная молитва существовала и до Мухаммада*.,যোগাযোগের প্রার্থনা মুহাম্মদ*-এর আগে থেকেই বিদ্যমান ছিল,La oración de contacto existía antes de Mahoma*.,مُحَمَّد* سے پہلے رابطے کی دعا موجود تھی۔
1297,9:55,Apparent Worldly Success,9,55,Görünür Dünyevi Başarı,Réussite apparente dans le monde,Scheinbarer weltlicher Erfolg,Kejayaan Duniawi yang Nampaknya,موفقیت ظاهری دنیوی,போலியான உலகியல் வெற்றி,Till synes världslig framgång,Кажущийся мирской успех,প্রকাশ্য পার্থিব সাফল্য,Aparente éxito mundano,ظاہری دنیاوی کامیابی
1302,9:60,Distribution System for Charities,9,60,Bağışların Dağıtım Sistemi,Système de distribution pour les organisations caritatives,Verteilungssystem für Wohltätigkeitsorganisationen,Sistem Pengedaran untuk Badan Kebajikan,سامانه توزیع برای مؤسسات خیریه,தர்மங்களுக்குரிய பங்கீட்டு வழிமுறை,Distributionssystem för välgörenhetsorganisationer,Система распределения для благотворительных организаций,দাতব্য সংস্থাগুলির জন্য বিতরণ ব্যবস্থা,Sistema de distribución para organizaciones benéficas,خیراتی اداروں کے لیے تقسیم کا نظام
1305,9:63,Retribution for Opposing God and His Messenger,9,63,Tanrı'ya ve Elçisine Muhalefet Etmenin Cezası,Le châtiment pour s'être opposé à Dieu et à son messager,Vergeltung für den Widerstand gegen Gott und seinen Gesandten,Balasan atas menentang Allah dan Rasul-Nya,کیفر مخالفت با خدا و پیامبرش,கடவுள் மற்றும் அவருடைய தூதரை எதிர்ப்பதற்குரிய தண்டனை,Straff för att motsätta sig Gud och Hans sändebud,Воздаяние за противление Богу и Его посланнику,আল্লাহ ও তাঁর রাসূলের বিরোধিতার প্রতিদান,Castigo por oponerse a Dios y a Su Mensajero,اللہ اور اس کے رسول کی مخالفت کا بدلہ
1306,9:64,The Hypocrites,9,64,İkiyüzlüler,Les hypocrites,Die Heuchler,Para Munafik,ریاکاران,நயவஞ்சகர்கள்,Hycklarna,Лицемеры,ভণ্ডরা,Los hipócritas,ریاکار
1311,9:69,God's System Does Not Change,9,69,Tanrı'nın Sistemi Değişmez,Le système de Dieu ne change pas,Gottes System ändert sich nicht,Sistem Tuhan tidak berubah,نظام خدا تغییر نمی‌کند,கடவுளின் வழிமுறை மாறுவதில்லை,Guds system förändras inte,Божья система не меняется,ঈশ্বরের ব্যবস্থা পরিবর্তন হয় না,El sistema de Dios no cambia,خدا کا نظام نہیں بدلتا
1312,9:70,The Losers,9,70,Kaybedenler,Les perdants,Die Verlierer,Para Pecundang,بازنده‌ها,நஷ்டவாளிகள்,Förlorarna,Неудачники,পরাজিতরা,Los perdedores,ہارے ہوئے لوگ
1313,9:71,The Winners,9,71,Kazananlar,Les gagnants,Die Preisträger,Para Pemenang,برندگان,வெற்றியாளர்கள்,Vinnarna,Победители,বিজয়ীরা,Los ganadores,فاتحین
1315,9:73,You Shall Be Stern With the Disbelievers,9,73,İnkârcılara Karşı Amansız Ol,Tu seras sévère avec les mécréants,Du sollst streng sein mit den Ungläubigen,Kamu hendak bersikap tegas terhadap orang-orang kafir.,با کافران سختگیر باشید,நம்பமறுப்பவர்களுடன் நீங்கள் கண்டிப்போடு இருக்க வேண்டும்,Du skall vara sträng mot de vantroende,Вы будете суровы с неверующими,অবিশ্বাসীদের প্রতি কঠোর হও,Serás severo con los infieles,تم کافروں کے ساتھ سخت رہو
1322,9:80,Satan's Most Effective Bait: The Myth of Intercession*,9,80,Şeytan'ın En Etkili Yemi: Şefaat Efsanesi,L'appât le plus efficace de Satan : le mythe de l'intercession*,Satans wirkungsvollster Köder: Der Mythos der Fürbitte*,Umpan Paling Berkesan Iblis: Mitos Syafaat*,مؤثرترین طعمه شیطان: افسانه شفاعت*,சாத்தானின் மிகத்திறன் வாய்ந்த தூண்டில் இரை: பரிந்துரை எனும் மாயை*,Satans mest effektiva bete: Myten om förbön*,Самая эффективная приманка сатаны: миф о заступничестве*,শয়তানের সবচেয়ে কার্যকর ফাঁদ: শাফাআতের মিথ*,El cebo más eficaz de Satanás: el mito de la intercesión*.,شیطان کا سب سے مؤثر جال: شفاعت کا افسانہ*
1327,9:85,Worldly Materials Are Nil,9,85,Dünya Menfaatleri Bir Hiçtir,Les matériaux du monde sont nuls,Weltliche Materialien sind nicht vorhanden,Barang-barang duniawi tidak ada apa-apa,اموال دنیوی هیچ‌اند,இவ்வுலகப் பொருட்கள் ஒன்றுமேயில்லை,Världliga material är noll,Мирские материалы не нужны,দুনিয়াবি বিষয়গুলো শূন্য,Los materiales mundanos son nulos,دنیاوی اشیاء بے معنی ہیں
1330,9:88,True Believers are Eager to Strive,9,88,Gerçek İmanlılar Çaba Göstermeye Şevklidirler,Les vrais croyants sont désireux de faire des efforts,Wahre Gläubige sind eifrig am Streben,Para Pengikut Sejati Bersemangat untuk Berjuang,مؤمنان واقعی مشتاق تلاش‌اند,உண்மையான நம்பிக்கையாளர்கள் பாடுபடுவதற்கு ஆர்வத்துடன் உள்ளனர்,Sanna troende är angelägna om att sträva,Истинно верующие стремятся к успеху,সত্যিকারী বিশ্বাসীরা প্রচেষ্টা চালাতে উৎসাহী।,Los verdaderos creyentes están dispuestos a esforzarse,سچے مومن جدوجہد کے لیے بےتاب ہیں۔
1336,9:94,Hard Times Serve to Expose the Hypocrites,9,94,Zor Zamanlar İkiyüzlüleri İfşa Etme Hizmeti Görür,Les temps difficiles révèlent les hypocrites,"Harte Zeiten dienen dazu, die Heuchler zu entlarven",Masa sukar mendedahkan munafik.,دوران سخت، ریاکاران را برملا می‌کند,கஷ்ட காலங்கள் நயவஞ்சகர்களை வெளிப்படுத்த துணை செய்கின்றன,Hårda tider avslöjar hycklarna,Тяжелые времена служат для разоблачения лицемеров,কঠিন সময় ভণ্ডদের উন্মোচন করে,Los tiempos difíciles sirven para desenmascarar a los hipócritas,مشکل وقت منافقین کو بے نقاب کرتا ہے۔
1339,9:97,The Arabs,9,97,Araplar,Les Arabes,Die Araber,Orang Arab,عرب‌ها,அரேபியர்கள்,Araberna,Арабы,আরবরা,Los árabes,عرب